197,223,216,232
141,205,214,181
145,195,233,196
229,194,137,217
232,209,210,219
163,98,107,108
115,38,37,36
195,212,236,233
156,174,172,126
234,148,105,181
46,45,171,124
194,229,237,222
172,69,68,67
217,137,208,221
231,220,191,244
73,72,71,112
187,193,219,210
45,178,190,171
224,149,144,180
231,190,192,220
71,70,174,112
51,93,129,52
233,236,238,246
238,236,249,242
191,220,151,89
94,102,4,3
100,163,108,111
117,99,97,150
235,186,140,154
247,133,162,189
114,194,222,153
164,100,111,158
162,133,1,0
196,144,130,152
155,7,6,109
225,201,207,147
33,32,107,169
190,178,150,192
175,102,147,207
42,41,98,163
215,180,144,196
152,130,77,101
149,203,104,125
235,110,124,171
186,244,237,230
44,43,100,164
66,65,116,126
247,2,1,133
227,224,246,238
0,83,104,162
40,39,38,115
154,140,93,134
97,27,26,120
246,215,196,233
77,156,173,101
194,114,85,137
244,191,222,237
218,182,228,243
64,84,195,145
124,110,49,48
155,207,201,96
108,107,32,31
220,192,120,151
157,96,201,202
89,151,25,24
99,28,27,97
206,230,237,229
239,250,226,213
214,243,241,245
96,157,9,8
213,226,200,136
136,202,240,213
106,156,77,76
46,124,48,47
155,96,8,7
76,75,112,106
250,245,241,226
211,221,193,187
226,241,198,200
228,182,160,86
150,178,45,117
157,87,10,9
122,11,10,87
225,240,202,201
84,184,212,195
161,219,193,138
120,26,25,151
87,157,202,136
82,81,80,125
165,86,13,12
182,199,91,160
165,198,228,86
88,18,17,118
161,88,118,197
83,82,125,104
67,66,126,172
235,154,134,110
122,165,12,11
121,166,20,19
102,94,183,147
86,160,14,13
110,134,50,49
160,91,15,14
199,223,159,91
158,29,28,99
158,111,30,29
111,108,31,30
169,167,36,119
138,121,88,161
91,159,16,15
223,197,118,159
159,118,17,16
232,219,161,197
114,22,21,85
134,93,51,50
21,20,166,85
89,153,222,191
153,23,22,114
221,208,138,193
24,23,153,89
136,200,122,87
163,100,43,42
115,98,41,40
19,18,88,121
166,208,137,85
218,248,199,182
95,78,77,130
150,97,120,192
247,94,3,2
218,205,204,248
75,74,73,112
204,205,141,176
148,84,64,63
149,95,130,144
147,183,242,225
239,212,184,234
148,63,62,105
235,231,244,186
183,227,238,242
221,211,188,217
240,225,242,249
205,218,243,214
179,92,123,143
216,223,199,248
188,211,143,177
105,62,61,128
141,128,90,176
246,224,180,215
56,92,135,57
211,187,179,143
198,165,122,200
125,80,79,131
84,148,234,184
214,245,234,181
143,123,132,177
208,166,121,138
247,227,183,94
142,135,92,179
92,56,55,123
156,126,116,173
152,101,173,116
149,224,189,203
131,79,78,95
189,162,104,203
206,188,177,146
128,61,60,90
245,250,239,234
6,5,4,109
177,132,103,146
217,188,206,229
123,55,54,132
187,210,142,179
109,175,207,155
57,135,113,58
103,53,52,129
145,116,65,64
34,33,169,119
146,103,129,168
36,35,34,119
164,117,45,44
176,90,127,139
113,170,139,127
248,204,185,216
170,113,135,142
176,139,185,204
90,60,59,127
127,59,58,113
170,142,210,209
209,232,216,185
139,170,209,185
132,54,53,103
230,206,146,168
181,105,128,141
241,243,228,198
69,172,174,70
102,175,109,4
168,140,186,230
95,149,125,131
171,190,231,235
156,106,112,174
169,107,98,167
36,167,98,115
158,99,117,164
196,152,116,145
93,140,168,129
247,189,224,227
240,249,239,213
212,239,249,236
