0,1,2,3,4,5,6,7,8,9,10,11,16,17,18,19,12,13,14,15,24,22,21,23,20,25,26
4,5,6,7,27,28,29,30,16,17,18,19,35,36,37,38,31,32,33,34,42,40,39,41,25,43,44
27,28,29,30,45,46,47,48,35,36,37,38,53,54,55,56,49,50,51,52,60,58,57,59,43,61,62
45,46,47,48,63,64,65,66,53,54,55,56,71,72,73,74,67,68,69,70,78,76,75,77,61,79,80
63,64,65,66,81,82,83,84,71,72,73,74,89,90,91,92,85,86,87,88,96,94,93,95,79,97,98
81,82,83,84,99,100,101,102,89,90,91,92,107,108,109,110,103,104,105,106,114,112,111,113,97,115,116
117,0,3,118,119,4,7,120,121,11,122,123,126,19,127,128,124,12,15,125,132,24,130,131,129,133,134
119,4,7,120,135,27,30,136,126,19,127,128,139,38,140,141,137,31,34,138,144,42,142,143,133,145,146
135,27,30,136,147,45,48,148,139,38,140,141,151,56,152,153,149,49,52,150,156,60,154,155,145,157,158
147,45,48,148,159,63,66,160,151,56,152,153,163,74,164,165,161,67,70,162,168,78,166,167,157,169,170
159,63,66,160,171,81,84,172,163,74,164,165,175,92,176,177,173,85,88,174,180,96,178,179,169,181,182
171,81,84,172,183,99,102,184,175,92,176,177,187,110,188,189,185,103,106,186,192,114,190,191,181,193,194
195,117,118,196,197,119,120,198,199,123,200,201,204,128,205,206,202,124,125,203,210,132,208,209,207,211,212
197,119,120,198,213,135,136,214,204,128,205,206,217,141,218,219,215,137,138,216,222,144,220,221,211,223,224
213,135,136,214,225,147,148,226,217,141,218,219,229,153,230,231,227,149,150,228,234,156,232,233,223,235,236
225,147,148,226,237,159,160,238,229,153,230,231,241,165,242,243,239,161,162,240,246,168,244,245,235,247,248
237,159,160,238,249,171,172,250,241,165,242,243,253,177,254,255,251,173,174,252,258,180,256,257,247,259,260
249,171,172,250,261,183,184,262,253,177,254,255,265,189,266,267,263,185,186,264,270,192,268,269,259,271,272
273,195,196,274,275,197,198,276,277,201,278,279,282,206,283,284,280,202,203,281,288,210,286,287,285,289,290
275,197,198,276,291,213,214,292,282,206,283,284,295,219,296,297,293,215,216,294,300,222,298,299,289,301,302
291,213,214,292,303,225,226,304,295,219,296,297,307,231,308,309,305,227,228,306,312,234,310,311,301,313,314
303,225,226,304,315,237,238,316,307,231,308,309,319,243,320,321,317,239,240,318,324,246,322,323,313,325,326
315,237,238,316,327,249,250,328,319,243,320,321,331,255,332,333,329,251,252,330,336,258,334,335,325,337,338
327,249,250,328,339,261,262,340,331,255,332,333,343,267,344,345,341,263,264,342,348,270,346,347,337,349,350
351,352,1,0,353,354,5,4,355,356,8,357,360,361,16,362,358,359,13,12,366,365,364,21,363,367,368
353,354,5,4,369,370,28,27,360,361,16,362,373,374,35,375,371,372,32,31,378,377,376,39,367,379,380
369,370,28,27,381,382,46,45,373,374,35,375,385,386,53,387,383,384,50,49,390,389,388,57,379,391,392
381,382,46,45,393,394,64,63,385,386,53,387,397,398,71,399,395,396,68,67,402,401,400,75,391,403,404
393,394,64,63,405,406,82,81,397,398,71,399,409,410,89,411,407,408,86,85,414,413,412,93,403,415,416
405,406,82,81,417,418,100,99,409,410,89,411,421,422,107,423,419,420,104,103,426,425,424,111,415,427,428
429,351,0,117,430,353,4,119,431,357,121,432,434,362,126,435,433,358,12,124,438,366,437,130,436,439,440
430,353,4,119,441,369,27,135,434,362,126,435,443,375,139,444,442,371,31,137,446,378,445,142,439,447,448
441,369,27,135,449,381,45,147,443,375,139,444,451,387,151,452,450,383,49,149,454,390,453,154,447,455,456
449,381,45,147,457,393,63,159,451,387,151,452,459,399,163,460,458,395,67,161,462,402,461,166,455,463,464
457,393,63,159,465,405,81,171,459,399,163,460,467,411,175,468,466,407,85,173,470,414,469,178,463,471,472
465,405,81,171,473,417,99,183,467,411,175,468,475,423,187,476,474,419,103,185,478,426,477,190,471,479,480
481,429,117,195,482,430,119,197,483,432,199,484,486,435,204,487,485,433,124,202,490,438,489,208,488,491,492
482,430,119,197,493,441,135,213,486,435,204,487,495,444,217,496,494,442,137,215,498,446,497,220,491,499,500
493,441,135,213,501,449,147,225,495,444,217,496,503,452,229,504,502,450,149,227,506,454,505,232,499,507,508
501,449,147,225,509,457,159,237,503,452,229,504,511,460,241,512,510,458,161,239,514,462,513,244,507,515,516
509,457,159,237,517,465,171,249,511,460,241,512,519,468,253,520,518,466,173,251,522,470,521,256,515,523,524
517,465,171,249,525,473,183,261,519,468,253,520,527,476,265,528,526,474,185,263,530,478,529,268,523,531,532
533,481,195,273,534,482,197,275,535,484,277,536,538,487,282,539,537,485,202,280,542,490,541,286,540,543,544
534,482,197,275,545,493,213,291,538,487,282,539,547,496,295,548,546,494,215,293,550,498,549,298,543,551,552
545,493,213,291,553,501,225,303,547,496,295,548,555,504,307,556,554,502,227,305,558,506,557,310,551,559,560
553,501,225,303,561,509,237,315,555,504,307,556,563,512,319,564,562,510,239,317,566,514,565,322,559,567,568
561,509,237,315,569,517,249,327,563,512,319,564,571,520,331,572,570,518,251,329,574,522,573,334,567,575,576
569,517,249,327,577,525,261,339,571,520,331,572,579,528,343,580,578,526,263,341,582,530,581,346,575,583,584
585,586,352,351,587,588,354,353,589,590,355,591,594,595,360,596,592,593,359,358,600,599,598,364,597,601,602
587,588,354,353,603,604,370,369,594,595,360,596,607,608,373,609,605,606,372,371,612,611,610,376,601,613,614
603,604,370,369,615,616,382,381,607,608,373,609,619,620,385,621,617,618,384,383,624,623,622,388,613,625,626
615,616,382,381,627,628,394,393,619,620,385,621,631,632,397,633,629,630,396,395,636,635,634,400,625,637,638
627,628,394,393,639,640,406,405,631,632,397,633,643,644,409,645,641,642,408,407,648,647,646,412,637,649,650
639,640,406,405,651,652,418,417,643,644,409,645,655,656,421,657,653,654,420,419,660,659,658,424,649,661,662
663,585,351,429,664,587,353,430,665,591,431,666,668,596,434,669,667,592,358,433,672,600,671,437,670,673,674
664,587,353,430,675,603,369,441,668,596,434,669,677,609,443,678,676,605,371,442,680,612,679,445,673,681,682
675,603,369,441,683,615,381,449,677,609,443,678,685,621,451,686,684,617,383,450,688,624,687,453,681,689,690
683,615,381,449,691,627,393,457,685,621,451,686,693,633,459,694,692,629,395,458,696,636,695,461,689,697,698
691,627,393,457,699,639,405,465,693,633,459,694,701,645,467,702,700,641,407,466,704,648,703,469,697,705,706
699,639,405,465,707,651,417,473,701,645,467,702,709,657,475,710,708,653,419,474,712,660,711,477,705,713,714
715,663,429,481,716,664,430,482,717,666,483,718,720,669,486,721,719,667,433,485,724,672,723,489,722,725,726
716,664,430,482,727,675,441,493,720,669,486,721,729,678,495,730,728,676,442,494,732,680,731,497,725,733,734
727,675,441,493,735,683,449,501,729,678,495,730,737,686,503,738,736,684,450,502,740,688,739,505,733,741,742
735,683,449,501,743,691,457,509,737,686,503,738,745,694,511,746,744,692,458,510,748,696,747,513,741,749,750
743,691,457,509,751,699,465,517,745,694,511,746,753,702,519,754,752,700,466,518,756,704,755,521,749,757,758
751,699,465,517,759,707,473,525,753,702,519,754,761,710,527,762,760,708,474,526,764,712,763,529,757,765,766
767,715,481,533,768,716,482,534,769,718,535,770,772,721,538,773,771,719,485,537,776,724,775,541,774,777,778
768,716,482,534,779,727,493,545,772,721,538,773,781,730,547,782,780,728,494,546,784,732,783,549,777,785,786
779,727,493,545,787,735,501,553,781,730,547,782,789,738,555,790,788,736,502,554,792,740,791,557,785,793,794
787,735,501,553,795,743,509,561,789,738,555,790,797,746,563,798,796,744,510,562,800,748,799,565,793,801,802
795,743,509,561,803,751,517,569,797,746,563,798,805,754,571,806,804,752,518,570,808,756,807,573,801,809,810
803,751,517,569,811,759,525,577,805,754,571,806,813,762,579,814,812,760,526,578,816,764,815,581,809,817,818
819,820,586,585,821,822,588,587,823,824,589,825,828,829,594,830,826,827,593,592,834,833,832,598,831,835,836
821,822,588,587,837,838,604,603,828,829,594,830,841,842,607,843,839,840,606,605,846,845,844,610,835,847,848
837,838,604,603,849,850,616,615,841,842,607,843,853,854,619,855,851,852,618,617,858,857,856,622,847,859,860
849,850,616,615,861,862,628,627,853,854,619,855,865,866,631,867,863,864,630,629,870,869,868,634,859,871,872
861,862,628,627,873,874,640,639,865,866,631,867,877,878,643,879,875,876,642,641,882,881,880,646,871,883,884
873,874,640,639,885,886,652,651,877,878,643,879,889,890,655,891,887,888,654,653,894,893,892,658,883,895,896
897,819,585,663,898,821,587,664,899,825,665,900,902,830,668,903,901,826,592,667,906,834,905,671,904,907,908
898,821,587,664,909,837,603,675,902,830,668,903,911,843,677,912,910,839,605,676,914,846,913,679,907,915,916
909,837,603,675,917,849,615,683,911,843,677,912,919,855,685,920,918,851,617,684,922,858,921,687,915,923,924
917,849,615,683,925,861,627,691,919,855,685,920,927,867,693,928,926,863,629,692,930,870,929,695,923,931,932
925,861,627,691,933,873,639,699,927,867,693,928,935,879,701,936,934,875,641,700,938,882,937,703,931,939,940
933,873,639,699,941,885,651,707,935,879,701,936,943,891,709,944,942,887,653,708,946,894,945,711,939,947,948
949,897,663,715,950,898,664,716,951,900,717,952,954,903,720,955,953,901,667,719,958,906,957,723,956,959,960
950,898,664,716,961,909,675,727,954,903,720,955,963,912,729,964,962,910,676,728,966,914,965,731,959,967,968
961,909,675,727,969,917,683,735,963,912,729,964,971,920,737,972,970,918,684,736,974,922,973,739,967,975,976
969,917,683,735,977,925,691,743,971,920,737,972,979,928,745,980,978,926,692,744,982,930,981,747,975,983,984
977,925,691,743,985,933,699,751,979,928,745,980,987,936,753,988,986,934,700,752,990,938,989,755,983,991,992
985,933,699,751,993,941,707,759,987,936,753,988,995,944,761,996,994,942,708,760,998,946,997,763,991,999,1000
1001,949,715,767,1002,950,716,768,1003,952,769,1004,1006,955,772,1007,1005,953,719,771,1010,958,1009,775,1008,1011,1012
1002,950,716,768,1013,961,727,779,1006,955,772,1007,1015,964,781,1016,1014,962,728,780,1018,966,1017,783,1011,1019,1020
1013,961,727,779,1021,969,735,787,1015,964,781,1016,1023,972,789,1024,1022,970,736,788,1026,974,1025,791,1019,1027,1028
1021,969,735,787,1029,977,743,795,1023,972,789,1024,1031,980,797,1032,1030,978,744,796,1034,982,1033,799,1027,1035,1036
1029,977,743,795,1037,985,751,803,1031,980,797,1032,1039,988,805,1040,1038,986,752,804,1042,990,1041,807,1035,1043,1044
1037,985,751,803,1045,993,759,811,1039,988,805,1040,1047,996,813,1048,1046,994,760,812,1050,998,1049,815,1043,1051,1052
2,1,1053,1054,6,5,1055,1056,9,1057,1058,1059,17,1062,1063,1064,14,13,1060,1061,1068,1066,22,1067,1065,1069,1070
6,5,1055,1056,29,28,1071,1072,17,1062,1063,1064,36,1075,1076,1077,33,32,1073,1074,1080,1078,40,1079,1069,1081,1082
29,28,1071,1072,47,46,1083,1084,36,1075,1076,1077,54,1087,1088,1089,51,50,1085,1086,1092,1090,58,1091,1081,1093,1094
47,46,1083,1084,65,64,1095,1096,54,1087,1088,1089,72,1099,1100,1101,69,68,1097,1098,1104,1102,76,1103,1093,1105,1106
65,64,1095,1096,83,82,1107,1108,72,1099,1100,1101,90,1111,1112,1113,87,86,1109,1110,1116,1114,94,1115,1105,1117,1118
83,82,1107,1108,101,100,1119,1120,90,1111,1112,1113,108,1123,1124,1125,105,104,1121,1122,1128,1126,112,1127,1117,1129,1130
1054,1053,1131,1132,1056,1055,1133,1134,1058,1135,1136,1137,1063,1140,1141,1142,1061,1060,1138,1139,1146,1144,1067,1145,1143,1147,1148
1056,1055,1133,1134,1072,1071,1149,1150,1063,1140,1141,1142,1076,1153,1154,1155,1074,1073,1151,1152,1158,1156,1079,1157,1147,1159,1160
1072,1071,1149,1150,1084,1083,1161,1162,1076,1153,1154,1155,1088,1165,1166,1167,1086,1085,1163,1164,1170,1168,1091,1169,1159,1171,1172
1084,1083,1161,1162,1096,1095,1173,1174,1088,1165,1166,1167,1100,1177,1178,1179,1098,1097,1175,1176,1182,1180,1103,1181,1171,1183,1184
1096,1095,1173,1174,1108,1107,1185,1186,1100,1177,1178,1179,1112,1189,1190,1191,1110,1109,1187,1188,1194,1192,1115,1193,1183,1195,1196
1108,1107,1185,1186,1120,1119,1197,1198,1112,1189,1190,1191,1124,1201,1202,1203,1122,1121,1199,1200,1206,1204,1127,1205,1195,1207,1208
1132,1131,1209,1210,1134,1133,1211,1212,1136,1213,1214,1215,1141,1218,1219,1220,1139,1138,1216,1217,1224,1222,1145,1223,1221,1225,1226
1134,1133,1211,1212,1150,1149,1227,1228,1141,1218,1219,1220,1154,1231,1232,1233,1152,1151,1229,1230,1236,1234,1157,1235,1225,1237,1238
1150,1149,1227,1228,1162,1161,1239,1240,1154,1231,1232,1233,1166,1243,1244,1245,1164,1163,1241,1242,1248,1246,1169,1247,1237,1249,1250
1162,1161,1239,1240,1174,1173,1251,1252,1166,1243,1244,1245,1178,1255,1256,1257,1176,1175,1253,1254,1260,1258,1181,1259,1249,1261,1262
1174,1173,1251,1252,1186,1185,1263,1264,1178,1255,1256,1257,1190,1267,1268,1269,1188,1187,1265,1266,1272,1270,1193,1271,1261,1273,1274
1186,1185,1263,1264,1198,1197,1275,1276,1190,1267,1268,1269,1202,1279,1280,1281,1200,1199,1277,1278,1284,1282,1205,1283,1273,1285,1286
1210,1209,1287,1288,1212,1211,1289,1290,1214,1291,1292,1293,1219,1296,1297,1298,1217,1216,1294,1295,1302,1300,1223,1301,1299,1303,1304
1212,1211,1289,1290,1228,1227,1305,1306,1219,1296,1297,1298,1232,1309,1310,1311,1230,1229,1307,1308,1314,1312,1235,1313,1303,1315,1316
1228,1227,1305,1306,1240,1239,1317,1318,1232,1309,1310,1311,1244,1321,1322,1323,1242,1241,1319,1320,1326,1324,1247,1325,1315,1327,1328
1240,1239,1317,1318,1252,1251,1329,1330,1244,1321,1322,1323,1256,1333,1334,1335,1254,1253,1331,1332,1338,1336,1259,1337,1327,1339,1340
1252,1251,1329,1330,1264,1263,1341,1342,1256,1333,1334,1335,1268,1345,1346,1347,1266,1265,1343,1344,1350,1348,1271,1349,1339,1351,1352
1264,1263,1341,1342,1276,1275,1353,1354,1268,1345,1346,1347,1280,1357,1358,1359,1278,1277,1355,1356,1362,1360,1283,1361,1351,1363,1364
1,352,1365,1053,5,354,1366,1055,356,1367,1368,1057,361,1370,1371,1062,13,359,1369,1060,1066,1373,365,1374,1372,1375,1376
5,354,1366,1055,28,370,1377,1071,361,1370,1371,1062,374,1379,1380,1075,32,372,1378,1073,1078,1381,377,1382,1375,1383,1384
28,370,1377,1071,46,382,1385,1083,374,1379,1380,1075,386,1387,1388,1087,50,384,1386,1085,1090,1389,389,1390,1383,1391,1392
46,382,1385,1083,64,394,1393,1095,386,1387,1388,1087,398,1395,1396,1099,68,396,1394,1097,1102,1397,401,1398,1391,1399,1400
64,394,1393,1095,82,406,1401,1107,398,1395,1396,1099,410,1403,1404,1111,86,408,1402,1109,1114,1405,413,1406,1399,1407,1408
82,406,1401,1107,100,418,1409,1119,410,1403,1404,1111,422,1411,1412,1123,104,420,1410,1121,1126,1413,425,1414,1407,1415,1416
1053,1365,1417,1131,1055,1366,1418,1133,1368,1419,1420,1135,1371,1422,1423,1140,1060,1369,1421,1138,1144,1425,1374,1426,1424,1427,1428
1055,1366,1418,1133,1071,1377,1429,1149,1371,1422,1423,1140,1380,1431,1432,1153,1073,1378,1430,1151,1156,1433,1382,1434,1427,1435,1436
1071,1377,1429,1149,1083,1385,1437,1161,1380,1431,1432,1153,1388,1439,1440,1165,1085,1386,1438,1163,1168,1441,1390,1442,1435,1443,1444
1083,1385,1437,1161,1095,1393,1445,1173,1388,1439,1440,1165,1396,1447,1448,1177,1097,1394,1446,1175,1180,1449,1398,1450,1443,1451,1452
1095,1393,1445,1173,1107,1401,1453,1185,1396,1447,1448,1177,1404,1455,1456,1189,1109,1402,1454,1187,1192,1457,1406,1458,1451,1459,1460
1107,1401,1453,1185,1119,1409,1461,1197,1404,1455,1456,1189,1412,1463,1464,1201,1121,1410,1462,1199,1204,1465,1414,1466,1459,1467,1468
1131,1417,1469,1209,1133,1418,1470,1211,1420,1471,1472,1213,1423,1474,1475,1218,1138,1421,1473,1216,1222,1477,1426,1478,1476,1479,1480
1133,1418,1470,1211,1149,1429,1481,1227,1423,1474,1475,1218,1432,1483,1484,1231,1151,1430,1482,1229,1234,1485,1434,1486,1479,1487,1488
1149,1429,1481,1227,1161,1437,1489,1239,1432,1483,1484,1231,1440,1491,1492,1243,1163,1438,1490,1241,1246,1493,1442,1494,1487,1495,1496
1161,1437,1489,1239,1173,1445,1497,1251,1440,1491,1492,1243,1448,1499,1500,1255,1175,1446,1498,1253,1258,1501,1450,1502,1495,1503,1504
1173,1445,1497,1251,1185,1453,1505,1263,1448,1499,1500,1255,1456,1507,1508,1267,1187,1454,1506,1265,1270,1509,1458,1510,1503,1511,1512
1185,1453,1505,1263,1197,1461,1513,1275,1456,1507,1508,1267,1464,1515,1516,1279,1199,1462,1514,1277,1282,1517,1466,1518,1511,1519,1520
1209,1469,1521,1287,1211,1470,1522,1289,1472,1523,1524,1291,1475,1526,1527,1296,1216,1473,1525,1294,1300,1529,1478,1530,1528,1531,1532
1211,1470,1522,1289,1227,1481,1533,1305,1475,1526,1527,1296,1484,1535,1536,1309,1229,1482,1534,1307,1312,1537,1486,1538,1531,1539,1540
1227,1481,1533,1305,1239,1489,1541,1317,1484,1535,1536,1309,1492,1543,1544,1321,1241,1490,1542,1319,1324,1545,1494,1546,1539,1547,1548
1239,1489,1541,1317,1251,1497,1549,1329,1492,1543,1544,1321,1500,1551,1552,1333,1253,1498,1550,1331,1336,1553,1502,1554,1547,1555,1556
1251,1497,1549,1329,1263,1505,1557,1341,1500,1551,1552,1333,1508,1559,1560,1345,1265,1506,1558,1343,1348,1561,1510,1562,1555,1563,1564
1263,1505,1557,1341,1275,1513,1565,1353,1508,1559,1560,1345,1516,1567,1568,1357,1277,1514,1566,1355,1360,1569,1518,1570,1563,1571,1572
352,586,1573,1365,354,588,1574,1366,590,1575,1576,1367,595,1578,1579,1370,359,593,1577,1369,1373,1581,599,1582,1580,1583,1584
354,588,1574,1366,370,604,1585,1377,595,1578,1579,1370,608,1587,1588,1379,372,606,1586,1378,1381,1589,611,1590,1583,1591,1592
370,604,1585,1377,382,616,1593,1385,608,1587,1588,1379,620,1595,1596,1387,384,618,1594,1386,1389,1597,623,1598,1591,1599,1600
382,616,1593,1385,394,628,1601,1393,620,1595,1596,1387,632,1603,1604,1395,396,630,1602,1394,1397,1605,635,1606,1599,1607,1608
394,628,1601,1393,406,640,1609,1401,632,1603,1604,1395,644,1611,1612,1403,408,642,1610,1402,1405,1613,647,1614,1607,1615,1616
406,640,1609,1401,418,652,1617,1409,644,1611,1612,1403,656,1619,1620,1411,420,654,1618,1410,1413,1621,659,1622,1615,1623,1624
1365,1573,1625,1417,1366,1574,1626,1418,1576,1627,1628,1419,1579,1630,1631,1422,1369,1577,1629,1421,1425,1633,1582,1634,1632,1635,1636
1366,1574,1626,1418,1377,1585,1637,1429,1579,1630,1631,1422,1588,1639,1640,1431,1378,1586,1638,1430,1433,1641,1590,1642,1635,1643,1644
1377,1585,1637,1429,1385,1593,1645,1437,1588,1639,1640,1431,1596,1647,1648,1439,1386,1594,1646,1438,1441,1649,1598,1650,1643,1651,1652
1385,1593,1645,1437,1393,1601,1653,1445,1596,1647,1648,1439,1604,1655,1656,1447,1394,1602,1654,1446,1449,1657,1606,1658,1651,1659,1660
1393,1601,1653,1445,1401,1609,1661,1453,1604,1655,1656,1447,1612,1663,1664,1455,1402,1610,1662,1454,1457,1665,1614,1666,1659,1667,1668
1401,1609,1661,1453,1409,1617,1669,1461,1612,1663,1664,1455,1620,1671,1672,1463,1410,1618,1670,1462,1465,1673,1622,1674,1667,1675,1676
1417,1625,1677,1469,1418,1626,1678,1470,1628,1679,1680,1471,1631,1682,1683,1474,1421,1629,1681,1473,1477,1685,1634,1686,1684,1687,1688
1418,1626,1678,1470,1429,1637,1689,1481,1631,1682,1683,1474,1640,1691,1692,1483,1430,1638,1690,1482,1485,1693,1642,1694,1687,1695,1696
1429,1637,1689,1481,1437,1645,1697,1489,1640,1691,1692,1483,1648,1699,1700,1491,1438,1646,1698,1490,1493,1701,1650,1702,1695,1703,1704
1437,1645,1697,1489,1445,1653,1705,1497,1648,1699,1700,1491,1656,1707,1708,1499,1446,1654,1706,1498,1501,1709,1658,1710,1703,1711,1712
1445,1653,1705,1497,1453,1661,1713,1505,1656,1707,1708,1499,1664,1715,1716,1507,1454,1662,1714,1506,1509,1717,1666,1718,1711,1719,1720
1453,1661,1713,1505,1461,1669,1721,1513,1664,1715,1716,1507,1672,1723,1724,1515,1462,1670,1722,1514,1517,1725,1674,1726,1719,1727,1728
1469,1677,1729,1521,1470,1678,1730,1522,1680,1731,1732,1523,1683,1734,1735,1526,1473,1681,1733,1525,1529,1737,1686,1738,1736,1739,1740
1470,1678,1730,1522,1481,1689,1741,1533,1683,1734,1735,1526,1692,1743,1744,1535,1482,1690,1742,1534,1537,1745,1694,1746,1739,1747,1748
1481,1689,1741,1533,1489,1697,1749,1541,1692,1743,1744,1535,1700,1751,1752,1543,1490,1698,1750,1542,1545,1753,1702,1754,1747,1755,1756
1489,1697,1749,1541,1497,1705,1757,1549,1700,1751,1752,1543,1708,1759,1760,1551,1498,1706,1758,1550,1553,1761,1710,1762,1755,1763,1764
1497,1705,1757,1549,1505,1713,1765,1557,1708,1759,1760,1551,1716,1767,1768,1559,1506,1714,1766,1558,1561,1769,1718,1770,1763,1771,1772
1505,1713,1765,1557,1513,1721,1773,1565,1716,1767,1768,1559,1724,1775,1776,1567,1514,1722,1774,1566,1569,1777,1726,1778,1771,1779,1780
586,820,1781,1573,588,822,1782,1574,824,1783,1784,1575,829,1786,1787,1578,593,827,1785,1577,1581,1789,833,1790,1788,1791,1792
588,822,1782,1574,604,838,1793,1585,829,1786,1787,1578,842,1795,1796,1587,606,840,1794,1586,1589,1797,845,1798,1791,1799,1800
604,838,1793,1585,616,850,1801,1593,842,1795,1796,1587,854,1803,1804,1595,618,852,1802,1594,1597,1805,857,1806,1799,1807,1808
616,850,1801,1593,628,862,1809,1601,854,1803,1804,1595,866,1811,1812,1603,630,864,1810,1602,1605,1813,869,1814,1807,1815,1816
628,862,1809,1601,640,874,1817,1609,866,1811,1812,1603,878,1819,1820,1611,642,876,1818,1610,1613,1821,881,1822,1815,1823,1824
640,874,1817,1609,652,886,1825,1617,878,1819,1820,1611,890,1827,1828,1619,654,888,1826,1618,1621,1829,893,1830,1823,1831,1832
1573,1781,1833,1625,1574,1782,1834,1626,1784,1835,1836,1627,1787,1838,1839,1630,1577,1785,1837,1629,1633,1841,1790,1842,1840,1843,1844
1574,1782,1834,1626,1585,1793,1845,1637,1787,1838,1839,1630,1796,1847,1848,1639,1586,1794,1846,1638,1641,1849,1798,1850,1843,1851,1852
1585,1793,1845,1637,1593,1801,1853,1645,1796,1847,1848,1639,1804,1855,1856,1647,1594,1802,1854,1646,1649,1857,1806,1858,1851,1859,1860
1593,1801,1853,1645,1601,1809,1861,1653,1804,1855,1856,1647,1812,1863,1864,1655,1602,1810,1862,1654,1657,1865,1814,1866,1859,1867,1868
1601,1809,1861,1653,1609,1817,1869,1661,1812,1863,1864,1655,1820,1871,1872,1663,1610,1818,1870,1662,1665,1873,1822,1874,1867,1875,1876
1609,1817,1869,1661,1617,1825,1877,1669,1820,1871,1872,1663,1828,1879,1880,1671,1618,1826,1878,1670,1673,1881,1830,1882,1875,1883,1884
1625,1833,1885,1677,1626,1834,1886,1678,1836,1887,1888,1679,1839,1890,1891,1682,1629,1837,1889,1681,1685,1893,1842,1894,1892,1895,1896
1626,1834,1886,1678,1637,1845,1897,1689,1839,1890,1891,1682,1848,1899,1900,1691,1638,1846,1898,1690,1693,1901,1850,1902,1895,1903,1904
1637,1845,1897,1689,1645,1853,1905,1697,1848,1899,1900,1691,1856,1907,1908,1699,1646,1854,1906,1698,1701,1909,1858,1910,1903,1911,1912
1645,1853,1905,1697,1653,1861,1913,1705,1856,1907,1908,1699,1864,1915,1916,1707,1654,1862,1914,1706,1709,1917,1866,1918,1911,1919,1920
1653,1861,1913,1705,1661,1869,1921,1713,1864,1915,1916,1707,1872,1923,1924,1715,1662,1870,1922,1714,1717,1925,1874,1926,1919,1927,1928
1661,1869,1921,1713,1669,1877,1929,1721,1872,1923,1924,1715,1880,1931,1932,1723,1670,1878,1930,1722,1725,1933,1882,1934,1927,1935,1936
1677,1885,1937,1729,1678,1886,1938,1730,1888,1939,1940,1731,1891,1942,1943,1734,1681,1889,1941,1733,1737,1945,1894,1946,1944,1947,1948
1678,1886,1938,1730,1689,1897,1949,1741,1891,1942,1943,1734,1900,1951,1952,1743,1690,1898,1950,1742,1745,1953,1902,1954,1947,1955,1956
1689,1897,1949,1741,1697,1905,1957,1749,1900,1951,1952,1743,1908,1959,1960,1751,1698,1906,1958,1750,1753,1961,1910,1962,1955,1963,1964
1697,1905,1957,1749,1705,1913,1965,1757,1908,1959,1960,1751,1916,1967,1968,1759,1706,1914,1966,1758,1761,1969,1918,1970,1963,1971,1972
1705,1913,1965,1757,1713,1921,1973,1765,1916,1967,1968,1759,1924,1975,1976,1767,1714,1922,1974,1766,1769,1977,1926,1978,1971,1979,1980
1713,1921,1973,1765,1721,1929,1981,1773,1924,1975,1976,1767,1932,1983,1984,1775,1722,1930,1982,1774,1777,1985,1934,1986,1979,1987,1988
820,819,1989,1781,822,821,1990,1782,823,1991,1992,1783,828,1994,1995,1786,827,826,1993,1785,1789,1997,832,1998,1996,1999,2000
822,821,1990,1782,838,837,2001,1793,828,1994,1995,1786,841,2003,2004,1795,840,839,2002,1794,1797,2005,844,2006,1999,2007,2008
838,837,2001,1793,850,849,2009,1801,841,2003,2004,1795,853,2011,2012,1803,852,851,2010,1802,1805,2013,856,2014,2007,2015,2016
850,849,2009,1801,862,861,2017,1809,853,2011,2012,1803,865,2019,2020,1811,864,863,2018,1810,1813,2021,868,2022,2015,2023,2024
862,861,2017,1809,874,873,2025,1817,865,2019,2020,1811,877,2027,2028,1819,876,875,2026,1818,1821,2029,880,2030,2023,2031,2032
874,873,2025,1817,886,885,2033,1825,877,2027,2028,1819,889,2035,2036,1827,888,887,2034,1826,1829,2037,892,2038,2031,2039,2040
1781,1989,2041,1833,1782,1990,2042,1834,1992,2043,2044,1835,1995,2046,2047,1838,1785,1993,2045,1837,1841,2049,1998,2050,2048,2051,2052
1782,1990,2042,1834,1793,2001,2053,1845,1995,2046,2047,1838,2004,2055,2056,1847,1794,2002,2054,1846,1849,2057,2006,2058,2051,2059,2060
1793,2001,2053,1845,1801,2009,2061,1853,2004,2055,2056,1847,2012,2063,2064,1855,1802,2010,2062,1854,1857,2065,2014,2066,2059,2067,2068
1801,2009,2061,1853,1809,2017,2069,1861,2012,2063,2064,1855,2020,2071,2072,1863,1810,2018,2070,1862,1865,2073,2022,2074,2067,2075,2076
1809,2017,2069,1861,1817,2025,2077,1869,2020,2071,2072,1863,2028,2079,2080,1871,1818,2026,2078,1870,1873,2081,2030,2082,2075,2083,2084
1817,2025,2077,1869,1825,2033,2085,1877,2028,2079,2080,1871,2036,2087,2088,1879,1826,2034,2086,1878,1881,2089,2038,2090,2083,2091,2092
1833,2041,2093,1885,1834,2042,2094,1886,2044,2095,2096,1887,2047,2098,2099,1890,1837,2045,2097,1889,1893,2101,2050,2102,2100,2103,2104
1834,2042,2094,1886,1845,2053,2105,1897,2047,2098,2099,1890,2056,2107,2108,1899,1846,2054,2106,1898,1901,2109,2058,2110,2103,2111,2112
1845,2053,2105,1897,1853,2061,2113,1905,2056,2107,2108,1899,2064,2115,2116,1907,1854,2062,2114,1906,1909,2117,2066,2118,2111,2119,2120
1853,2061,2113,1905,1861,2069,2121,1913,2064,2115,2116,1907,2072,2123,2124,1915,1862,2070,2122,1914,1917,2125,2074,2126,2119,2127,2128
1861,2069,2121,1913,1869,2077,2129,1921,2072,2123,2124,1915,2080,2131,2132,1923,1870,2078,2130,1922,1925,2133,2082,2134,2127,2135,2136
1869,2077,2129,1921,1877,2085,2137,1929,2080,2131,2132,1923,2088,2139,2140,1931,1878,2086,2138,1930,1933,2141,2090,2142,2135,2143,2144
1885,2093,2145,1937,1886,2094,2146,1938,2096,2147,2148,1939,2099,2150,2151,1942,1889,2097,2149,1941,1945,2153,2102,2154,2152,2155,2156
1886,2094,2146,1938,1897,2105,2157,1949,2099,2150,2151,1942,2108,2159,2160,1951,1898,2106,2158,1950,1953,2161,2110,2162,2155,2163,2164
1897,2105,2157,1949,1905,2113,2165,1957,2108,2159,2160,1951,2116,2167,2168,1959,1906,2114,2166,1958,1961,2169,2118,2170,2163,2171,2172
1905,2113,2165,1957,1913,2121,2173,1965,2116,2167,2168,1959,2124,2175,2176,1967,1914,2122,2174,1966,1969,2177,2126,2178,2171,2179,2180
1913,2121,2173,1965,1921,2129,2181,1973,2124,2175,2176,1967,2132,2183,2184,1975,1922,2130,2182,1974,1977,2185,2134,2186,2179,2187,2188
1921,2129,2181,1973,1929,2137,2189,1981,2132,2183,2184,1975,2140,2191,2192,1983,1930,2138,2190,1982,1985,2193,2142,2194,2187,2195,2196
819,897,2197,1989,821,898,2198,1990,899,2199,2200,1991,902,2202,2203,1994,826,901,2201,1993,1997,2205,905,2206,2204,2207,2208
821,898,2198,1990,837,909,2209,2001,902,2202,2203,1994,911,2211,2212,2003,839,910,2210,2002,2005,2213,913,2214,2207,2215,2216
837,909,2209,2001,849,917,2217,2009,911,2211,2212,2003,919,2219,2220,2011,851,918,2218,2010,2013,2221,921,2222,2215,2223,2224
849,917,2217,2009,861,925,2225,2017,919,2219,2220,2011,927,2227,2228,2019,863,926,2226,2018,2021,2229,929,2230,2223,2231,2232
861,925,2225,2017,873,933,2233,2025,927,2227,2228,2019,935,2235,2236,2027,875,934,2234,2026,2029,2237,937,2238,2231,2239,2240
873,933,2233,2025,885,941,2241,2033,935,2235,2236,2027,943,2243,2244,2035,887,942,2242,2034,2037,2245,945,2246,2239,2247,2248
1989,2197,2249,2041,1990,2198,2250,2042,2200,2251,2252,2043,2203,2254,2255,2046,1993,2201,2253,2045,2049,2257,2206,2258,2256,2259,2260
1990,2198,2250,2042,2001,2209,2261,2053,2203,2254,2255,2046,2212,2263,2264,2055,2002,2210,2262,2054,2057,2265,2214,2266,2259,2267,2268
2001,2209,2261,2053,2009,2217,2269,2061,2212,2263,2264,2055,2220,2271,2272,2063,2010,2218,2270,2062,2065,2273,2222,2274,2267,2275,2276
2009,2217,2269,2061,2017,2225,2277,2069,2220,2271,2272,2063,2228,2279,2280,2071,2018,2226,2278,2070,2073,2281,2230,2282,2275,2283,2284
2017,2225,2277,2069,2025,2233,2285,2077,2228,2279,2280,2071,2236,2287,2288,2079,2026,2234,2286,2078,2081,2289,2238,2290,2283,2291,2292
2025,2233,2285,2077,2033,2241,2293,2085,2236,2287,2288,2079,2244,2295,2296,2087,2034,2242,2294,2086,2089,2297,2246,2298,2291,2299,2300
2041,2249,2301,2093,2042,2250,2302,2094,2252,2303,2304,2095,2255,2306,2307,2098,2045,2253,2305,2097,2101,2309,2258,2310,2308,2311,2312
2042,2250,2302,2094,2053,2261,2313,2105,2255,2306,2307,2098,2264,2315,2316,2107,2054,2262,2314,2106,2109,2317,2266,2318,2311,2319,2320
2053,2261,2313,2105,2061,2269,2321,2113,2264,2315,2316,2107,2272,2323,2324,2115,2062,2270,2322,2114,2117,2325,2274,2326,2319,2327,2328
2061,2269,2321,2113,2069,2277,2329,2121,2272,2323,2324,2115,2280,2331,2332,2123,2070,2278,2330,2122,2125,2333,2282,2334,2327,2335,2336
2069,2277,2329,2121,2077,2285,2337,2129,2280,2331,2332,2123,2288,2339,2340,2131,2078,2286,2338,2130,2133,2341,2290,2342,2335,2343,2344
2077,2285,2337,2129,2085,2293,2345,2137,2288,2339,2340,2131,2296,2347,2348,2139,2086,2294,2346,2138,2141,2349,2298,2350,2343,2351,2352
2093,2301,2353,2145,2094,2302,2354,2146,2304,2355,2356,2147,2307,2358,2359,2150,2097,2305,2357,2149,2153,2361,2310,2362,2360,2363,2364
2094,2302,2354,2146,2105,2313,2365,2157,2307,2358,2359,2150,2316,2367,2368,2159,2106,2314,2366,2158,2161,2369,2318,2370,2363,2371,2372
2105,2313,2365,2157,2113,2321,2373,2165,2316,2367,2368,2159,2324,2375,2376,2167,2114,2322,2374,2166,2169,2377,2326,2378,2371,2379,2380
2113,2321,2373,2165,2121,2329,2381,2173,2324,2375,2376,2167,2332,2383,2384,2175,2122,2330,2382,2174,2177,2385,2334,2386,2379,2387,2388
2121,2329,2381,2173,2129,2337,2389,2181,2332,2383,2384,2175,2340,2391,2392,2183,2130,2338,2390,2182,2185,2393,2342,2394,2387,2395,2396
2129,2337,2389,2181,2137,2345,2397,2189,2340,2391,2392,2183,2348,2399,2400,2191,2138,2346,2398,2190,2193,2401,2350,2402,2395,2403,2404
897,949,2405,2197,898,950,2406,2198,951,2407,2408,2199,954,2410,2411,2202,901,953,2409,2201,2205,2413,957,2414,2412,2415,2416
898,950,2406,2198,909,961,2417,2209,954,2410,2411,2202,963,2419,2420,2211,910,962,2418,2210,2213,2421,965,2422,2415,2423,2424
909,961,2417,2209,917,969,2425,2217,963,2419,2420,2211,971,2427,2428,2219,918,970,2426,2218,2221,2429,973,2430,2423,2431,2432
917,969,2425,2217,925,977,2433,2225,971,2427,2428,2219,979,2435,2436,2227,926,978,2434,2226,2229,2437,981,2438,2431,2439,2440
925,977,2433,2225,933,985,2441,2233,979,2435,2436,2227,987,2443,2444,2235,934,986,2442,2234,2237,2445,989,2446,2439,2447,2448
933,985,2441,2233,941,993,2449,2241,987,2443,2444,2235,995,2451,2452,2243,942,994,2450,2242,2245,2453,997,2454,2447,2455,2456
2197,2405,2457,2249,2198,2406,2458,2250,2408,2459,2460,2251,2411,2462,2463,2254,2201,2409,2461,2253,2257,2465,2414,2466,2464,2467,2468
2198,2406,2458,2250,2209,2417,2469,2261,2411,2462,2463,2254,2420,2471,2472,2263,2210,2418,2470,2262,2265,2473,2422,2474,2467,2475,2476
2209,2417,2469,2261,2217,2425,2477,2269,2420,2471,2472,2263,2428,2479,2480,2271,2218,2426,2478,2270,2273,2481,2430,2482,2475,2483,2484
2217,2425,2477,2269,2225,2433,2485,2277,2428,2479,2480,2271,2436,2487,2488,2279,2226,2434,2486,2278,2281,2489,2438,2490,2483,2491,2492
2225,2433,2485,2277,2233,2441,2493,2285,2436,2487,2488,2279,2444,2495,2496,2287,2234,2442,2494,2286,2289,2497,2446,2498,2491,2499,2500
2233,2441,2493,2285,2241,2449,2501,2293,2444,2495,2496,2287,2452,2503,2504,2295,2242,2450,2502,2294,2297,2505,2454,2506,2499,2507,2508
2249,2457,2509,2301,2250,2458,2510,2302,2460,2511,2512,2303,2463,2514,2515,2306,2253,2461,2513,2305,2309,2517,2466,2518,2516,2519,2520
2250,2458,2510,2302,2261,2469,2521,2313,2463,2514,2515,2306,2472,2523,2524,2315,2262,2470,2522,2314,2317,2525,2474,2526,2519,2527,2528
2261,2469,2521,2313,2269,2477,2529,2321,2472,2523,2524,2315,2480,2531,2532,2323,2270,2478,2530,2322,2325,2533,2482,2534,2527,2535,2536
2269,2477,2529,2321,2277,2485,2537,2329,2480,2531,2532,2323,2488,2539,2540,2331,2278,2486,2538,2330,2333,2541,2490,2542,2535,2543,2544
2277,2485,2537,2329,2285,2493,2545,2337,2488,2539,2540,2331,2496,2547,2548,2339,2286,2494,2546,2338,2341,2549,2498,2550,2543,2551,2552
2285,2493,2545,2337,2293,2501,2553,2345,2496,2547,2548,2339,2504,2555,2556,2347,2294,2502,2554,2346,2349,2557,2506,2558,2551,2559,2560
2301,2509,2561,2353,2302,2510,2562,2354,2512,2563,2564,2355,2515,2566,2567,2358,2305,2513,2565,2357,2361,2569,2518,2570,2568,2571,2572
2302,2510,2562,2354,2313,2521,2573,2365,2515,2566,2567,2358,2524,2575,2576,2367,2314,2522,2574,2366,2369,2577,2526,2578,2571,2579,2580
2313,2521,2573,2365,2321,2529,2581,2373,2524,2575,2576,2367,2532,2583,2584,2375,2322,2530,2582,2374,2377,2585,2534,2586,2579,2587,2588
2321,2529,2581,2373,2329,2537,2589,2381,2532,2583,2584,2375,2540,2591,2592,2383,2330,2538,2590,2382,2385,2593,2542,2594,2587,2595,2596
2329,2537,2589,2381,2337,2545,2597,2389,2540,2591,2592,2383,2548,2599,2600,2391,2338,2546,2598,2390,2393,2601,2550,2602,2595,2603,2604
2337,2545,2597,2389,2345,2553,2605,2397,2548,2599,2600,2391,2556,2607,2608,2399,2346,2554,2606,2398,2401,2609,2558,2610,2603,2611,2612
949,1001,2613,2405,950,1002,2614,2406,1003,2615,2616,2407,1006,2618,2619,2410,953,1005,2617,2409,2413,2621,1009,2622,2620,2623,2624
950,1002,2614,2406,961,1013,2625,2417,1006,2618,2619,2410,1015,2627,2628,2419,962,1014,2626,2418,2421,2629,1017,2630,2623,2631,2632
961,1013,2625,2417,969,1021,2633,2425,1015,2627,2628,2419,1023,2635,2636,2427,970,1022,2634,2426,2429,2637,1025,2638,2631,2639,2640
969,1021,2633,2425,977,1029,2641,2433,1023,2635,2636,2427,1031,2643,2644,2435,978,1030,2642,2434,2437,2645,1033,2646,2639,2647,2648
977,1029,2641,2433,985,1037,2649,2441,1031,2643,2644,2435,1039,2651,2652,2443,986,1038,2650,2442,2445,2653,1041,2654,2647,2655,2656
985,1037,2649,2441,993,1045,2657,2449,1039,2651,2652,2443,1047,2659,2660,2451,994,1046,2658,2450,2453,2661,1049,2662,2655,2663,2664
2405,2613,2665,2457,2406,2614,2666,2458,2616,2667,2668,2459,2619,2670,2671,2462,2409,2617,2669,2461,2465,2673,2622,2674,2672,2675,2676
2406,2614,2666,2458,2417,2625,2677,2469,2619,2670,2671,2462,2628,2679,2680,2471,2418,2626,2678,2470,2473,2681,2630,2682,2675,2683,2684
2417,2625,2677,2469,2425,2633,2685,2477,2628,2679,2680,2471,2636,2687,2688,2479,2426,2634,2686,2478,2481,2689,2638,2690,2683,2691,2692
2425,2633,2685,2477,2433,2641,2693,2485,2636,2687,2688,2479,2644,2695,2696,2487,2434,2642,2694,2486,2489,2697,2646,2698,2691,2699,2700
2433,2641,2693,2485,2441,2649,2701,2493,2644,2695,2696,2487,2652,2703,2704,2495,2442,2650,2702,2494,2497,2705,2654,2706,2699,2707,2708
2441,2649,2701,2493,2449,2657,2709,2501,2652,2703,2704,2495,2660,2711,2712,2503,2450,2658,2710,2502,2505,2713,2662,2714,2707,2715,2716
2457,2665,2717,2509,2458,2666,2718,2510,2668,2719,2720,2511,2671,2722,2723,2514,2461,2669,2721,2513,2517,2725,2674,2726,2724,2727,2728
2458,2666,2718,2510,2469,2677,2729,2521,2671,2722,2723,2514,2680,2731,2732,2523,2470,2678,2730,2522,2525,2733,2682,2734,2727,2735,2736
2469,2677,2729,2521,2477,2685,2737,2529,2680,2731,2732,2523,2688,2739,2740,2531,2478,2686,2738,2530,2533,2741,2690,2742,2735,2743,2744
2477,2685,2737,2529,2485,2693,2745,2537,2688,2739,2740,2531,2696,2747,2748,2539,2486,2694,2746,2538,2541,2749,2698,2750,2743,2751,2752
2485,2693,2745,2537,2493,2701,2753,2545,2696,2747,2748,2539,2704,2755,2756,2547,2494,2702,2754,2546,2549,2757,2706,2758,2751,2759,2760
2493,2701,2753,2545,2501,2709,2761,2553,2704,2755,2756,2547,2712,2763,2764,2555,2502,2710,2762,2554,2557,2765,2714,2766,2759,2767,2768
2509,2717,2769,2561,2510,2718,2770,2562,2720,2771,2772,2563,2723,2774,2775,2566,2513,2721,2773,2565,2569,2777,2726,2778,2776,2779,2780
2510,2718,2770,2562,2521,2729,2781,2573,2723,2774,2775,2566,2732,2783,2784,2575,2522,2730,2782,2574,2577,2785,2734,2786,2779,2787,2788
2521,2729,2781,2573,2529,2737,2789,2581,2732,2783,2784,2575,2740,2791,2792,2583,2530,2738,2790,2582,2585,2793,2742,2794,2787,2795,2796
2529,2737,2789,2581,2537,2745,2797,2589,2740,2791,2792,2583,2748,2799,2800,2591,2538,2746,2798,2590,2593,2801,2750,2802,2795,2803,2804
2537,2745,2797,2589,2545,2753,2805,2597,2748,2799,2800,2591,2756,2807,2808,2599,2546,2754,2806,2598,2601,2809,2758,2810,2803,2811,2812
2545,2753,2805,2597,2553,2761,2813,2605,2756,2807,2808,2599,2764,2815,2816,2607,2554,2762,2814,2606,2609,2817,2766,2818,2811,2819,2820
1001,767,2821,2613,1002,768,2822,2614,1004,2823,2824,2615,1007,2826,2827,2618,1005,771,2825,2617,2621,2829,1010,2830,2828,2831,2832
1002,768,2822,2614,1013,779,2833,2625,1007,2826,2827,2618,1016,2835,2836,2627,1014,780,2834,2626,2629,2837,1018,2838,2831,2839,2840
1013,779,2833,2625,1021,787,2841,2633,1016,2835,2836,2627,1024,2843,2844,2635,1022,788,2842,2634,2637,2845,1026,2846,2839,2847,2848
1021,787,2841,2633,1029,795,2849,2641,1024,2843,2844,2635,1032,2851,2852,2643,1030,796,2850,2642,2645,2853,1034,2854,2847,2855,2856
1029,795,2849,2641,1037,803,2857,2649,1032,2851,2852,2643,1040,2859,2860,2651,1038,804,2858,2650,2653,2861,1042,2862,2855,2863,2864
1037,803,2857,2649,1045,811,2865,2657,1040,2859,2860,2651,1048,2867,2868,2659,1046,812,2866,2658,2661,2869,1050,2870,2863,2871,2872
2613,2821,2873,2665,2614,2822,2874,2666,2824,2875,2876,2667,2827,2878,2879,2670,2617,2825,2877,2669,2673,2881,2830,2882,2880,2883,2884
2614,2822,2874,2666,2625,2833,2885,2677,2827,2878,2879,2670,2836,2887,2888,2679,2626,2834,2886,2678,2681,2889,2838,2890,2883,2891,2892
2625,2833,2885,2677,2633,2841,2893,2685,2836,2887,2888,2679,2844,2895,2896,2687,2634,2842,2894,2686,2689,2897,2846,2898,2891,2899,2900
2633,2841,2893,2685,2641,2849,2901,2693,2844,2895,2896,2687,2852,2903,2904,2695,2642,2850,2902,2694,2697,2905,2854,2906,2899,2907,2908
2641,2849,2901,2693,2649,2857,2909,2701,2852,2903,2904,2695,2860,2911,2912,2703,2650,2858,2910,2702,2705,2913,2862,2914,2907,2915,2916
2649,2857,2909,2701,2657,2865,2917,2709,2860,2911,2912,2703,2868,2919,2920,2711,2658,2866,2918,2710,2713,2921,2870,2922,2915,2923,2924
2665,2873,2925,2717,2666,2874,2926,2718,2876,2927,2928,2719,2879,2930,2931,2722,2669,2877,2929,2721,2725,2933,2882,2934,2932,2935,2936
2666,2874,2926,2718,2677,2885,2937,2729,2879,2930,2931,2722,2888,2939,2940,2731,2678,2886,2938,2730,2733,2941,2890,2942,2935,2943,2944
2677,2885,2937,2729,2685,2893,2945,2737,2888,2939,2940,2731,2896,2947,2948,2739,2686,2894,2946,2738,2741,2949,2898,2950,2943,2951,2952
2685,2893,2945,2737,2693,2901,2953,2745,2896,2947,2948,2739,2904,2955,2956,2747,2694,2902,2954,2746,2749,2957,2906,2958,2951,2959,2960
2693,2901,2953,2745,2701,2909,2961,2753,2904,2955,2956,2747,2912,2963,2964,2755,2702,2910,2962,2754,2757,2965,2914,2966,2959,2967,2968
2701,2909,2961,2753,2709,2917,2969,2761,2912,2963,2964,2755,2920,2971,2972,2763,2710,2918,2970,2762,2765,2973,2922,2974,2967,2975,2976
2717,2925,2977,2769,2718,2926,2978,2770,2928,2979,2980,2771,2931,2982,2983,2774,2721,2929,2981,2773,2777,2985,2934,2986,2984,2987,2988
2718,2926,2978,2770,2729,2937,2989,2781,2931,2982,2983,2774,2940,2991,2992,2783,2730,2938,2990,2782,2785,2993,2942,2994,2987,2995,2996
2729,2937,2989,2781,2737,2945,2997,2789,2940,2991,2992,2783,2948,2999,3000,2791,2738,2946,2998,2790,2793,3001,2950,3002,2995,3003,3004
2737,2945,2997,2789,2745,2953,3005,2797,2948,2999,3000,2791,2956,3007,3008,2799,2746,2954,3006,2798,2801,3009,2958,3010,3003,3011,3012
2745,2953,3005,2797,2753,2961,3013,2805,2956,3007,3008,2799,2964,3015,3016,2807,2754,2962,3014,2806,2809,3017,2966,3018,3011,3019,3020
2753,2961,3013,2805,2761,2969,3021,2813,2964,3015,3016,2807,2972,3023,3024,2815,2762,2970,3022,2814,2817,3025,2974,3026,3019,3027,3028
767,533,3029,2821,768,534,3030,2822,770,3031,3032,2823,773,3034,3035,2826,771,537,3033,2825,2829,3037,776,3038,3036,3039,3040
768,534,3030,2822,779,545,3041,2833,773,3034,3035,2826,782,3043,3044,2835,780,546,3042,2834,2837,3045,784,3046,3039,3047,3048
779,545,3041,2833,787,553,3049,2841,782,3043,3044,2835,790,3051,3052,2843,788,554,3050,2842,2845,3053,792,3054,3047,3055,3056
787,553,3049,2841,795,561,3057,2849,790,3051,3052,2843,798,3059,3060,2851,796,562,3058,2850,2853,3061,800,3062,3055,3063,3064
795,561,3057,2849,803,569,3065,2857,798,3059,3060,2851,806,3067,3068,2859,804,570,3066,2858,2861,3069,808,3070,3063,3071,3072
803,569,3065,2857,811,577,3073,2865,806,3067,3068,2859,814,3075,3076,2867,812,578,3074,2866,2869,3077,816,3078,3071,3079,3080
2821,3029,3081,2873,2822,3030,3082,2874,3032,3083,3084,2875,3035,3086,3087,2878,2825,3033,3085,2877,2881,3089,3038,3090,3088,3091,3092
2822,3030,3082,2874,2833,3041,3093,2885,3035,3086,3087,2878,3044,3095,3096,2887,2834,3042,3094,2886,2889,3097,3046,3098,3091,3099,3100
2833,3041,3093,2885,2841,3049,3101,2893,3044,3095,3096,2887,3052,3103,3104,2895,2842,3050,3102,2894,2897,3105,3054,3106,3099,3107,3108
2841,3049,3101,2893,2849,3057,3109,2901,3052,3103,3104,2895,3060,3111,3112,2903,2850,3058,3110,2902,2905,3113,3062,3114,3107,3115,3116
2849,3057,3109,2901,2857,3065,3117,2909,3060,3111,3112,2903,3068,3119,3120,2911,2858,3066,3118,2910,2913,3121,3070,3122,3115,3123,3124
2857,3065,3117,2909,2865,3073,3125,2917,3068,3119,3120,2911,3076,3127,3128,2919,2866,3074,3126,2918,2921,3129,3078,3130,3123,3131,3132
2873,3081,3133,2925,2874,3082,3134,2926,3084,3135,3136,2927,3087,3138,3139,2930,2877,3085,3137,2929,2933,3141,3090,3142,3140,3143,3144
2874,3082,3134,2926,2885,3093,3145,2937,3087,3138,3139,2930,3096,3147,3148,2939,2886,3094,3146,2938,2941,3149,3098,3150,3143,3151,3152
2885,3093,3145,2937,2893,3101,3153,2945,3096,3147,3148,2939,3104,3155,3156,2947,2894,3102,3154,2946,2949,3157,3106,3158,3151,3159,3160
2893,3101,3153,2945,2901,3109,3161,2953,3104,3155,3156,2947,3112,3163,3164,2955,2902,3110,3162,2954,2957,3165,3114,3166,3159,3167,3168
2901,3109,3161,2953,2909,3117,3169,2961,3112,3163,3164,2955,3120,3171,3172,2963,2910,3118,3170,2962,2965,3173,3122,3174,3167,3175,3176
2909,3117,3169,2961,2917,3125,3177,2969,3120,3171,3172,2963,3128,3179,3180,2971,2918,3126,3178,2970,2973,3181,3130,3182,3175,3183,3184
2925,3133,3185,2977,2926,3134,3186,2978,3136,3187,3188,2979,3139,3190,3191,2982,2929,3137,3189,2981,2985,3193,3142,3194,3192,3195,3196
2926,3134,3186,2978,2937,3145,3197,2989,3139,3190,3191,2982,3148,3199,3200,2991,2938,3146,3198,2990,2993,3201,3150,3202,3195,3203,3204
2937,3145,3197,2989,2945,3153,3205,2997,3148,3199,3200,2991,3156,3207,3208,2999,2946,3154,3206,2998,3001,3209,3158,3210,3203,3211,3212
2945,3153,3205,2997,2953,3161,3213,3005,3156,3207,3208,2999,3164,3215,3216,3007,2954,3162,3214,3006,3009,3217,3166,3218,3211,3219,3220
2953,3161,3213,3005,2961,3169,3221,3013,3164,3215,3216,3007,3172,3223,3224,3015,2962,3170,3222,3014,3017,3225,3174,3226,3219,3227,3228
2961,3169,3221,3013,2969,3177,3229,3021,3172,3223,3224,3015,3180,3231,3232,3023,2970,3178,3230,3022,3025,3233,3182,3234,3227,3235,3236
533,273,3237,3029,534,275,3238,3030,536,3239,3240,3031,539,3242,3243,3034,537,280,3241,3033,3037,3245,542,3246,3244,3247,3248
534,275,3238,3030,545,291,3249,3041,539,3242,3243,3034,548,3251,3252,3043,546,293,3250,3042,3045,3253,550,3254,3247,3255,3256
545,291,3249,3041,553,303,3257,3049,548,3251,3252,3043,556,3259,3260,3051,554,305,3258,3050,3053,3261,558,3262,3255,3263,3264
553,303,3257,3049,561,315,3265,3057,556,3259,3260,3051,564,3267,3268,3059,562,317,3266,3058,3061,3269,566,3270,3263,3271,3272
561,315,3265,3057,569,327,3273,3065,564,3267,3268,3059,572,3275,3276,3067,570,329,3274,3066,3069,3277,574,3278,3271,3279,3280
569,327,3273,3065,577,339,3281,3073,572,3275,3276,3067,580,3283,3284,3075,578,341,3282,3074,3077,3285,582,3286,3279,3287,3288
3029,3237,3289,3081,3030,3238,3290,3082,3240,3291,3292,3083,3243,3294,3295,3086,3033,3241,3293,3085,3089,3297,3246,3298,3296,3299,3300
3030,3238,3290,3082,3041,3249,3301,3093,3243,3294,3295,3086,3252,3303,3304,3095,3042,3250,3302,3094,3097,3305,3254,3306,3299,3307,3308
3041,3249,3301,3093,3049,3257,3309,3101,3252,3303,3304,3095,3260,3311,3312,3103,3050,3258,3310,3102,3105,3313,3262,3314,3307,3315,3316
3049,3257,3309,3101,3057,3265,3317,3109,3260,3311,3312,3103,3268,3319,3320,3111,3058,3266,3318,3110,3113,3321,3270,3322,3315,3323,3324
3057,3265,3317,3109,3065,3273,3325,3117,3268,3319,3320,3111,3276,3327,3328,3119,3066,3274,3326,3118,3121,3329,3278,3330,3323,3331,3332
3065,3273,3325,3117,3073,3281,3333,3125,3276,3327,3328,3119,3284,3335,3336,3127,3074,3282,3334,3126,3129,3337,3286,3338,3331,3339,3340
3081,3289,3341,3133,3082,3290,3342,3134,3292,3343,3344,3135,3295,3346,3347,3138,3085,3293,3345,3137,3141,3349,3298,3350,3348,3351,3352
3082,3290,3342,3134,3093,3301,3353,3145,3295,3346,3347,3138,3304,3355,3356,3147,3094,3302,3354,3146,3149,3357,3306,3358,3351,3359,3360
3093,3301,3353,3145,3101,3309,3361,3153,3304,3355,3356,3147,3312,3363,3364,3155,3102,3310,3362,3154,3157,3365,3314,3366,3359,3367,3368
3101,3309,3361,3153,3109,3317,3369,3161,3312,3363,3364,3155,3320,3371,3372,3163,3110,3318,3370,3162,3165,3373,3322,3374,3367,3375,3376
3109,3317,3369,3161,3117,3325,3377,3169,3320,3371,3372,3163,3328,3379,3380,3171,3118,3326,3378,3170,3173,3381,3330,3382,3375,3383,3384
3117,3325,3377,3169,3125,3333,3385,3177,3328,3379,3380,3171,3336,3387,3388,3179,3126,3334,3386,3178,3181,3389,3338,3390,3383,3391,3392
3133,3341,3393,3185,3134,3342,3394,3186,3344,3395,3396,3187,3347,3398,3399,3190,3137,3345,3397,3189,3193,3401,3350,3402,3400,3403,3404
3134,3342,3394,3186,3145,3353,3405,3197,3347,3398,3399,3190,3356,3407,3408,3199,3146,3354,3406,3198,3201,3409,3358,3410,3403,3411,3412
3145,3353,3405,3197,3153,3361,3413,3205,3356,3407,3408,3199,3364,3415,3416,3207,3154,3362,3414,3206,3209,3417,3366,3418,3411,3419,3420
3153,3361,3413,3205,3161,3369,3421,3213,3364,3415,3416,3207,3372,3423,3424,3215,3162,3370,3422,3214,3217,3425,3374,3426,3419,3427,3428
3161,3369,3421,3213,3169,3377,3429,3221,3372,3423,3424,3215,3380,3431,3432,3223,3170,3378,3430,3222,3225,3433,3382,3434,3427,3435,3436
3169,3377,3429,3221,3177,3385,3437,3229,3380,3431,3432,3223,3388,3439,3440,3231,3178,3386,3438,3230,3233,3441,3390,3442,3435,3443,3444
273,274,3445,3237,275,276,3446,3238,279,3447,3448,3239,284,3450,3451,3242,280,281,3449,3241,3245,3453,288,3454,3452,3455,3456
275,276,3446,3238,291,292,3457,3249,284,3450,3451,3242,297,3459,3460,3251,293,294,3458,3250,3253,3461,300,3462,3455,3463,3464
291,292,3457,3249,303,304,3465,3257,297,3459,3460,3251,309,3467,3468,3259,305,306,3466,3258,3261,3469,312,3470,3463,3471,3472
303,304,3465,3257,315,316,3473,3265,309,3467,3468,3259,321,3475,3476,3267,317,318,3474,3266,3269,3477,324,3478,3471,3479,3480
315,316,3473,3265,327,328,3481,3273,321,3475,3476,3267,333,3483,3484,3275,329,330,3482,3274,3277,3485,336,3486,3479,3487,3488
327,328,3481,3273,339,340,3489,3281,333,3483,3484,3275,345,3491,3492,3283,341,342,3490,3282,3285,3493,348,3494,3487,3495,3496
3237,3445,3497,3289,3238,3446,3498,3290,3448,3499,3500,3291,3451,3502,3503,3294,3241,3449,3501,3293,3297,3505,3454,3506,3504,3507,3508
3238,3446,3498,3290,3249,3457,3509,3301,3451,3502,3503,3294,3460,3511,3512,3303,3250,3458,3510,3302,3305,3513,3462,3514,3507,3515,3516
3249,3457,3509,3301,3257,3465,3517,3309,3460,3511,3512,3303,3468,3519,3520,3311,3258,3466,3518,3310,3313,3521,3470,3522,3515,3523,3524
3257,3465,3517,3309,3265,3473,3525,3317,3468,3519,3520,3311,3476,3527,3528,3319,3266,3474,3526,3318,3321,3529,3478,3530,3523,3531,3532
3265,3473,3525,3317,3273,3481,3533,3325,3476,3527,3528,3319,3484,3535,3536,3327,3274,3482,3534,3326,3329,3537,3486,3538,3531,3539,3540
3273,3481,3533,3325,3281,3489,3541,3333,3484,3535,3536,3327,3492,3543,3544,3335,3282,3490,3542,3334,3337,3545,3494,3546,3539,3547,3548
3289,3497,3549,3341,3290,3498,3550,3342,3500,3551,3552,3343,3503,3554,3555,3346,3293,3501,3553,3345,3349,3557,3506,3558,3556,3559,3560
3290,3498,3550,3342,3301,3509,3561,3353,3503,3554,3555,3346,3512,3563,3564,3355,3302,3510,3562,3354,3357,3565,3514,3566,3559,3567,3568
3301,3509,3561,3353,3309,3517,3569,3361,3512,3563,3564,3355,3520,3571,3572,3363,3310,3518,3570,3362,3365,3573,3522,3574,3567,3575,3576
3309,3517,3569,3361,3317,3525,3577,3369,3520,3571,3572,3363,3528,3579,3580,3371,3318,3526,3578,3370,3373,3581,3530,3582,3575,3583,3584
3317,3525,3577,3369,3325,3533,3585,3377,3528,3579,3580,3371,3536,3587,3588,3379,3326,3534,3586,3378,3381,3589,3538,3590,3583,3591,3592
3325,3533,3585,3377,3333,3541,3593,3385,3536,3587,3588,3379,3544,3595,3596,3387,3334,3542,3594,3386,3389,3597,3546,3598,3591,3599,3600
3341,3549,3601,3393,3342,3550,3602,3394,3552,3603,3604,3395,3555,3606,3607,3398,3345,3553,3605,3397,3401,3609,3558,3610,3608,3611,3612
3342,3550,3602,3394,3353,3561,3613,3405,3555,3606,3607,3398,3564,3615,3616,3407,3354,3562,3614,3406,3409,3617,3566,3618,3611,3619,3620
3353,3561,3613,3405,3361,3569,3621,3413,3564,3615,3616,3407,3572,3623,3624,3415,3362,3570,3622,3414,3417,3625,3574,3626,3619,3627,3628
3361,3569,3621,3413,3369,3577,3629,3421,3572,3623,3624,3415,3580,3631,3632,3423,3370,3578,3630,3422,3425,3633,3582,3634,3627,3635,3636
3369,3577,3629,3421,3377,3585,3637,3429,3580,3631,3632,3423,3588,3639,3640,3431,3378,3586,3638,3430,3433,3641,3590,3642,3635,3643,3644
3377,3585,3637,3429,3385,3593,3645,3437,3588,3639,3640,3431,3596,3647,3648,3439,3386,3594,3646,3438,3441,3649,3598,3650,3643,3651,3652
274,196,3653,3445,276,198,3654,3446,278,3655,3656,3447,283,3658,3659,3450,281,203,3657,3449,3453,3661,287,3662,3660,3663,3664
276,198,3654,3446,292,214,3665,3457,283,3658,3659,3450,296,3667,3668,3459,294,216,3666,3458,3461,3669,299,3670,3663,3671,3672
292,214,3665,3457,304,226,3673,3465,296,3667,3668,3459,308,3675,3676,3467,306,228,3674,3466,3469,3677,311,3678,3671,3679,3680
304,226,3673,3465,316,238,3681,3473,308,3675,3676,3467,320,3683,3684,3475,318,240,3682,3474,3477,3685,323,3686,3679,3687,3688
316,238,3681,3473,328,250,3689,3481,320,3683,3684,3475,332,3691,3692,3483,330,252,3690,3482,3485,3693,335,3694,3687,3695,3696
328,250,3689,3481,340,262,3697,3489,332,3691,3692,3483,344,3699,3700,3491,342,264,3698,3490,3493,3701,347,3702,3695,3703,3704
3445,3653,3705,3497,3446,3654,3706,3498,3656,3707,3708,3499,3659,3710,3711,3502,3449,3657,3709,3501,3505,3713,3662,3714,3712,3715,3716
3446,3654,3706,3498,3457,3665,3717,3509,3659,3710,3711,3502,3668,3719,3720,3511,3458,3666,3718,3510,3513,3721,3670,3722,3715,3723,3724
3457,3665,3717,3509,3465,3673,3725,3517,3668,3719,3720,3511,3676,3727,3728,3519,3466,3674,3726,3518,3521,3729,3678,3730,3723,3731,3732
3465,3673,3725,3517,3473,3681,3733,3525,3676,3727,3728,3519,3684,3735,3736,3527,3474,3682,3734,3526,3529,3737,3686,3738,3731,3739,3740
3473,3681,3733,3525,3481,3689,3741,3533,3684,3735,3736,3527,3692,3743,3744,3535,3482,3690,3742,3534,3537,3745,3694,3746,3739,3747,3748
3481,3689,3741,3533,3489,3697,3749,3541,3692,3743,3744,3535,3700,3751,3752,3543,3490,3698,3750,3542,3545,3753,3702,3754,3747,3755,3756
3497,3705,3757,3549,3498,3706,3758,3550,3708,3759,3760,3551,3711,3762,3763,3554,3501,3709,3761,3553,3557,3765,3714,3766,3764,3767,3768
3498,3706,3758,3550,3509,3717,3769,3561,3711,3762,3763,3554,3720,3771,3772,3563,3510,3718,3770,3562,3565,3773,3722,3774,3767,3775,3776
3509,3717,3769,3561,3517,3725,3777,3569,3720,3771,3772,3563,3728,3779,3780,3571,3518,3726,3778,3570,3573,3781,3730,3782,3775,3783,3784
3517,3725,3777,3569,3525,3733,3785,3577,3728,3779,3780,3571,3736,3787,3788,3579,3526,3734,3786,3578,3581,3789,3738,3790,3783,3791,3792
3525,3733,3785,3577,3533,3741,3793,3585,3736,3787,3788,3579,3744,3795,3796,3587,3534,3742,3794,3586,3589,3797,3746,3798,3791,3799,3800
3533,3741,3793,3585,3541,3749,3801,3593,3744,3795,3796,3587,3752,3803,3804,3595,3542,3750,3802,3594,3597,3805,3754,3806,3799,3807,3808
3549,3757,3809,3601,3550,3758,3810,3602,3760,3811,3812,3603,3763,3814,3815,3606,3553,3761,3813,3605,3609,3817,3766,3818,3816,3819,3820
3550,3758,3810,3602,3561,3769,3821,3613,3763,3814,3815,3606,3772,3823,3824,3615,3562,3770,3822,3614,3617,3825,3774,3826,3819,3827,3828
3561,3769,3821,3613,3569,3777,3829,3621,3772,3823,3824,3615,3780,3831,3832,3623,3570,3778,3830,3622,3625,3833,3782,3834,3827,3835,3836
3569,3777,3829,3621,3577,3785,3837,3629,3780,3831,3832,3623,3788,3839,3840,3631,3578,3786,3838,3630,3633,3841,3790,3842,3835,3843,3844
3577,3785,3837,3629,3585,3793,3845,3637,3788,3839,3840,3631,3796,3847,3848,3639,3586,3794,3846,3638,3641,3849,3798,3850,3843,3851,3852
3585,3793,3845,3637,3593,3801,3853,3645,3796,3847,3848,3639,3804,3855,3856,3647,3594,3802,3854,3646,3649,3857,3806,3858,3851,3859,3860
196,118,3861,3653,198,120,3862,3654,200,3863,3864,3655,205,3866,3867,3658,203,125,3865,3657,3661,3869,209,3870,3868,3871,3872
198,120,3862,3654,214,136,3873,3665,205,3866,3867,3658,218,3875,3876,3667,216,138,3874,3666,3669,3877,221,3878,3871,3879,3880
214,136,3873,3665,226,148,3881,3673,218,3875,3876,3667,230,3883,3884,3675,228,150,3882,3674,3677,3885,233,3886,3879,3887,3888
226,148,3881,3673,238,160,3889,3681,230,3883,3884,3675,242,3891,3892,3683,240,162,3890,3682,3685,3893,245,3894,3887,3895,3896
238,160,3889,3681,250,172,3897,3689,242,3891,3892,3683,254,3899,3900,3691,252,174,3898,3690,3693,3901,257,3902,3895,3903,3904
250,172,3897,3689,262,184,3905,3697,254,3899,3900,3691,266,3907,3908,3699,264,186,3906,3698,3701,3909,269,3910,3903,3911,3912
3653,3861,3913,3705,3654,3862,3914,3706,3864,3915,3916,3707,3867,3918,3919,3710,3657,3865,3917,3709,3713,3921,3870,3922,3920,3923,3924
3654,3862,3914,3706,3665,3873,3925,3717,3867,3918,3919,3710,3876,3927,3928,3719,3666,3874,3926,3718,3721,3929,3878,3930,3923,3931,3932
3665,3873,3925,3717,3673,3881,3933,3725,3876,3927,3928,3719,3884,3935,3936,3727,3674,3882,3934,3726,3729,3937,3886,3938,3931,3939,3940
3673,3881,3933,3725,3681,3889,3941,3733,3884,3935,3936,3727,3892,3943,3944,3735,3682,3890,3942,3734,3737,3945,3894,3946,3939,3947,3948
3681,3889,3941,3733,3689,3897,3949,3741,3892,3943,3944,3735,3900,3951,3952,3743,3690,3898,3950,3742,3745,3953,3902,3954,3947,3955,3956
3689,3897,3949,3741,3697,3905,3957,3749,3900,3951,3952,3743,3908,3959,3960,3751,3698,3906,3958,3750,3753,3961,3910,3962,3955,3963,3964
3705,3913,3965,3757,3706,3914,3966,3758,3916,3967,3968,3759,3919,3970,3971,3762,3709,3917,3969,3761,3765,3973,3922,3974,3972,3975,3976
3706,3914,3966,3758,3717,3925,3977,3769,3919,3970,3971,3762,3928,3979,3980,3771,3718,3926,3978,3770,3773,3981,3930,3982,3975,3983,3984
3717,3925,3977,3769,3725,3933,3985,3777,3928,3979,3980,3771,3936,3987,3988,3779,3726,3934,3986,3778,3781,3989,3938,3990,3983,3991,3992
3725,3933,3985,3777,3733,3941,3993,3785,3936,3987,3988,3779,3944,3995,3996,3787,3734,3942,3994,3786,3789,3997,3946,3998,3991,3999,4000
3733,3941,3993,3785,3741,3949,4001,3793,3944,3995,3996,3787,3952,4003,4004,3795,3742,3950,4002,3794,3797,4005,3954,4006,3999,4007,4008
3741,3949,4001,3793,3749,3957,4009,3801,3952,4003,4004,3795,3960,4011,4012,3803,3750,3958,4010,3802,3805,4013,3962,4014,4007,4015,4016
3757,3965,4017,3809,3758,3966,4018,3810,3968,4019,4020,3811,3971,4022,4023,3814,3761,3969,4021,3813,3817,4025,3974,4026,4024,4027,4028
3758,3966,4018,3810,3769,3977,4029,3821,3971,4022,4023,3814,3980,4031,4032,3823,3770,3978,4030,3822,3825,4033,3982,4034,4027,4035,4036
3769,3977,4029,3821,3777,3985,4037,3829,3980,4031,4032,3823,3988,4039,4040,3831,3778,3986,4038,3830,3833,4041,3990,4042,4035,4043,4044
3777,3985,4037,3829,3785,3993,4045,3837,3988,4039,4040,3831,3996,4047,4048,3839,3786,3994,4046,3838,3841,4049,3998,4050,4043,4051,4052
3785,3993,4045,3837,3793,4001,4053,3845,3996,4047,4048,3839,4004,4055,4056,3847,3794,4002,4054,3846,3849,4057,4006,4058,4051,4059,4060
3793,4001,4053,3845,3801,4009,4061,3853,4004,4055,4056,3847,4012,4063,4064,3855,3802,4010,4062,3854,3857,4065,4014,4066,4059,4067,4068
118,3,4069,3861,120,7,4070,3862,122,4071,4072,3863,127,4074,4075,3866,125,15,4073,3865,3869,4077,131,4078,4076,4079,4080
120,7,4070,3862,136,30,4081,3873,127,4074,4075,3866,140,4083,4084,3875,138,34,4082,3874,3877,4085,143,4086,4079,4087,4088
136,30,4081,3873,148,48,4089,3881,140,4083,4084,3875,152,4091,4092,3883,150,52,4090,3882,3885,4093,155,4094,4087,4095,4096
148,48,4089,3881,160,66,4097,3889,152,4091,4092,3883,164,4099,4100,3891,162,70,4098,3890,3893,4101,167,4102,4095,4103,4104
160,66,4097,3889,172,84,4105,3897,164,4099,4100,3891,176,4107,4108,3899,174,88,4106,3898,3901,4109,179,4110,4103,4111,4112
172,84,4105,3897,184,102,4113,3905,176,4107,4108,3899,188,4115,4116,3907,186,106,4114,3906,3909,4117,191,4118,4111,4119,4120
3861,4069,4121,3913,3862,4070,4122,3914,4072,4123,4124,3915,4075,4126,4127,3918,3865,4073,4125,3917,3921,4129,4078,4130,4128,4131,4132
3862,4070,4122,3914,3873,4081,4133,3925,4075,4126,4127,3918,4084,4135,4136,3927,3874,4082,4134,3926,3929,4137,4086,4138,4131,4139,4140
3873,4081,4133,3925,3881,4089,4141,3933,4084,4135,4136,3927,4092,4143,4144,3935,3882,4090,4142,3934,3937,4145,4094,4146,4139,4147,4148
3881,4089,4141,3933,3889,4097,4149,3941,4092,4143,4144,3935,4100,4151,4152,3943,3890,4098,4150,3942,3945,4153,4102,4154,4147,4155,4156
3889,4097,4149,3941,3897,4105,4157,3949,4100,4151,4152,3943,4108,4159,4160,3951,3898,4106,4158,3950,3953,4161,4110,4162,4155,4163,4164
3897,4105,4157,3949,3905,4113,4165,3957,4108,4159,4160,3951,4116,4167,4168,3959,3906,4114,4166,3958,3961,4169,4118,4170,4163,4171,4172
3913,4121,4173,3965,3914,4122,4174,3966,4124,4175,4176,3967,4127,4178,4179,3970,3917,4125,4177,3969,3973,4181,4130,4182,4180,4183,4184
3914,4122,4174,3966,3925,4133,4185,3977,4127,4178,4179,3970,4136,4187,4188,3979,3926,4134,4186,3978,3981,4189,4138,4190,4183,4191,4192
3925,4133,4185,3977,3933,4141,4193,3985,4136,4187,4188,3979,4144,4195,4196,3987,3934,4142,4194,3986,3989,4197,4146,4198,4191,4199,4200
3933,4141,4193,3985,3941,4149,4201,3993,4144,4195,4196,3987,4152,4203,4204,3995,3942,4150,4202,3994,3997,4205,4154,4206,4199,4207,4208
3941,4149,4201,3993,3949,4157,4209,4001,4152,4203,4204,3995,4160,4211,4212,4003,3950,4158,4210,4002,4005,4213,4162,4214,4207,4215,4216
3949,4157,4209,4001,3957,4165,4217,4009,4160,4211,4212,4003,4168,4219,4220,4011,3958,4166,4218,4010,4013,4221,4170,4222,4215,4223,4224
3965,4173,4225,4017,3966,4174,4226,4018,4176,4227,4228,4019,4179,4230,4231,4022,3969,4177,4229,4021,4025,4233,4182,4234,4232,4235,4236
3966,4174,4226,4018,3977,4185,4237,4029,4179,4230,4231,4022,4188,4239,4240,4031,3978,4186,4238,4030,4033,4241,4190,4242,4235,4243,4244
3977,4185,4237,4029,3985,4193,4245,4037,4188,4239,4240,4031,4196,4247,4248,4039,3986,4194,4246,4038,4041,4249,4198,4250,4243,4251,4252
3985,4193,4245,4037,3993,4201,4253,4045,4196,4247,4248,4039,4204,4255,4256,4047,3994,4202,4254,4046,4049,4257,4206,4258,4251,4259,4260
3993,4201,4253,4045,4001,4209,4261,4053,4204,4255,4256,4047,4212,4263,4264,4055,4002,4210,4262,4054,4057,4265,4214,4266,4259,4267,4268
4001,4209,4261,4053,4009,4217,4269,4061,4212,4263,4264,4055,4220,4271,4272,4063,4010,4218,4270,4062,4065,4273,4222,4274,4267,4275,4276
3,2,1054,4069,7,6,1056,4070,10,1059,4277,4071,18,1064,4278,4074,15,14,1061,4073,4077,1068,23,4280,4279,4281,4282
7,6,1056,4070,30,29,1072,4081,18,1064,4278,4074,37,1077,4283,4083,34,33,1074,4082,4085,1080,41,4284,4281,4285,4286
30,29,1072,4081,48,47,1084,4089,37,1077,4283,4083,55,1089,4287,4091,52,51,1086,4090,4093,1092,59,4288,4285,4289,4290
48,47,1084,4089,66,65,1096,4097,55,1089,4287,4091,73,1101,4291,4099,70,69,1098,4098,4101,1104,77,4292,4289,4293,4294
66,65,1096,4097,84,83,1108,4105,73,1101,4291,4099,91,1113,4295,4107,88,87,1110,4106,4109,1116,95,4296,4293,4297,4298
84,83,1108,4105,102,101,1120,4113,91,1113,4295,4107,109,1125,4299,4115,106,105,1122,4114,4117,1128,113,4300,4297,4301,4302
4069,1054,1132,4121,4070,1056,1134,4122,4277,1137,4303,4123,4278,1142,4304,4126,4073,1061,1139,4125,4129,1146,4280,4306,4305,4307,4308
4070,1056,1134,4122,4081,1072,1150,4133,4278,1142,4304,4126,4283,1155,4309,4135,4082,1074,1152,4134,4137,1158,4284,4310,4307,4311,4312
4081,1072,1150,4133,4089,1084,1162,4141,4283,1155,4309,4135,4287,1167,4313,4143,4090,1086,1164,4142,4145,1170,4288,4314,4311,4315,4316
4089,1084,1162,4141,4097,1096,1174,4149,4287,1167,4313,4143,4291,1179,4317,4151,4098,1098,1176,4150,4153,1182,4292,4318,4315,4319,4320
4097,1096,1174,4149,4105,1108,1186,4157,4291,1179,4317,4151,4295,1191,4321,4159,4106,1110,1188,4158,4161,1194,4296,4322,4319,4323,4324
4105,1108,1186,4157,4113,1120,1198,4165,4295,1191,4321,4159,4299,1203,4325,4167,4114,1122,1200,4166,4169,1206,4300,4326,4323,4327,4328
4121,1132,1210,4173,4122,1134,1212,4174,4303,1215,4329,4175,4304,1220,4330,4178,4125,1139,1217,4177,4181,1224,4306,4332,4331,4333,4334
4122,1134,1212,4174,4133,1150,1228,4185,4304,1220,4330,4178,4309,1233,4335,4187,4134,1152,1230,4186,4189,1236,4310,4336,4333,4337,4338
4133,1150,1228,4185,4141,1162,1240,4193,4309,1233,4335,4187,4313,1245,4339,4195,4142,1164,1242,4194,4197,1248,4314,4340,4337,4341,4342
4141,1162,1240,4193,4149,1174,1252,4201,4313,1245,4339,4195,4317,1257,4343,4203,4150,1176,1254,4202,4205,1260,4318,4344,4341,4345,4346
4149,1174,1252,4201,4157,1186,1264,4209,4317,1257,4343,4203,4321,1269,4347,4211,4158,1188,1266,4210,4213,1272,4322,4348,4345,4349,4350
4157,1186,1264,4209,4165,1198,1276,4217,4321,1269,4347,4211,4325,1281,4351,4219,4166,1200,1278,4218,4221,1284,4326,4352,4349,4353,4354
4173,1210,1288,4225,4174,1212,1290,4226,4329,1293,4355,4227,4330,1298,4356,4230,4177,1217,1295,4229,4233,1302,4332,4358,4357,4359,4360
4174,1212,1290,4226,4185,1228,1306,4237,4330,1298,4356,4230,4335,1311,4361,4239,4186,1230,1308,4238,4241,1314,4336,4362,4359,4363,4364
4185,1228,1306,4237,4193,1240,1318,4245,4335,1311,4361,4239,4339,1323,4365,4247,4194,1242,1320,4246,4249,1326,4340,4366,4363,4367,4368
4193,1240,1318,4245,4201,1252,1330,4253,4339,1323,4365,4247,4343,1335,4369,4255,4202,1254,1332,4254,4257,1338,4344,4370,4367,4371,4372
4201,1252,1330,4253,4209,1264,1342,4261,4343,1335,4369,4255,4347,1347,4373,4263,4210,1266,1344,4262,4265,1350,4348,4374,4371,4375,4376
4209,1264,1342,4261,4217,1276,1354,4269,4347,1347,4373,4263,4351,1359,4377,4271,4218,1278,1356,4270,4273,1362,4352,4378,4375,4379,4380
