2.00000000e+01,2.00247814e+01,2.01230850e+01,2.03365310e+01
2.00000000e+01,2.00340546e+01,2.01642934e+01,2.04422174e+01
2.00000000e+01,2.00245202e+01,2.01223490e+01,2.03358336e+01
2.00000000e+01,2.00625704e+01,2.02829023e+01,2.07328778e+01
2.00000000e+01,2.00272925e+01,2.01348166e+01,2.03673589e+01
2.00000000e+01,2.00271977e+01,2.01345602e+01,2.03671254e+01
2.00000000e+01,2.00246167e+01,2.01226188e+01,2.03360559e+01
2.00000000e+01,2.00339465e+01,2.01639368e+01,2.04418731e+01
2.00000000e+01,2.00454715e+01,2.02125754e+01,2.05619948e+01
2.00000000e+01,2.00341099e+01,2.01644966e+01,2.04431476e+01
2.00000000e+01,2.60208549e+01,3.53290514e+01,4.69064482e+01
2.00000000e+01,2.24756879e+01,2.73059737e+01,3.52094474e+01
2.00000000e+01,2.14963922e+01,2.47013345e+01,3.00121461e+01
2.00000000e+01,2.17861415e+01,2.55202083e+01,3.17019136e+01
2.00000000e+01,2.36258844e+01,3.00724015e+01,4.04172966e+01
2.00000000e+01,2.18708297e+01,2.57791738e+01,3.23024967e+01
2.00000000e+01,2.27632588e+01,2.80196479e+01,3.65233802e+01
2.00000000e+01,2.30728305e+01,2.87562992e+01,3.79039218e+01
2.00000000e+01,2.20802586e+01,2.63169279e+01,3.33368427e+01
2.00000000e+01,2.16165117e+01,2.50658362e+01,3.08053700e+01
2.00000000e+01,2.00245822e+01,2.01224366e+01,2.03354062e+01
2.00000000e+01,2.00248653e+01,2.01235610e+01,2.03385889e+01
2.00000000e+01,2.00326674e+01,2.01582496e+01,2.04269948e+01
2.00000000e+01,2.00568529e+01,2.02590427e+01,2.06746000e+01
2.00000000e+01,2.00246870e+01,2.01228916e+01,2.03368700e+01
2.00000000e+01,2.00269978e+01,2.01334977e+01,2.03642633e+01
2.00000000e+01,2.00269310e+01,2.01332006e+01,2.03632710e+01
2.00000000e+01,2.00327418e+01,2.01586111e+01,2.04283788e+01
2.00000000e+01,2.00325541e+01,2.01580384e+01,2.04275228e+01
2.00000000e+01,2.00422537e+01,2.01990029e+01,2.05285183e+01
2.00000000e+01,2.00377896e+01,2.01799147e+01,2.04810707e+01
2.00000000e+01,2.00281763e+01,2.01389175e+01,2.03788525e+01
2.00000000e+01,2.00356780e+01,2.01712942e+01,2.04599012e+01
2.00000000e+01,2.00479561e+01,2.02228465e+01,2.05870797e+01
2.00000000e+01,2.60289549e+01,3.53369286e+01,4.68817716e+01
2.00000000e+01,2.26336614e+01,2.77082339e+01,3.60071911e+01
2.00000000e+01,2.19206856e+01,2.58668624e+01,3.23639197e+01
2.00000000e+01,2.18231529e+01,2.56064417e+01,3.18445920e+01
2.00000000e+01,2.37383066e+01,3.03342869e+01,4.09098409e+01
2.00000000e+01,2.22283017e+01,2.66915315e+01,3.40462638e+01
2.00000000e+01,2.31881523e+01,2.90213022e+01,3.83528788e+01
2.00000000e+01,2.30981733e+01,2.88116569e+01,3.79780120e+01
2.00000000e+01,2.21449693e+01,2.65020083e+01,3.37490837e+01
2.00000000e+01,2.18497197e+01,2.56991279e+01,3.20764206e+01
2.00000000e+01,2.26906996e+01,2.78581991e+01,3.63134877e+01
2.00000000e+01,2.61014035e+01,3.54813860e+01,4.70633042e+01
2.00000000e+01,2.37701011e+01,3.04304928e+01,4.11795360e+01
2.00000000e+01,2.60714942e+01,3.54183524e+01,4.69746737e+01
2.00000000e+01,2.37797610e+01,3.04349367e+01,4.11164124e+01
2.00000000e+01,2.19783675e+01,2.60405366e+01,3.27523945e+01
2.00000000e+01,2.27383618e+01,2.79871655e+01,3.65543578e+01
2.00000000e+01,2.60630497e+01,3.54150923e+01,4.70292144e+01
2.00000000e+01,2.61100581e+01,3.54462193e+01,4.68284733e+01
2.00000000e+01,2.60352848e+01,3.53561991e+01,4.69288955e+01
2.00000000e+01,2.12912977e+01,2.41274999e+01,2.88649077e+01
2.00000000e+01,2.61136749e+01,3.54669326e+01,4.69226433e+01
2.00000000e+01,2.60830930e+01,3.54148789e+01,4.68714837e+01
2.00000000e+01,2.60565321e+01,3.53943581e+01,4.69690209e+01
2.00000000e+01,2.25346055e+01,2.74823094e+01,3.55752669e+01
2.00000000e+01,2.25152106e+01,2.74449802e+01,3.55076552e+01
2.00000000e+01,2.25458080e+01,2.74959738e+01,3.55652604e+01
2.00000000e+01,2.00367782e+01,2.01755378e+01,2.04702919e+01
2.00000000e+01,2.00449724e+01,2.02103951e+01,2.05566044e+01
2.00000000e+01,2.00279849e+01,2.01378150e+01,2.03752526e+01
2.00000000e+01,2.00470283e+01,2.02191851e+01,2.05783680e+01
2.00000000e+01,2.00595307e+01,2.02703259e+01,2.07021894e+01
2.00000000e+01,2.00339368e+01,2.01639395e+01,2.04421430e+01
2.00000000e+01,2.10708546e+01,2.35541257e+01,2.77917520e+01
2.00000000e+01,2.12485367e+01,2.40653184e+01,2.88433310e+01
2.00000000e+01,2.16281063e+01,2.51064375e+01,3.09112462e+01
2.00000000e+01,2.13743472e+01,2.44237211e+01,2.95771239e+01
2.00000000e+01,2.62504256e+01,3.56661994e+01,4.68701118e+01
2.00000000e+01,2.60804952e+01,3.54407830e+01,4.70261431e+01
2.00000000e+01,2.61798859e+01,3.55644058e+01,4.69022853e+01
2.00000000e+01,2.61898181e+01,3.55864732e+01,4.69351727e+01
2.00000000e+01,2.60704964e+01,3.54153359e+01,4.69685004e+01
2.00000000e+01,2.31869807e+01,2.90219956e+01,3.83793999e+01
2.00000000e+01,2.30941342e+01,2.88763821e+01,3.83211738e+01
2.00000000e+01,2.31754316e+01,2.90080415e+01,3.83967785e+01
2.00000000e+01,2.11599879e+01,2.38123219e+01,2.83234706e+01
2.00000000e+01,2.17480880e+01,2.54326736e+01,3.15658754e+01
2.00000000e+01,2.14829316e+01,2.47206735e+01,3.01670876e+01
2.00000000e+01,2.14429172e+01,2.46113493e+01,2.99492065e+01
2.00000000e+01,2.00345228e+01,2.01661723e+01,2.04470530e+01
2.00000000e+01,2.00280737e+01,2.01386345e+01,2.03786065e+01
2.00000000e+01,2.25709998e+01,2.75609717e+01,3.57466430e+01
2.00000000e+01,2.00246067e+01,2.01226137e+01,2.03362053e+01
2.00000000e+01,2.00320516e+01,2.01556453e+01,2.04205351e+01
2.00000000e+01,2.00246846e+01,2.01229237e+01,2.03371135e+01
2.00000000e+01,2.00267385e+01,2.01324060e+01,2.03613528e+01
2.00000000e+01,2.00267907e+01,2.01326285e+01,2.03620683e+01
2.00000000e+01,2.00340554e+01,2.01643029e+01,2.04426874e+01
2.00000000e+01,2.00437597e+01,2.02054327e+01,2.05444423e+01
2.00000000e+01,2.22866483e+01,2.68293697e+01,3.43015456e+01
2.00000000e+01,2.34847847e+01,2.97468818e+01,3.98462583e+01
2.00000000e+01,2.34765554e+01,2.97351315e+01,3.98398041e+01
2.00000000e+01,2.20567656e+01,2.62672223e+01,3.32743991e+01
2.00000000e+01,2.10478289e+01,2.34875121e+01,2.76591982e+01
2.00000000e+01,2.06998755e+01,2.24455735e+01,2.54994029e+01
2.00000000e+01,2.11421447e+01,2.37622527e+01,2.82278513e+01
2.00000000e+01,2.15548133e+01,2.48910622e+01,3.04433862e+01
2.00000000e+01,2.14091999e+01,2.45180145e+01,2.97635977e+01
2.00000000e+01,2.08558775e+01,2.29222651e+01,2.64973373e+01
2.00000000e+01,2.09388202e+01,2.31616479e+01,2.69778398e+01
2.00000000e+01,2.11533028e+01,2.37876830e+01,2.82574061e+01
2.00000000e+01,2.16767408e+01,2.52478693e+01,3.12172976e+01
2.00000000e+01,2.22356608e+01,2.67064107e+01,3.40841341e+01
2.00000000e+01,2.60442177e+01,3.53657953e+01,4.69048303e+01
2.00000000e+01,2.34701839e+01,2.96951073e+01,3.96842865e+01
2.00000000e+01,2.60655045e+01,3.54066156e+01,4.69611509e+01
2.00000000e+01,2.34457343e+01,2.96672708e+01,3.97400288e+01
2.00000000e+01,2.16562892e+01,2.51983952e+01,3.11329551e+01
2.00000000e+01,2.25353405e+01,2.74803320e+01,3.55560428e+01
2.00000000e+01,2.01333556e+01,2.05562461e+01,2.13771124e+01
2.00000000e+01,2.00854619e+01,2.03739790e+01,2.09505682e+01
2.00000000e+01,2.00908475e+01,2.03946828e+01,2.09993933e+01
2.00000000e+01,2.00668203e+01,2.02998199e+01,2.07741291e+01
2.00000000e+01,2.16941238e+01,2.52938475e+01,3.13105184e+01
2.00000000e+01,2.08917835e+01,2.30315839e+01,2.67209560e+01
2.00000000e+01,2.06015518e+01,2.21425282e+01,2.48624660e+01
2.00000000e+01,2.01620177e+01,2.06594169e+01,2.16101565e+01
2.00000000e+01,2.03708296e+01,2.13929675e+01,2.32511278e+01
2.00000000e+01,2.07344288e+01,2.25535022e+01,2.57219789e+01
2.00000000e+01,2.03048913e+01,2.11743043e+01,2.27736889e+01
2.00000000e+01,2.03744011e+01,2.14082301e+01,2.32852343e+01
2.00000000e+01,2.05769158e+01,2.20640060e+01,2.46942088e+01
2.00000000e+01,2.04727407e+01,2.17291779e+01,2.39771164e+01
2.00000000e+01,2.02404517e+01,2.09474466e+01,2.22668677e+01
2.00000000e+01,2.02707243e+01,2.10533242e+01,2.25059311e+01
2.00000000e+01,2.04338900e+01,2.16083555e+01,2.37255281e+01
2.00000000e+01,2.03426042e+01,2.13020299e+01,2.30568259e+01
2.00000000e+01,2.05104444e+01,2.18565528e+01,2.42586803e+01
2.00000000e+01,2.04032163e+01,2.15044194e+01,2.34979454e+01
2.00000000e+01,2.01878252e+01,2.07601963e+01,2.18482196e+01
2.00000000e+01,2.02370253e+01,2.09385190e+01,2.22525251e+01
2.00000000e+01,2.02793464e+01,2.10852391e+01,2.25770498e+01
2.00000000e+01,2.07126957e+01,2.24811420e+01,2.55695890e+01
2.00000000e+01,2.06191248e+01,2.21930794e+01,2.49656013e+01
2.00000000e+01,2.06512891e+01,2.23008990e+01,2.52013526e+01
2.00000000e+01,2.04349778e+01,2.16092402e+01,2.37241290e+01
2.00000000e+01,2.04067130e+01,2.15165093e+01,2.35249087e+01
2.00000000e+01,2.06087172e+01,2.21650876e+01,2.49103769e+01
2.00000000e+01,2.06615762e+01,2.23286402e+01,2.52566327e+01
2.00000000e+01,2.00659497e+01,2.02963434e+01,2.07665987e+01
2.00000000e+01,2.00610402e+01,2.02764693e+01,2.07176549e+01
2.00000000e+01,2.00479636e+01,2.02231123e+01,2.05887559e+01
2.00000000e+01,2.00923598e+01,2.04015501e+01,2.10177687e+01
2.00000000e+01,2.03817984e+01,2.14292666e+01,2.33300821e+01
2.00000000e+01,2.02438092e+01,2.09592367e+01,2.22932195e+01
2.00000000e+01,2.04795937e+01,2.17511972e+01,2.40241481e+01
2.00000000e+01,2.05838777e+01,2.20864627e+01,2.47409883e+01
2.00000000e+01,2.13064080e+01,2.42216616e+01,2.91366960e+01
2.00000000e+01,2.10176747e+01,2.34037097e+01,2.74938763e+01
2.00000000e+01,2.12727787e+01,2.41260745e+01,2.89414294e+01
2.00000000e+01,2.06183329e+01,2.22000352e+01,2.49903470e+01
2.00000000e+01,2.06874070e+01,2.23957199e+01,2.53749273e+01
2.00000000e+01,2.05079221e+01,2.18448069e+01,2.42295764e+01
2.00000000e+01,2.15486277e+01,2.48903412e+01,3.04875161e+01
2.00000000e+01,2.06103056e+01,2.21695686e+01,2.49198187e+01
2.00000000e+01,2.09520310e+01,2.31946986e+01,2.70339830e+01
2.00000000e+01,2.10427115e+01,2.34715707e+01,2.76238122e+01
2.00000000e+01,2.08043031e+01,2.27727807e+01,2.61922108e+01
2.00000000e+01,2.61008292e+01,3.54394550e+01,4.68628136e+01
2.00000000e+01,2.08962265e+01,2.30479944e+01,2.67645806e+01
2.00000000e+01,2.07903298e+01,2.27247992e+01,2.60834006e+01
2.00000000e+01,2.01658857e+01,2.06809174e+01,2.16693532e+01
2.00000000e+01,2.01035092e+01,2.04454188e+01,2.11225591e+01
2.00000000e+01,2.02205858e+01,2.08782493e+01,2.21138426e+01
2.00000000e+01,2.00952772e+01,2.04136102e+01,2.10466585e+01
2.00000000e+01,2.00757648e+01,2.03363358e+01,2.08623665e+01
2.00000000e+01,2.01309883e+01,2.05505993e+01,2.13686188e+01
2.00000000e+01,2.01913540e+01,2.07737020e+01,2.18795291e+01
2.00000000e+01,2.01100886e+01,2.04702498e+01,2.11783901e+01
2.00000000e+01,2.01513421e+01,2.06264050e+01,2.15424156e+01
2.00000000e+01,2.04369547e+01,2.16130286e+01,2.37310056e+01
2.00000000e+01,2.04014409e+01,2.14971143e+01,2.34809084e+01
2.00000000e+01,2.07382338e+01,2.25666924e+01,2.57590343e+01
2.00000000e+01,2.08890545e+01,2.30037682e+01,2.66373498e+01
2.00000000e+01,2.04757138e+01,2.17408920e+01,2.40049920e+01
2.00000000e+01,2.05161276e+01,2.18742922e+01,2.42983958e+01
2.00000000e+01,2.19966098e+01,2.60837138e+01,3.28337822e+01
2.00000000e+01,2.18807593e+01,2.57828934e+01,3.22474181e+01
2.00000000e+01,2.11860290e+01,2.38894166e+01,2.84882972e+01
2.00000000e+01,2.11222667e+01,2.37029688e+01,2.81000710e+01
2.00000000e+01,2.10443164e+01,2.34779784e+01,2.76386110e+01
2.00000000e+01,2.11068990e+01,2.36583721e+01,2.80078129e+01
2.00000000e+01,2.00244057e+01,2.01219938e+01,2.03353167e+01
2.00000000e+01,2.00243716e+01,2.01218747e+01,2.03350307e+01
2.00000000e+01,2.00245026e+01,2.01222505e+01,2.03354106e+01
2.00000000e+01,2.00283162e+01,2.01394419e+01,2.03802626e+01
2.00000000e+01,2.02439025e+01,2.09613191e+01,2.23020841e+01
2.00000000e+01,2.03676070e+01,2.13826127e+01,2.32280059e+01
2.00000000e+01,2.03701342e+01,2.13917222e+01,2.32493012e+01
2.00000000e+01,2.05555110e+01,2.19979327e+01,2.45567905e+01
2.00000000e+01,2.00245589e+01,2.01226236e+01,2.03372469e+01
2.00000000e+01,2.00246560e+01,2.01227074e+01,2.03360229e+01
2.00000000e+01,2.00378407e+01,2.01804128e+01,2.04826926e+01
2.00000000e+01,2.00327728e+01,2.01587828e+01,2.04291578e+01
2.00000000e+01,2.00326687e+01,2.01583861e+01,2.04279809e+01
2.00000000e+01,2.00245765e+01,2.01225867e+01,2.03366114e+01
2.00000000e+01,2.00282186e+01,2.01392435e+01,2.03802765e+01
2.00000000e+01,2.00458578e+01,2.02141096e+01,2.05657512e+01
2.00000000e+01,2.00281941e+01,2.01390689e+01,2.03793876e+01
2.00000000e+01,2.04348006e+01,2.16103978e+01,2.37302495e+01
2.00000000e+01,2.05546994e+01,2.19962422e+01,2.45550140e+01
2.00000000e+01,2.03424526e+01,2.13013399e+01,2.30555348e+01
2.00000000e+01,2.05177392e+01,2.18780985e+01,2.43041015e+01
2.00000000e+01,2.02116460e+01,2.08464717e+01,2.20419897e+01
2.00000000e+01,2.03041182e+01,2.11712610e+01,2.27693014e+01
2.00000000e+01,2.03603299e+01,2.13582437e+01,2.31750370e+01
2.00000000e+01,2.01664551e+01,2.06822122e+01,2.16689548e+01
2.00000000e+01,2.01187895e+01,2.05033537e+01,2.12558293e+01
2.00000000e+01,2.01405070e+01,2.05858807e+01,2.14488037e+01
2.00000000e+01,2.00811792e+01,2.03574085e+01,2.09115869e+01
2.00000000e+01,2.01619832e+01,2.06653019e+01,2.16298086e+01
2.00000000e+01,2.00450729e+01,2.02109294e+01,2.05584613e+01
2.00000000e+01,2.00318885e+01,2.01548984e+01,2.04185438e+01
2.00000000e+01,2.00581599e+01,2.02648617e+01,2.06891229e+01
2.00000000e+01,2.00246673e+01,2.01227718e+01,2.03362061e+01
2.00000000e+01,2.00370805e+01,2.01772186e+01,2.04747709e+01
2.00000000e+01,2.00421219e+01,2.01985671e+01,2.05275068e+01
2.00000000e+01,2.00330326e+01,2.01600005e+01,2.04320810e+01
2.00000000e+01,2.00267273e+01,2.01323023e+01,2.03609538e+01
2.00000000e+01,2.00342234e+01,2.01650726e+01,2.04443602e+01
2.00000000e+01,2.00459641e+01,2.02146370e+01,2.05670857e+01
2.00000000e+01,2.00280107e+01,2.01382714e+01,2.03773554e+01
2.00000000e+01,2.01698977e+01,2.06949166e+01,2.16983247e+01
2.00000000e+01,2.10411216e+01,2.34592938e+01,2.75860476e+01
2.00000000e+01,2.00347871e+01,2.01674765e+01,2.04503786e+01
2.00000000e+01,2.00437900e+01,2.02055798e+01,2.05449100e+01
2.00000000e+01,2.00274741e+01,2.01356546e+01,2.03696339e+01
2.00000000e+01,2.00361891e+01,2.01735000e+01,2.04654642e+01
2.00000000e+01,2.00246755e+01,2.01230641e+01,2.03384799e+01
2.00000000e+01,2.00327367e+01,2.01586690e+01,2.04290087e+01
2.00000000e+01,2.00247245e+01,2.01231720e+01,2.03383448e+01
2.00000000e+01,2.00339692e+01,2.01640793e+01,2.04426852e+01
2.00000000e+01,2.60922000e+01,3.54044562e+01,4.66852396e+01
2.00000000e+01,2.61058668e+01,3.54303936e+01,4.67452038e+01
2.00000000e+01,2.61980504e+01,3.55739250e+01,4.67861331e+01
2.00000000e+01,2.62016555e+01,3.55861602e+01,4.68437289e+01
2.00000000e+01,2.31780524e+01,2.90004800e+01,3.83371360e+01
2.00000000e+01,2.31812655e+01,2.90014166e+01,3.83037676e+01
2.00000000e+01,2.10608711e+01,2.35189815e+01,2.77073561e+01
2.00000000e+01,2.08700991e+01,2.29585690e+01,2.65569808e+01
2.00000000e+01,2.02853237e+01,2.11048176e+01,2.26190171e+01
2.00000000e+01,2.03098683e+01,2.11905848e+01,2.28119081e+01
2.00000000e+01,2.00245329e+01,2.01225701e+01,2.03373121e+01
2.00000000e+01,2.00331646e+01,2.01605060e+01,2.04335271e+01
2.00000000e+01,2.00245622e+01,2.01225793e+01,2.03367603e+01
2.00000000e+01,2.00279970e+01,2.01383292e+01,2.03781025e+01
2.00000000e+01,2.00711255e+01,2.03179346e+01,2.08193522e+01
2.00000000e+01,2.01086707e+01,2.04650613e+01,2.11682895e+01
2.00000000e+01,2.00856425e+01,2.03757213e+01,2.09576188e+01
2.00000000e+01,2.00632037e+01,2.02857549e+01,2.07407407e+01
2.00000000e+01,2.60298038e+01,3.53536475e+01,4.69545862e+01
2.00000000e+01,2.61443865e+01,3.55016015e+01,4.68222920e+01
2.00000000e+01,2.60929569e+01,3.54337094e+01,4.68766867e+01
2.00000000e+01,2.27286059e+01,2.79618550e+01,3.64895170e+01
2.00000000e+01,2.27662527e+01,2.80264962e+01,3.65430863e+01
2.00000000e+01,2.30871855e+01,2.87977565e+01,3.80066862e+01
2.00000000e+01,2.30613793e+01,2.87498768e+01,3.79476892e+01
2.00000000e+01,2.16404456e+01,2.51166801e+01,3.08747253e+01
2.00000000e+01,2.10379298e+01,2.34619824e+01,2.76157671e+01
2.00000000e+01,2.06682152e+01,2.23561752e+01,2.53204866e+01
2.00000000e+01,2.11388294e+01,2.37523873e+01,2.82114819e+01
2.00000000e+01,2.07953369e+01,2.27466541e+01,2.61438301e+01
2.00000000e+01,2.10127965e+01,2.33881536e+01,2.74601250e+01
2.00000000e+01,2.05618664e+01,2.20152816e+01,2.45920781e+01
2.00000000e+01,2.12540256e+01,2.40824454e+01,2.88781059e+01
2.00000000e+01,2.07499555e+01,2.26062748e+01,2.58430553e+01
2.00000000e+01,2.08317169e+01,2.28576699e+01,2.63700518e+01
2.00000000e+01,2.11277294e+01,2.37210882e+01,2.81401728e+01
2.00000000e+01,2.13469603e+01,2.43355196e+01,2.93751355e+01
2.00000000e+01,2.09985516e+01,2.33444054e+01,2.73687797e+01
2.00000000e+01,2.14958255e+01,2.47510930e+01,3.02164578e+01
2.00000000e+01,2.32748576e+01,2.92260791e+01,3.87427297e+01
2.00000000e+01,2.15783502e+01,2.49710351e+01,3.06405845e+01
2.00000000e+01,2.20694984e+01,2.63194451e+01,3.34364991e+01
2.00000000e+01,2.25350365e+01,2.74674897e+01,3.54934920e+01
2.00000000e+01,2.00341584e+01,2.01646541e+01,2.04432991e+01
2.00000000e+01,2.03097025e+01,2.11906410e+01,2.28125098e+01
2.00000000e+01,2.11577542e+01,2.38080994e+01,2.83185112e+01
2.00000000e+01,2.17607596e+01,2.54664892e+01,3.16367071e+01
2.00000000e+01,2.02677130e+01,2.10438674e+01,2.24838562e+01
2.00000000e+01,2.05804296e+01,2.20716637e+01,2.47090808e+01
2.00000000e+01,2.04333390e+01,2.16026034e+01,2.37085953e+01
2.00000000e+01,2.04941266e+01,2.17981399e+01,2.41266167e+01
2.00000000e+01,2.07197053e+01,2.25089820e+01,2.56327604e+01
2.00000000e+01,2.06350660e+01,2.22485245e+01,2.50882235e+01
2.00000000e+01,2.03930750e+01,2.14698578e+01,2.34208329e+01
2.00000000e+01,2.00580880e+01,2.02651180e+01,2.06917757e+01
2.00000000e+01,2.00581834e+01,2.02651835e+01,2.06905821e+01
2.00000000e+01,2.00419164e+01,2.01979277e+01,2.05265856e+01
2.00000000e+01,2.00458364e+01,2.02142548e+01,2.05663836e+01
2.00000000e+01,2.00336828e+01,2.01626904e+01,2.04382596e+01
2.00000000e+01,2.00245487e+01,2.01224884e+01,2.03362943e+01
2.00000000e+01,2.00271852e+01,2.01343913e+01,2.03664493e+01
2.00000000e+01,2.00271456e+01,2.01342920e+01,2.03664185e+01
2.00000000e+01,2.00245766e+01,2.01225380e+01,2.03361416e+01
2.00000000e+01,2.00435769e+01,2.02046829e+01,2.05426102e+01
2.00000000e+01,2.00331375e+01,2.01603641e+01,2.04329159e+01
2.00000000e+01,2.20545700e+01,2.62136016e+01,3.30138349e+01
2.00000000e+01,2.33132235e+01,2.92991454e+01,3.88166359e+01
2.00000000e+01,2.32844921e+01,2.92515377e+01,3.87737471e+01
2.00000000e+01,2.16016917e+01,2.50257022e+01,3.07200298e+01
2.00000000e+01,2.00819838e+01,2.03611653e+01,2.09228651e+01
2.00000000e+01,2.01195265e+01,2.05064680e+01,2.12640821e+01
2.00000000e+01,2.07782477e+01,2.26924931e+01,2.60223066e+01
2.00000000e+01,2.05796159e+01,2.20760460e+01,2.47257162e+01
2.00000000e+01,2.28695454e+01,2.82913505e+01,3.71294618e+01
2.00000000e+01,2.19562873e+01,2.59775549e+01,3.26329398e+01
2.00000000e+01,2.23598450e+01,2.70281128e+01,3.47104397e+01
2.00000000e+01,2.32197075e+01,2.91237730e+01,3.86741324e+01
2.00000000e+01,2.38930642e+01,3.07063478e+01,4.16499310e+01
2.00000000e+01,2.20313058e+01,2.61863155e+01,3.30635185e+01
2.00000000e+01,2.16757235e+01,2.52480463e+01,3.12263098e+01
2.00000000e+01,2.60824702e+01,3.54009203e+01,4.67755815e+01
2.00000000e+01,2.60703404e+01,3.53889907e+01,4.68213225e+01
2.00000000e+01,2.31665207e+01,2.89850507e+01,3.83265964e+01
2.00000000e+01,2.30944779e+01,2.87980454e+01,3.79330824e+01
2.00000000e+01,2.00245045e+01,2.01223184e+01,2.03358864e+01
2.00000000e+01,2.00245501e+01,2.01224204e+01,2.03358102e+01
2.00000000e+01,2.00274160e+01,2.01355137e+01,2.03696098e+01
2.00000000e+01,2.00328077e+01,2.01588523e+01,2.04290589e+01
2.00000000e+01,2.00915981e+01,2.03988798e+01,2.10114925e+01
2.00000000e+01,2.01666264e+01,2.06833512e+01,2.16744979e+01
2.00000000e+01,2.01309824e+01,2.05506993e+01,2.13689381e+01
2.00000000e+01,2.01026201e+01,2.04428810e+01,2.11176004e+01
2.00000000e+01,2.01919441e+01,2.07756376e+01,2.18837013e+01
2.00000000e+01,2.61233359e+01,3.54791902e+01,4.69049567e+01
2.00000000e+01,2.61228474e+01,3.54926328e+01,4.69691825e+01
2.00000000e+01,2.61322095e+01,3.54929683e+01,4.69127170e+01
2.00000000e+01,2.27143082e+01,2.79460448e+01,3.64934001e+01
2.00000000e+01,2.00244592e+01,2.01222607e+01,2.03363198e+01
2.00000000e+01,2.10202937e+01,2.34044821e+01,2.74778520e+01
2.00000000e+01,2.08158658e+01,2.28052404e+01,2.62566835e+01
2.00000000e+01,2.00327484e+01,2.01586662e+01,2.04281815e+01
2.00000000e+01,2.02052280e+01,2.08223038e+01,2.19857455e+01
2.00000000e+01,2.03133471e+01,2.12017714e+01,2.28336007e+01
2.00000000e+01,2.03181046e+01,2.12176019e+01,2.28681090e+01
2.00000000e+01,2.08694699e+01,2.29717387e+01,2.66109904e+01
2.00000000e+01,2.01872499e+01,2.07566423e+01,2.18363974e+01
2.00000000e+01,2.60648187e+01,3.54155921e+01,4.70257573e+01
2.00000000e+01,2.60601696e+01,3.53932089e+01,4.69401070e+01
2.00000000e+01,2.61267607e+01,3.54840825e+01,4.68938823e+01
2.00000000e+01,2.31785652e+01,2.90133324e+01,3.83827288e+01
2.00000000e+01,2.00244380e+01,2.01221558e+01,2.03359557e+01
2.00000000e+01,2.37992324e+01,3.04614706e+01,4.11114339e+01
2.00000000e+01,2.00362754e+01,2.01738512e+01,2.04663182e+01
2.00000000e+01,2.00581479e+01,2.02648525e+01,2.06891946e+01
2.00000000e+01,2.00246701e+01,2.01228301e+01,2.03366297e+01
2.00000000e+01,2.00454633e+01,2.02126381e+01,2.05622982e+01
2.00000000e+01,2.00329894e+01,2.01598669e+01,2.04318668e+01
2.00000000e+01,2.00278643e+01,2.01374069e+01,2.03742022e+01
2.00000000e+01,2.00369904e+01,2.01769005e+01,2.04739108e+01
2.00000000e+01,2.00465003e+01,2.02168531e+01,2.05724848e+01
2.00000000e+01,2.00281793e+01,2.01390347e+01,2.03793804e+01
2.00000000e+01,2.00244729e+01,2.01222635e+01,2.03361555e+01
2.00000000e+01,2.00927893e+01,2.04031354e+01,2.10204189e+01
2.00000000e+01,2.00731751e+01,2.03259160e+01,2.08375385e+01
2.00000000e+01,2.00732873e+01,2.03259075e+01,2.08361357e+01
2.00000000e+01,2.00570234e+01,2.02603675e+01,2.06787132e+01
2.00000000e+01,2.00243761e+01,2.01218183e+01,2.03345373e+01
2.00000000e+01,2.00344683e+01,2.01661716e+01,2.04472701e+01
2.00000000e+01,2.00244661e+01,2.01221105e+01,2.03350546e+01
2.00000000e+01,2.00274098e+01,2.01354009e+01,2.03690932e+01
2.00000000e+01,2.00273942e+01,2.01353629e+01,2.03690659e+01
2.00000000e+01,2.00282859e+01,2.01393932e+01,2.03801116e+01
2.00000000e+01,2.00360366e+01,2.01728464e+01,2.04638229e+01
2.00000000e+01,2.00244060e+01,2.01220179e+01,2.03355175e+01
2.00000000e+01,2.11415279e+01,2.37627784e+01,2.82314088e+01
2.00000000e+01,2.08984732e+01,2.30506039e+01,2.67624654e+01
2.00000000e+01,2.15122788e+01,2.47977351e+01,3.03164984e+01
2.00000000e+01,2.08333909e+01,2.28625298e+01,2.63835881e+01
2.00000000e+01,2.01480224e+01,2.06139490e+01,2.15136426e+01
2.00000000e+01,2.00268752e+01,2.01330718e+01,2.03632817e+01
2.00000000e+01,2.00245158e+01,2.01222932e+01,2.03355222e+01
2.00000000e+01,2.00244634e+01,2.01222812e+01,2.03364209e+01
2.00000000e+01,2.00331581e+01,2.01604682e+01,2.04333366e+01
2.00000000e+01,2.00245494e+01,2.01225211e+01,2.03365745e+01
2.00000000e+01,2.00282165e+01,2.01392166e+01,2.03801012e+01
2.00000000e+01,2.18672595e+01,2.57566218e+01,3.22279916e+01
2.00000000e+01,2.09402099e+01,2.31663681e+01,2.69841368e+01
2.00000000e+01,2.11500026e+01,2.37704693e+01,2.82075795e+01
2.00000000e+01,2.07503637e+01,2.25908575e+01,2.57835078e+01
2.00000000e+01,2.22678860e+01,2.67929894e+01,3.42214995e+01
2.00000000e+01,2.24391644e+01,2.72310974e+01,3.51023834e+01
2.00000000e+01,2.16285679e+01,2.51090316e+01,3.09192491e+01
2.00000000e+01,2.20699100e+01,2.62918713e+01,3.32872759e+01
2.00000000e+01,2.06079786e+01,2.21653604e+01,2.49154373e+01
2.00000000e+01,2.06521424e+01,2.23021259e+01,2.52041431e+01
2.00000000e+01,2.07378138e+01,2.25684684e+01,2.57642348e+01
2.00000000e+01,2.05917583e+01,2.21144539e+01,2.48073085e+01
2.00000000e+01,2.08380877e+01,2.28728035e+01,2.63973402e+01
2.00000000e+01,2.14358945e+01,2.45946464e+01,2.99294915e+01
2.00000000e+01,2.02356745e+01,2.09312409e+01,2.22353848e+01
2.00000000e+01,2.02281099e+01,2.09047482e+01,2.21745676e+01
2.00000000e+01,2.01975413e+01,2.07958650e+01,2.19306669e+01
2.00000000e+01,2.01662801e+01,2.06820714e+01,2.16707331e+01
2.00000000e+01,2.00684810e+01,2.03068284e+01,2.07921908e+01
2.00000000e+01,2.00472007e+01,2.02198155e+01,2.05802444e+01
2.00000000e+01,2.00654226e+01,2.02945500e+01,2.07616347e+01
2.00000000e+01,2.00496994e+01,2.02302515e+01,2.06055122e+01
2.00000000e+01,2.19492582e+01,2.59765034e+01,3.26567612e+01
2.00000000e+01,2.00243772e+01,2.01218669e+01,2.03348532e+01
2.00000000e+01,2.00244689e+01,2.01221529e+01,2.03352644e+01
2.00000000e+01,2.00244024e+01,2.01220519e+01,2.03358115e+01
2.00000000e+01,2.00280836e+01,2.01385439e+01,2.03780575e+01
2.00000000e+01,2.18971572e+01,2.57840001e+01,3.21486305e+01
2.00000000e+01,2.31106483e+01,2.88959629e+01,3.83587806e+01
2.00000000e+01,2.20579513e+01,2.62499469e+01,3.31876745e+01
2.00000000e+01,2.18875395e+01,2.57977300e+01,3.22785608e+01
2.00000000e+01,2.19223382e+01,2.58795007e+01,3.23948423e+01
2.00000000e+01,2.13550442e+01,2.43544481e+01,2.93934674e+01
2.00000000e+01,2.04021074e+01,2.15029718e+01,2.34968326e+01
2.00000000e+01,2.11096934e+01,2.36632756e+01,2.80051889e+01
2.00000000e+01,2.02690648e+01,2.10499003e+01,2.25004623e+01
2.00000000e+01,2.01294544e+01,2.05417152e+01,2.13430884e+01
2.00000000e+01,2.04061895e+01,2.15142875e+01,2.35190097e+01
2.00000000e+01,2.03630704e+01,2.13674588e+01,2.31957244e+01
2.00000000e+01,2.02385219e+01,2.09429377e+01,2.22609989e+01
2.00000000e+01,2.01841477e+01,2.07479472e+01,2.18208713e+01
2.00000000e+01,2.02779842e+01,2.10799775e+01,2.25645859e+01
2.00000000e+01,2.01638924e+01,2.06729066e+01,2.16474076e+01
2.00000000e+01,2.00279896e+01,2.01382062e+01,2.03772684e+01
2.00000000e+01,2.00460374e+01,2.02148948e+01,2.05676400e+01
2.00000000e+01,2.00366442e+01,2.01754295e+01,2.04702384e+01
2.00000000e+01,2.04336885e+01,2.16065669e+01,2.37213783e+01
2.00000000e+01,2.02688710e+01,2.10471787e+01,2.24926944e+01
2.00000000e+01,2.01524515e+01,2.06279094e+01,2.15428188e+01
2.00000000e+01,2.03397155e+01,2.12935606e+01,2.30393365e+01
2.00000000e+01,2.02678718e+01,2.10449566e+01,2.24883528e+01
2.00000000e+01,2.03398942e+01,2.12941104e+01,2.30412595e+01
2.00000000e+01,2.02529730e+01,2.09952149e+01,2.23796202e+01
2.00000000e+01,2.02005066e+01,2.08058171e+01,2.19499903e+01
2.00000000e+01,2.01997856e+01,2.08046064e+01,2.19499531e+01
2.00000000e+01,2.32760258e+01,2.92183150e+01,3.86968555e+01
2.00000000e+01,2.04319506e+01,2.16002119e+01,2.37067272e+01
2.00000000e+01,2.05515538e+01,2.19852166e+01,2.45311111e+01
2.00000000e+01,2.02836828e+01,2.10989736e+01,2.26054825e+01
2.00000000e+01,2.01834691e+01,2.07429100e+01,2.18050070e+01
2.00000000e+01,2.06645567e+01,2.23415342e+01,2.52860327e+01
2.00000000e+01,2.04929736e+01,2.17993414e+01,2.41348112e+01
2.00000000e+01,2.01659046e+01,2.06812875e+01,2.16697723e+01
2.00000000e+01,2.02709165e+01,2.10542232e+01,2.25079747e+01
2.00000000e+01,2.02704978e+01,2.10536651e+01,2.25075170e+01
2.00000000e+01,2.02118619e+01,2.08475079e+01,2.20468351e+01
2.00000000e+01,2.03427927e+01,2.13028429e+01,2.30587954e+01
2.00000000e+01,2.01872128e+01,2.07592963e+01,2.18470302e+01
2.00000000e+01,2.02392468e+01,2.09447833e+01,2.22648015e+01
2.00000000e+01,2.08467372e+01,2.28951810e+01,2.64402443e+01
2.00000000e+01,2.02695434e+01,2.10499363e+01,2.24993643e+01
2.00000000e+01,2.03190885e+01,2.12218738e+01,2.28808435e+01
2.00000000e+01,2.39141649e+01,3.07260949e+01,4.15934508e+01
2.00000000e+01,2.60924268e+01,3.54370754e+01,4.69171593e+01
2.00000000e+01,2.00245785e+01,2.01226892e+01,2.03373692e+01
2.00000000e+01,2.00244189e+01,2.01220688e+01,2.03356172e+01
2.00000000e+01,2.00244618e+01,2.01222972e+01,2.03365796e+01
2.00000000e+01,2.00280219e+01,2.01383856e+01,2.03780513e+01
2.00000000e+01,2.00279008e+01,2.01379796e+01,2.03772414e+01
2.00000000e+01,2.00542434e+01,2.02492211e+01,2.06529609e+01
2.00000000e+01,2.00428660e+01,2.02018946e+01,2.05364564e+01
2.00000000e+01,2.00552636e+01,2.02532597e+01,2.06617565e+01
2.00000000e+01,2.00448562e+01,2.02101415e+01,2.05563224e+01
2.00000000e+01,2.00243927e+01,2.01220661e+01,2.03361966e+01
2.00000000e+01,2.00244574e+01,2.01222453e+01,2.03363059e+01
2.00000000e+01,2.00244060e+01,2.01220416e+01,2.03357003e+01
2.00000000e+01,2.00342438e+01,2.01649914e+01,2.04444543e+01
2.00000000e+01,2.03230426e+01,2.12350477e+01,2.29082999e+01
2.00000000e+01,2.02946443e+01,2.11372142e+01,2.26933588e+01
2.00000000e+01,2.02092866e+01,2.08362940e+01,2.20179428e+01
2.00000000e+01,2.00420251e+01,2.01983525e+01,2.05277741e+01
2.00000000e+01,2.00368558e+01,2.01763092e+01,2.04726192e+01
2.00000000e+01,2.00292413e+01,2.01435149e+01,2.03899143e+01
2.00000000e+01,2.00485740e+01,2.02255423e+01,2.05939278e+01
2.00000000e+01,2.14431399e+01,2.46120177e+01,2.99403502e+01
2.00000000e+01,2.12429288e+01,2.40502753e+01,2.88049391e+01
2.00000000e+01,2.19749379e+01,2.60354611e+01,3.27677210e+01
2.00000000e+01,2.14541116e+01,2.46353657e+01,2.99783811e+01
2.00000000e+01,2.04350247e+01,2.16114869e+01,2.37315621e+01
2.00000000e+01,2.03412897e+01,2.12980546e+01,2.30482091e+01
2.00000000e+01,2.05137695e+01,2.18672886e+01,2.42813965e+01
2.00000000e+01,2.05010884e+01,2.18252858e+01,2.41906459e+01
2.00000000e+01,2.61200423e+01,3.54827324e+01,4.69264892e+01
2.00000000e+01,2.60867668e+01,3.54342174e+01,4.69355622e+01
2.00000000e+01,2.61541555e+01,3.55228902e+01,4.68727569e+01
2.00000000e+01,2.30664224e+01,2.87641249e+01,3.79826336e+01
2.00000000e+01,2.00244669e+01,2.01223516e+01,2.03369783e+01
2.00000000e+01,2.04825913e+01,2.17614540e+01,2.40477824e+01
2.00000000e+01,2.02184666e+01,2.08705015e+01,2.20959552e+01
2.00000000e+01,2.00410709e+01,2.01942759e+01,2.05175620e+01
2.00000000e+01,2.00289874e+01,2.01424201e+01,2.03871609e+01
2.00000000e+01,2.00360523e+01,2.01729187e+01,2.04641645e+01
2.00000000e+01,2.00503748e+01,2.02330937e+01,2.06124914e+01
2.00000000e+01,2.09738990e+01,2.32825614e+01,2.72561783e+01
2.00000000e+01,2.10103224e+01,2.33842558e+01,2.74563175e+01
2.00000000e+01,2.11098576e+01,2.36649592e+01,2.80209635e+01
2.00000000e+01,2.06003310e+01,2.21425623e+01,2.48692050e+01
2.00000000e+01,2.01477119e+01,2.06131243e+01,2.15122250e+01
2.00000000e+01,2.19051531e+01,2.58019113e+01,3.21878297e+01
2.00000000e+01,2.18123732e+01,2.56132189e+01,3.19538897e+01
2.00000000e+01,2.11502530e+01,2.37746294e+01,2.82155501e+01
2.00000000e+01,2.19307459e+01,2.59141115e+01,3.25167889e+01
2.00000000e+01,2.00421715e+01,2.01986525e+01,2.05281696e+01
2.00000000e+01,2.00293190e+01,2.01440902e+01,2.03930022e+01
2.00000000e+01,2.00510862e+01,2.02357606e+01,2.06186161e+01
2.00000000e+01,2.00487044e+01,2.02257818e+01,2.05942149e+01
2.00000000e+01,2.06524842e+01,2.23062763e+01,2.52169688e+01
2.00000000e+01,2.00679049e+01,2.03049620e+01,2.07882965e+01
2.00000000e+01,2.00733105e+01,2.03260093e+01,2.08364487e+01
2.00000000e+01,2.00792106e+01,2.03499562e+01,2.08949679e+01
2.00000000e+01,2.00628304e+01,2.02841597e+01,2.07367518e+01
2.00000000e+01,2.00492386e+01,2.02284666e+01,2.06013966e+01
2.00000000e+01,2.00618152e+01,2.02801253e+01,2.07278293e+01
2.00000000e+01,2.00622606e+01,2.02817767e+01,2.07308198e+01
2.00000000e+01,2.00466352e+01,2.02176448e+01,2.05752874e+01
2.00000000e+01,2.00899425e+01,2.03918574e+01,2.09945599e+01
2.00000000e+01,2.00245244e+01,2.01225916e+01,2.03376844e+01
2.00000000e+01,2.00245172e+01,2.01225326e+01,2.03373596e+01
2.00000000e+01,2.00244745e+01,2.01223827e+01,2.03370106e+01
2.00000000e+01,2.00330716e+01,2.01601935e+01,2.04328349e+01
2.00000000e+01,2.00331075e+01,2.01603364e+01,2.04333356e+01
2.00000000e+01,2.07114922e+01,2.24860669e+01,2.55881233e+01
2.00000000e+01,2.01007458e+01,2.04342598e+01,2.10950149e+01
2.00000000e+01,2.01182060e+01,2.05009686e+01,2.12500077e+01
2.00000000e+01,2.00931736e+01,2.04040424e+01,2.10219014e+01
2.00000000e+01,2.00432068e+01,2.02033589e+01,2.05400358e+01
2.00000000e+01,2.00346072e+01,2.01667649e+01,2.04487420e+01
2.00000000e+01,2.03192123e+01,2.12224824e+01,2.28811394e+01
2.00000000e+01,2.01193774e+01,2.05061724e+01,2.12634983e+01
2.00000000e+01,2.01144720e+01,2.04869029e+01,2.12170460e+01
2.00000000e+01,2.00928940e+01,2.04037606e+01,2.10227330e+01
2.00000000e+01,2.00892683e+01,2.03888854e+01,2.09858599e+01
2.00000000e+01,2.02696792e+01,2.10508982e+01,2.25024977e+01
2.00000000e+01,2.02112331e+01,2.08453692e+01,2.20427178e+01
2.00000000e+01,2.03423204e+01,2.13004243e+01,2.30536884e+01
2.00000000e+01,2.02438774e+01,2.09611882e+01,2.23020857e+01
2.00000000e+01,2.00383310e+01,2.01827454e+01,2.04888798e+01
2.00000000e+01,2.00360651e+01,2.01730183e+01,2.04643524e+01
2.00000000e+01,2.00504581e+01,2.02336186e+01,2.06146238e+01
2.00000000e+01,2.00379594e+01,2.01809721e+01,2.04839690e+01
2.00000000e+01,2.61057718e+01,3.54351606e+01,4.67676003e+01
2.00000000e+01,2.27407810e+01,2.79775881e+01,3.64781835e+01
2.00000000e+01,2.60789017e+01,3.54032357e+01,4.68269240e+01
2.00000000e+01,2.30434693e+01,2.87036257e+01,3.78415175e+01
2.00000000e+01,2.06058333e+01,2.21562020e+01,2.48908183e+01
2.00000000e+01,2.00245397e+01,2.01225903e+01,2.03373381e+01
2.00000000e+01,2.00292500e+01,2.01438609e+01,2.03925130e+01
2.00000000e+01,2.00292357e+01,2.01438024e+01,2.03923282e+01
2.00000000e+01,2.00394799e+01,2.01873793e+01,2.05002055e+01
2.00000000e+01,2.26750674e+01,2.77953651e+01,3.61151373e+01
2.00000000e+01,2.19673257e+01,2.60067684e+01,3.26821360e+01
2.00000000e+01,2.26733510e+01,2.78113226e+01,3.62116266e+01
2.00000000e+01,2.19517539e+01,2.59837013e+01,3.26807964e+01
2.00000000e+01,2.61780915e+01,3.55472840e+01,4.67972130e+01
2.00000000e+01,2.61333497e+01,3.54764654e+01,4.67769009e+01
2.00000000e+01,2.61545050e+01,3.55163117e+01,4.68418671e+01
2.00000000e+01,2.30336945e+01,2.87065613e+01,3.79220667e+01
2.00000000e+01,2.14026278e+01,2.44839092e+01,2.96551178e+01
2.00000000e+01,2.00245655e+01,2.01224981e+01,2.03361134e+01
2.00000000e+01,2.00289951e+01,2.01424344e+01,2.03871184e+01
2.00000000e+01,2.00245092e+01,2.01225114e+01,2.03373513e+01
2.00000000e+01,2.00281688e+01,2.01391091e+01,2.03802272e+01
2.00000000e+01,2.00293357e+01,2.01441709e+01,2.03932823e+01
2.00000000e+01,2.00292559e+01,2.01438657e+01,2.03924677e+01
2.00000000e+01,2.00398841e+01,2.01890702e+01,2.05043746e+01
2.00000000e+01,2.17250767e+01,2.53632725e+01,3.13971792e+01
2.00000000e+01,2.00797005e+01,2.03517724e+01,2.08993348e+01
2.00000000e+01,2.00649989e+01,2.02925918e+01,2.07563952e+01
2.00000000e+01,2.20000960e+01,2.61077083e+01,3.29070653e+01
2.00000000e+01,2.00245099e+01,2.01224481e+01,2.03368277e+01
2.00000000e+01,2.00247718e+01,2.01234516e+01,2.03395634e+01
2.00000000e+01,2.00245999e+01,2.01228191e+01,2.03379770e+01
2.00000000e+01,2.00245964e+01,2.01228283e+01,2.03381207e+01
2.00000000e+01,2.00244587e+01,2.01223025e+01,2.03366944e+01
2.00000000e+01,2.00331801e+01,2.01605336e+01,2.04334588e+01
2.00000000e+01,2.00331116e+01,2.01603444e+01,2.04333522e+01
2.00000000e+01,2.00583953e+01,2.02656589e+01,2.06908532e+01
2.00000000e+01,2.00960648e+01,2.04142461e+01,2.10442541e+01
2.00000000e+01,2.00960367e+01,2.04141809e+01,2.10441702e+01
2.00000000e+01,2.01212946e+01,2.05120765e+01,2.12746782e+01
2.00000000e+01,2.00635114e+01,2.02868083e+01,2.07438162e+01
2.00000000e+01,2.00606432e+01,2.02754365e+01,2.07166201e+01
2.00000000e+01,2.00435326e+01,2.02046936e+01,2.05432694e+01
2.00000000e+01,2.00607451e+01,2.02755498e+01,2.07156941e+01
2.00000000e+01,2.00688720e+01,2.03087288e+01,2.07972038e+01
2.00000000e+01,2.00899976e+01,2.03926060e+01,2.09966736e+01
2.00000000e+01,2.00828041e+01,2.03636316e+01,2.09261816e+01
2.00000000e+01,2.00632770e+01,2.02859080e+01,2.07409059e+01
2.00000000e+01,2.00501141e+01,2.02320827e+01,2.06103079e+01
2.00000000e+01,2.00245181e+01,2.01224379e+01,2.03365488e+01
2.00000000e+01,2.00493162e+01,2.02284174e+01,2.06006689e+01
2.00000000e+01,2.00940704e+01,2.04068419e+01,2.10271775e+01
2.00000000e+01,2.01439579e+01,2.05979939e+01,2.14744241e+01
2.00000000e+01,2.01038300e+01,2.04466632e+01,2.11253774e+01
2.00000000e+01,2.00586349e+01,2.02680006e+01,2.06994370e+01
2.00000000e+01,2.00821335e+01,2.03617771e+01,2.09243039e+01
2.00000000e+01,2.01171475e+01,2.04971090e+01,2.12424383e+01
2.00000000e+01,2.02682898e+01,2.10466465e+01,2.24930461e+01
2.00000000e+01,2.04338310e+01,2.16047487e+01,2.37146018e+01
2.00000000e+01,2.03406789e+01,2.12962344e+01,2.30451332e+01
2.00000000e+01,2.02008991e+01,2.08075038e+01,2.19555027e+01
2.00000000e+01,2.12153389e+01,2.39791260e+01,2.86736302e+01
2.00000000e+01,2.07263590e+01,2.25247195e+01,2.56598488e+01
2.00000000e+01,2.09380473e+01,2.31707787e+01,2.70145653e+01
2.00000000e+01,2.10277718e+01,2.34293510e+01,2.75406728e+01
2.00000000e+01,2.13381845e+01,2.43118912e+01,2.93249243e+01
2.00000000e+01,2.06784291e+01,2.23866079e+01,2.53813103e+01
2.00000000e+01,2.05226493e+01,2.18935151e+01,2.43341867e+01
2.00000000e+01,2.00284406e+01,2.01399124e+01,2.03805198e+01
2.00000000e+01,2.00606781e+01,2.02747950e+01,2.07127004e+01
2.00000000e+01,2.00995810e+01,2.04282354e+01,2.10775568e+01
2.00000000e+01,2.00861658e+01,2.03763845e+01,2.09559876e+01
2.00000000e+01,2.01426295e+01,2.05921253e+01,2.14599658e+01
2.00000000e+01,2.00354639e+01,2.01703720e+01,2.04575707e+01
2.00000000e+01,2.00281490e+01,2.01388772e+01,2.03790769e+01
2.00000000e+01,2.00463576e+01,2.02161422e+01,2.05705289e+01
2.00000000e+01,2.00373318e+01,2.01783318e+01,2.04775941e+01
2.00000000e+01,2.00803087e+01,2.03520694e+01,2.08960136e+01
2.00000000e+01,2.02146263e+01,2.08586504e+01,2.20707543e+01
2.00000000e+01,2.11844779e+01,2.38808665e+01,2.84530232e+01
2.00000000e+01,2.11397876e+01,2.37568129e+01,2.82161299e+01
2.00000000e+01,2.09368644e+01,2.31684957e+01,2.70119319e+01
2.00000000e+01,2.00244454e+01,2.01220179e+01,2.03346951e+01
2.00000000e+01,2.00245122e+01,2.01222815e+01,2.03354319e+01
2.00000000e+01,2.00278404e+01,2.01373361e+01,2.03741054e+01
2.00000000e+01,2.00282581e+01,2.01392765e+01,2.03797464e+01
2.00000000e+01,2.00492927e+01,2.02283587e+01,2.06006118e+01
2.00000000e+01,2.01661125e+01,2.06815106e+01,2.16700379e+01
2.00000000e+01,2.01027268e+01,2.04423270e+01,2.11150118e+01
2.00000000e+01,2.01047587e+01,2.04511132e+01,2.11368009e+01
2.00000000e+01,2.01302217e+01,2.05478184e+01,2.13619840e+01
2.00000000e+01,2.00834332e+01,2.03668893e+01,2.09364397e+01
2.00000000e+01,2.01877110e+01,2.07603744e+01,2.18487152e+01
2.00000000e+01,2.01474190e+01,2.06119864e+01,2.15090704e+01
2.00000000e+01,2.19111805e+01,2.58321312e+01,3.22762327e+01
2.00000000e+01,2.20542246e+01,2.62370152e+01,3.31556428e+01
2.00000000e+01,2.31393794e+01,2.89548683e+01,3.84304555e+01
2.00000000e+01,2.19343669e+01,2.59315167e+01,3.25703593e+01
2.00000000e+01,2.37651440e+01,3.03909001e+01,4.09999125e+01
2.00000000e+01,2.61606847e+01,3.55287298e+01,4.68650735e+01
2.00000000e+01,2.26326781e+01,2.77014241e+01,3.59859953e+01
2.00000000e+01,2.61209603e+01,3.54943329e+01,4.69778720e+01
2.00000000e+01,2.37301050e+01,3.03274049e+01,4.09533718e+01
2.00000000e+01,2.37321795e+01,3.03313887e+01,4.09603374e+01
2.00000000e+01,2.61090153e+01,3.54767176e+01,4.69896706e+01
2.00000000e+01,2.22196011e+01,2.66809213e+01,3.40646781e+01
2.00000000e+01,2.31538906e+01,2.89744209e+01,3.83785421e+01
2.00000000e+01,2.00244166e+01,2.01221237e+01,2.03361435e+01
2.00000000e+01,2.01665425e+01,2.06824062e+01,2.16715097e+01
2.00000000e+01,2.02470351e+01,2.09723158e+01,2.23267768e+01
2.00000000e+01,2.03136932e+01,2.12039172e+01,2.28411725e+01
2.00000000e+01,2.02108486e+01,2.08439376e+01,2.20391265e+01
2.00000000e+01,2.01403878e+01,2.05855429e+01,2.14483102e+01
2.00000000e+01,2.01773647e+01,2.07231363e+01,2.17646402e+01
2.00000000e+01,2.27595847e+01,2.80228330e+01,3.66115841e+01
2.00000000e+01,2.00452120e+01,2.02116119e+01,2.05601894e+01
2.00000000e+01,2.00408188e+01,2.01932700e+01,2.05149750e+01
2.00000000e+01,2.00369659e+01,2.01768286e+01,2.04738653e+01
2.00000000e+01,2.00290270e+01,2.01425668e+01,2.03875500e+01
2.00000000e+01,2.00391306e+01,2.01859325e+01,2.04962019e+01
2.00000000e+01,2.00485196e+01,2.02254124e+01,2.05936605e+01
2.00000000e+01,2.14052239e+01,2.44934995e+01,2.96868337e+01
2.00000000e+01,2.10676183e+01,2.35555237e+01,2.78192083e+01
2.00000000e+01,2.10067630e+01,2.33746995e+01,2.74401434e+01
2.00000000e+01,2.02114877e+01,2.08462831e+01,2.20442957e+01
2.00000000e+01,2.01452650e+01,2.06040642e+01,2.14907363e+01
2.00000000e+01,2.11374965e+01,2.37478720e+01,2.81927888e+01
2.00000000e+01,2.00244140e+01,2.01221943e+01,2.03367397e+01
2.00000000e+01,2.00620121e+01,2.02810536e+01,2.07303529e+01
2.00000000e+01,2.01659248e+01,2.06811095e+01,2.16696899e+01
2.00000000e+01,2.01327476e+01,2.05572940e+01,2.13839848e+01
2.00000000e+01,2.01484173e+01,2.06159696e+01,2.15195125e+01
2.00000000e+01,2.01892859e+01,2.07654747e+01,2.18606325e+01
2.00000000e+01,2.01253214e+01,2.05290913e+01,2.13176738e+01
2.00000000e+01,2.00292727e+01,2.01439501e+01,2.03927993e+01
2.00000000e+01,2.00340234e+01,2.01642781e+01,2.04431684e+01
2.00000000e+01,2.00397590e+01,2.01884828e+01,2.05028006e+01
2.00000000e+01,2.00281963e+01,2.01391195e+01,2.03801224e+01
2.00000000e+01,2.00244512e+01,2.01222249e+01,2.03362724e+01
2.00000000e+01,2.04061354e+01,2.15150283e+01,2.35227402e+01
2.00000000e+01,2.00381038e+01,2.01817387e+01,2.04863579e+01
2.00000000e+01,2.00575561e+01,2.02621381e+01,2.06822685e+01
2.00000000e+01,2.01373182e+01,2.05725659e+01,2.14151561e+01
2.00000000e+01,2.04337113e+01,2.16063415e+01,2.37192267e+01
2.00000000e+01,2.06773271e+01,2.23783031e+01,2.53605726e+01
2.00000000e+01,2.03993807e+01,2.14928985e+01,2.34739267e+01
2.00000000e+01,2.05498860e+01,2.19820296e+01,2.45258087e+01
2.00000000e+01,2.01310740e+01,2.05509913e+01,2.13692967e+01
2.00000000e+01,2.01101487e+01,2.04709400e+01,2.11814307e+01
2.00000000e+01,2.00938560e+01,2.04081564e+01,2.10349320e+01
2.00000000e+01,2.01405010e+01,2.05861203e+01,2.14497762e+01
2.00000000e+01,2.14617090e+01,2.46550175e+01,3.00165244e+01
2.00000000e+01,2.61080367e+01,3.54740457e+01,4.69902608e+01
2.00000000e+01,2.60795582e+01,3.54224002e+01,4.69420438e+01
2.00000000e+01,2.36221280e+01,3.00662077e+01,4.04304030e+01
2.00000000e+01,2.30519330e+01,2.87277698e+01,3.79061654e+01
2.00000000e+01,2.00763485e+01,2.03385243e+01,2.08675120e+01
2.00000000e+01,2.02113910e+01,2.08460015e+01,2.20435076e+01
2.00000000e+01,2.01013223e+01,2.04365842e+01,2.11006267e+01
2.00000000e+01,2.01339703e+01,2.05605670e+01,2.13885751e+01
2.00000000e+01,2.07039369e+01,2.24644318e+01,2.55452532e+01
2.00000000e+01,2.08588752e+01,2.29329191e+01,2.65187815e+01
2.00000000e+01,2.05534128e+01,2.19925904e+01,2.45471462e+01
2.00000000e+01,2.07014367e+01,2.24550786e+01,2.55245364e+01
2.00000000e+01,2.02344890e+01,2.09275464e+01,2.22245034e+01
2.00000000e+01,2.19549334e+01,2.59464438e+01,3.24863818e+01
2.00000000e+01,2.14986101e+01,2.47544981e+01,3.02087547e+01
2.00000000e+01,2.22507770e+01,2.67456765e+01,3.41393091e+01
2.00000000e+01,2.18683606e+01,2.57479768e+01,3.21792919e+01
2.00000000e+01,2.01021938e+01,2.04409339e+01,2.11125793e+01
2.00000000e+01,2.00615449e+01,2.02789758e+01,2.07249798e+01
2.00000000e+01,2.00833001e+01,2.03666279e+01,2.09361286e+01
2.00000000e+01,2.00600814e+01,2.02731564e+01,2.07103611e+01
2.00000000e+01,2.00797933e+01,2.03524438e+01,2.09009796e+01
2.00000000e+01,2.00245395e+01,2.01226269e+01,2.03376722e+01
2.00000000e+01,2.00280712e+01,2.01386936e+01,2.03791685e+01
2.00000000e+01,2.01190368e+01,2.05051569e+01,2.12625552e+01
2.00000000e+01,2.01406028e+01,2.05867122e+01,2.14520873e+01
2.00000000e+01,2.00918849e+01,2.04001541e+01,2.10155402e+01
2.00000000e+01,2.01188041e+01,2.05040921e+01,2.12592438e+01
2.00000000e+01,2.01412940e+01,2.05890869e+01,2.14565697e+01
2.00000000e+01,2.11419882e+01,2.37624904e+01,2.82244793e+01
2.00000000e+01,2.14766549e+01,2.47012319e+01,3.01257666e+01
2.00000000e+01,2.16165132e+01,2.50779264e+01,3.08641614e+01
2.00000000e+01,2.08894304e+01,2.30279816e+01,2.67231129e+01
2.00000000e+01,2.12569534e+01,2.40907314e+01,2.88980506e+01
2.00000000e+01,2.23017339e+01,2.68507778e+01,3.42835117e+01
2.00000000e+01,2.34569583e+01,2.97057629e+01,3.98485969e+01
2.00000000e+01,2.23713013e+01,2.70507752e+01,3.47349053e+01
2.00000000e+01,2.20084013e+01,2.61235309e+01,3.29413490e+01
2.00000000e+01,2.00353551e+01,2.01700047e+01,2.04570078e+01
2.00000000e+01,2.00276263e+01,2.01363488e+01,2.03714164e+01
2.00000000e+01,2.00357809e+01,2.01718190e+01,2.04614684e+01
2.00000000e+01,2.00365173e+01,2.01748953e+01,2.04689313e+01
2.00000000e+01,2.00362010e+01,2.01736486e+01,2.04661018e+01
2.00000000e+01,2.00453570e+01,2.02123995e+01,2.05625192e+01
2.00000000e+01,2.00338657e+01,2.01635693e+01,2.04406470e+01
2.00000000e+01,2.00366089e+01,2.01753030e+01,2.04699305e+01
2.00000000e+01,2.01532528e+01,2.06315354e+01,2.15511965e+01
2.00000000e+01,2.00934326e+01,2.04052605e+01,2.10249639e+01
2.00000000e+01,2.01187364e+01,2.05030298e+01,2.12547353e+01
2.00000000e+01,2.00974216e+01,2.04213664e+01,2.10643671e+01
2.00000000e+01,2.00488321e+01,2.02268077e+01,2.05978446e+01
2.00000000e+01,2.00291654e+01,2.01435489e+01,2.03917545e+01
2.00000000e+01,2.32036808e+01,2.90954308e+01,3.86545406e+01
2.00000000e+01,2.00491477e+01,2.02280870e+01,2.06009438e+01
2.00000000e+01,2.61406850e+01,3.54879167e+01,4.67671609e+01
2.00000000e+01,2.61366698e+01,3.54818321e+01,4.67845789e+01
2.00000000e+01,2.32718519e+01,2.92335803e+01,3.87848993e+01
2.00000000e+01,2.32292991e+01,2.91443355e+01,3.86634476e+01
2.00000000e+01,2.04601662e+01,2.16934821e+01,2.39068996e+01
2.00000000e+01,2.04171717e+01,2.15520192e+01,2.36017421e+01
2.00000000e+01,2.03514001e+01,2.13329077e+01,2.31250089e+01
2.00000000e+01,2.05294918e+01,2.19173208e+01,2.43869294e+01
2.00000000e+01,2.00282213e+01,2.01391499e+01,2.03798446e+01
2.00000000e+01,2.00670131e+01,2.03003823e+01,2.07747801e+01
2.00000000e+01,2.00696243e+01,2.03118321e+01,2.08046762e+01
2.00000000e+01,2.00691570e+01,2.03100160e+01,2.08004068e+01
2.00000000e+01,2.00906648e+01,2.03951716e+01,2.10027976e+01
2.00000000e+01,2.00503459e+01,2.02331076e+01,2.06129026e+01
2.00000000e+01,2.61324638e+01,3.54702161e+01,4.67341873e+01
2.00000000e+01,2.61894770e+01,3.55652441e+01,4.68102418e+01
2.00000000e+01,2.61618492e+01,3.55164340e+01,4.67548970e+01
2.00000000e+01,2.61404798e+01,3.54874662e+01,4.67692266e+01
2.00000000e+01,2.30787670e+01,2.87688546e+01,3.79088457e+01
2.00000000e+01,2.00485768e+01,2.02258213e+01,2.05954828e+01
2.00000000e+01,2.15418519e+01,2.48807393e+01,3.04784661e+01
2.00000000e+01,2.02693320e+01,2.10504063e+01,2.25017018e+01
2.00000000e+01,2.02118842e+01,2.08472759e+01,2.20462973e+01
2.00000000e+01,2.00520510e+01,2.02401861e+01,2.06308031e+01
2.00000000e+01,2.01671344e+01,2.06843912e+01,2.16753625e+01
2.00000000e+01,2.02504466e+01,2.09845446e+01,2.23536653e+01
2.00000000e+01,2.02112420e+01,2.08457044e+01,2.20430338e+01
2.00000000e+01,2.01462817e+01,2.06070024e+01,2.14969474e+01
2.00000000e+01,2.00244592e+01,2.01222349e+01,2.03361763e+01
2.00000000e+01,2.09224308e+01,2.31121361e+01,2.68711300e+01
2.00000000e+01,2.01547006e+01,2.06372232e+01,2.15638608e+01
2.00000000e+01,2.00244852e+01,2.01221545e+01,2.03349782e+01
2.00000000e+01,2.00245130e+01,2.01222800e+01,2.03354033e+01
2.00000000e+01,2.00278277e+01,2.01372751e+01,2.03738888e+01
2.00000000e+01,2.00280408e+01,2.01383511e+01,2.03774070e+01
2.00000000e+01,2.18989381e+01,2.58304487e+01,3.23312449e+01
2.00000000e+01,2.18725954e+01,2.57662294e+01,3.22379926e+01
2.00000000e+01,2.04383814e+01,2.16214444e+01,2.37513162e+01
2.00000000e+01,2.02687752e+01,2.10484161e+01,2.24967595e+01
2.00000000e+01,2.02567634e+01,2.10073225e+01,2.24052961e+01
2.00000000e+01,2.02016110e+01,2.08104723e+01,2.19622725e+01
2.00000000e+01,2.03430765e+01,2.13040631e+01,2.30613941e+01
2.00000000e+01,2.05033670e+01,2.18313652e+01,2.42018391e+01
2.00000000e+01,2.02953264e+01,2.11395109e+01,2.26965365e+01
2.00000000e+01,2.03940786e+01,2.14737715e+01,2.34304647e+01
2.00000000e+01,2.11835301e+01,2.38794581e+01,2.84579039e+01
2.00000000e+01,2.09238641e+01,2.31257320e+01,2.69154169e+01
2.00000000e+01,2.14653264e+01,2.46648649e+01,3.00386011e+01
2.00000000e+01,2.06474773e+01,2.22844414e+01,2.51604142e+01
2.00000000e+01,2.08235258e+01,2.28291066e+01,2.63064180e+01
2.00000000e+01,2.32742894e+01,2.92351700e+01,3.87748908e+01
2.00000000e+01,2.32829880e+01,2.92482048e+01,3.87802146e+01
2.00000000e+01,2.04088879e+01,2.15220616e+01,2.35340974e+01
2.00000000e+01,2.02394481e+01,2.09444121e+01,2.22614885e+01
2.00000000e+01,2.04695805e+01,2.17191734e+01,2.39579028e+01
2.00000000e+01,2.07171533e+01,2.25068044e+01,2.56341516e+01
2.00000000e+01,2.09128171e+01,2.30947764e+01,2.68543571e+01
2.00000000e+01,2.11928585e+01,2.38881686e+01,2.84479747e+01
2.00000000e+01,2.06430350e+01,2.22758449e+01,2.51486194e+01
2.00000000e+01,2.10507511e+01,2.34995606e+01,2.76867426e+01
2.00000000e+01,2.07552626e+01,2.26179097e+01,2.58631169e+01
2.00000000e+01,2.05766069e+01,2.20661435e+01,2.47017443e+01
2.00000000e+01,2.18051972e+01,2.55830800e+01,3.18562710e+01
2.00000000e+01,2.07064959e+01,2.24673640e+01,2.55465231e+01
2.00000000e+01,2.08527909e+01,2.29174097e+01,2.64924297e+01
2.00000000e+01,2.11611642e+01,2.38023428e+01,2.82778224e+01
2.00000000e+01,2.06571171e+01,2.23201814e+01,2.52486501e+01
2.00000000e+01,2.00683903e+01,2.03068613e+01,2.07928168e+01
2.00000000e+01,2.01006469e+01,2.04346732e+01,2.10976582e+01
2.00000000e+01,2.00764065e+01,2.03386374e+01,2.08675071e+01
2.00000000e+01,2.00633138e+01,2.02861194e+01,2.07422427e+01
2.00000000e+01,2.00596253e+01,2.02712158e+01,2.07055235e+01
2.00000000e+01,2.06554568e+01,2.23124865e+01,2.52255271e+01
2.00000000e+01,2.00797896e+01,2.03524593e+01,2.09020155e+01
2.00000000e+01,2.27337159e+01,2.79648484e+01,3.64653216e+01
2.00000000e+01,2.00426916e+01,2.02011703e+01,2.05347514e+01
2.00000000e+01,2.03406318e+01,2.12960096e+01,2.30442832e+01
2.00000000e+01,2.04320992e+01,2.16030398e+01,2.37145573e+01
2.00000000e+01,2.00794269e+01,2.03512509e+01,2.08995082e+01
2.00000000e+01,2.33063675e+01,2.92863411e+01,3.88007547e+01
2.00000000e+01,2.00477802e+01,2.02224335e+01,2.05872450e+01
2.00000000e+01,2.00566817e+01,2.02593536e+01,2.06777749e+01
2.00000000e+01,2.00659339e+01,2.02967860e+01,2.07673728e+01
2.00000000e+01,2.00418647e+01,2.01975379e+01,2.05251297e+01
2.00000000e+01,2.01637512e+01,2.06730795e+01,2.16505908e+01
2.00000000e+01,2.02693828e+01,2.10495342e+01,2.24975536e+01
2.00000000e+01,2.02093171e+01,2.08388833e+01,2.20275905e+01
2.00000000e+01,2.01579720e+01,2.06510419e+01,2.15989675e+01
2.00000000e+01,2.01553094e+01,2.06395964e+01,2.15692849e+01
2.00000000e+01,2.01303607e+01,2.05483984e+01,2.13632934e+01
2.00000000e+01,2.01655338e+01,2.06794724e+01,2.16652651e+01
2.00000000e+01,2.02013974e+01,2.08091159e+01,2.19573055e+01
2.00000000e+01,2.02678878e+01,2.10455236e+01,2.24898185e+01
2.00000000e+01,2.31811188e+01,2.90448042e+01,3.85634241e+01
2.00000000e+01,2.00505005e+01,2.02337307e+01,2.06148102e+01
2.00000000e+01,2.31185377e+01,2.89036422e+01,3.83325888e+01
2.00000000e+01,2.61111447e+01,3.54815467e+01,4.69921331e+01
2.00000000e+01,2.00948672e+01,2.04121995e+01,2.10446259e+01
2.00000000e+01,2.61709445e+01,3.55391635e+01,4.68402178e+01
2.00000000e+01,2.02755475e+01,2.10734112e+01,2.25532275e+01
2.00000000e+01,2.37458692e+01,3.03692408e+01,4.10547067e+01
2.00000000e+01,2.01290504e+01,2.05431776e+01,2.13508790e+01
2.00000000e+01,2.01650352e+01,2.06774260e+01,2.16604770e+01
2.00000000e+01,2.01857515e+01,2.07534398e+01,2.18339140e+01
2.00000000e+01,2.01458248e+01,2.06062995e+01,2.14970712e+01
2.00000000e+01,2.02099072e+01,2.08410855e+01,2.20329904e+01
2.00000000e+01,2.01856935e+01,2.07528830e+01,2.18315440e+01
2.00000000e+01,2.02099289e+01,2.08406210e+01,2.20307535e+01
2.00000000e+01,2.01400602e+01,2.05842733e+01,2.14450406e+01
2.00000000e+01,2.01660991e+01,2.06812606e+01,2.16689489e+01
2.00000000e+01,2.01300261e+01,2.05473523e+01,2.13611000e+01
2.00000000e+01,2.01145000e+01,2.04873831e+01,2.12197394e+01
2.00000000e+01,2.00244638e+01,2.01220980e+01,2.03349637e+01
2.00000000e+01,2.00290309e+01,2.01425439e+01,2.03873363e+01
2.00000000e+01,2.00244940e+01,2.01222623e+01,2.03356290e+01
2.00000000e+01,2.00282588e+01,2.01391985e+01,2.03794745e+01
2.00000000e+01,2.07117162e+01,2.24890239e+01,2.55958655e+01
2.00000000e+01,2.05733446e+01,2.20563968e+01,2.46821225e+01
2.00000000e+01,2.09335924e+01,2.31570476e+01,2.69845813e+01
2.00000000e+01,2.06584403e+01,2.23238832e+01,2.52497727e+01
2.00000000e+01,2.08652609e+01,2.29514810e+01,2.65578031e+01
2.00000000e+01,2.01092757e+01,2.04675608e+01,2.11735002e+01
2.00000000e+01,2.01231449e+01,2.05208550e+01,2.12983237e+01
2.00000000e+01,2.01573458e+01,2.06479409e+01,2.15898640e+01
2.00000000e+01,2.02670731e+01,2.10438012e+01,2.24879537e+01
2.00000000e+01,2.60812927e+01,3.54240345e+01,4.69181509e+01
2.00000000e+01,2.61108975e+01,3.54714805e+01,4.69470926e+01
2.00000000e+01,2.34719318e+01,2.97218331e+01,3.98096988e+01
2.00000000e+01,2.30581635e+01,2.87340842e+01,3.78909912e+01
2.00000000e+01,2.01159463e+01,2.04931898e+01,2.12337184e+01
2.00000000e+01,2.13255706e+01,2.42866592e+01,2.92887890e+01
2.00000000e+01,2.04025537e+01,2.15036889e+01,2.34976000e+01
2.00000000e+01,2.00613429e+01,2.02783254e+01,2.07237693e+01
2.00000000e+01,2.00896648e+01,2.03916184e+01,2.09953639e+01
2.00000000e+01,2.02113553e+01,2.08460362e+01,2.20444433e+01
2.00000000e+01,2.01646219e+01,2.06769211e+01,2.16603717e+01
2.00000000e+01,2.02684959e+01,2.10471464e+01,2.24935491e+01
2.00000000e+01,2.02094846e+01,2.08398232e+01,2.20303235e+01
2.00000000e+01,2.01577018e+01,2.06503228e+01,2.15980641e+01
2.00000000e+01,2.10171854e+01,2.34001056e+01,2.74812139e+01
2.00000000e+01,2.00245694e+01,2.01226898e+01,2.03376170e+01
2.00000000e+01,2.05587571e+01,2.20113864e+01,2.45880174e+01
2.00000000e+01,2.00648994e+01,2.02926493e+01,2.07582453e+01
2.00000000e+01,2.11562398e+01,2.37858012e+01,2.82422932e+01
2.00000000e+01,2.01470906e+01,2.06109642e+01,2.15078145e+01
2.00000000e+01,2.01872583e+01,2.07586155e+01,2.18447353e+01
2.00000000e+01,2.02680493e+01,2.10463133e+01,2.24922569e+01
2.00000000e+01,2.03430611e+01,2.13036159e+01,2.30595845e+01
2.00000000e+01,2.03191372e+01,2.12215529e+01,2.28787644e+01
2.00000000e+01,2.02017708e+01,2.08108237e+01,2.19625933e+01
2.00000000e+01,2.03591237e+01,2.13574532e+01,2.31784112e+01
2.00000000e+01,2.03113654e+01,2.11952198e+01,2.28218456e+01
2.00000000e+01,2.02755198e+01,2.10724787e+01,2.25503272e+01
2.00000000e+01,2.04675174e+01,2.17163413e+01,2.39565756e+01
2.00000000e+01,2.04056027e+01,2.15129882e+01,2.35173203e+01
2.00000000e+01,2.14938062e+01,2.47473506e+01,3.02177582e+01
2.00000000e+01,2.00859894e+01,2.03770152e+01,2.09605155e+01
2.00000000e+01,2.00777574e+01,2.03446105e+01,2.08835230e+01
2.00000000e+01,2.00243126e+01,2.01217571e+01,2.03353072e+01
2.00000000e+01,2.00243950e+01,2.01220583e+01,2.03360606e+01
2.00000000e+01,2.00524055e+01,2.02416339e+01,2.06342925e+01
2.00000000e+01,2.62057274e+01,3.56074133e+01,4.69105883e+01
2.00000000e+01,2.03417411e+01,2.12998804e+01,2.30540167e+01
2.00000000e+01,2.00284378e+01,2.01399588e+01,2.03808846e+01
2.00000000e+01,2.01134842e+01,2.04834779e+01,2.12104988e+01
2.00000000e+01,2.01237182e+01,2.05226295e+01,2.13019709e+01
2.00000000e+01,2.01397778e+01,2.05821053e+01,2.14379012e+01
2.00000000e+01,2.03413672e+01,2.12989296e+01,2.30509717e+01
2.00000000e+01,2.11841827e+01,2.38855988e+01,2.84880982e+01
2.00000000e+01,2.00956105e+01,2.04149442e+01,2.10508057e+01
2.00000000e+01,2.00243724e+01,2.01213027e+01,2.03308284e+01
2.00000000e+01,2.00279011e+01,2.01373923e+01,2.03735047e+01
2.00000000e+01,2.00244085e+01,2.01217104e+01,2.03331393e+01
2.00000000e+01,2.00243936e+01,2.01216437e+01,2.03328957e+01
2.00000000e+01,2.16949611e+01,2.52869573e+01,3.12696888e+01
2.00000000e+01,2.00795864e+01,2.03517448e+01,2.09004806e+01
2.00000000e+01,2.61052238e+01,3.54805287e+01,4.70432241e+01
2.00000000e+01,2.60781536e+01,3.54224990e+01,4.69484792e+01
2.00000000e+01,2.31703663e+01,2.90370497e+01,3.86130957e+01
2.00000000e+01,2.30740707e+01,2.87809154e+01,3.80149923e+01
2.00000000e+01,2.08284917e+01,2.28480098e+01,2.63492823e+01
2.00000000e+01,2.11824452e+01,2.38698361e+01,2.84339622e+01
2.00000000e+01,2.00499296e+01,2.02314792e+01,2.06094671e+01
2.00000000e+01,2.02097155e+01,2.08406998e+01,2.20323268e+01
2.00000000e+01,2.02675508e+01,2.10448714e+01,2.24895536e+01
2.00000000e+01,2.00541244e+01,2.02488487e+01,2.06520695e+01
2.00000000e+01,2.61587374e+01,3.55309627e+01,4.68763221e+01
2.00000000e+01,2.01311388e+01,2.05511960e+01,2.13698093e+01
2.00000000e+01,2.01872586e+01,2.07584416e+01,2.18449400e+01
2.00000000e+01,2.02096585e+01,2.08399777e+01,2.20303440e+01
2.00000000e+01,2.07058734e+01,2.24693167e+01,2.55562948e+01
2.00000000e+01,2.61925985e+01,3.57027994e+01,4.76093950e+01
2.00000000e+01,2.33994724e+01,2.96147001e+01,3.98512639e+01
2.00000000e+01,2.61794901e+01,3.56279840e+01,4.72712691e+01
2.00000000e+01,2.61376280e+01,3.55491223e+01,4.71725768e+01
2.00000000e+01,2.13806068e+01,2.44235432e+01,2.95346627e+01
2.00000000e+01,2.05641590e+01,2.20242592e+01,2.46102028e+01
2.00000000e+01,2.04810707e+01,2.17593180e+01,2.40487538e+01
2.00000000e+01,2.31258927e+01,2.89164274e+01,3.83412206e+01
2.00000000e+01,2.32548995e+01,2.91918389e+01,3.87287893e+01
2.00000000e+01,2.07720141e+01,2.26727138e+01,2.59805659e+01
2.00000000e+01,2.05852021e+01,2.20916088e+01,2.47573794e+01
2.00000000e+01,2.05125067e+01,2.18639232e+01,2.42757634e+01
2.00000000e+01,2.02117287e+01,2.08468592e+01,2.20453470e+01
2.00000000e+01,2.08952128e+01,2.30438421e+01,2.67541772e+01
2.00000000e+01,2.03107589e+01,2.11938279e+01,2.28192665e+01
2.00000000e+01,2.00632873e+01,2.02859400e+01,2.07416920e+01
2.00000000e+01,2.00896042e+01,2.03906111e+01,2.09913604e+01
2.00000000e+01,2.00803018e+01,2.03544805e+01,2.09067871e+01
2.00000000e+01,2.00479598e+01,2.02230169e+01,2.05878188e+01
2.00000000e+01,2.04464991e+01,2.16487786e+01,2.38119384e+01
2.00000000e+01,2.03870194e+01,2.14513848e+01,2.33830345e+01
2.00000000e+01,2.15223104e+01,2.48198333e+01,3.03436237e+01
2.00000000e+01,2.01843250e+01,2.07481890e+01,2.18209033e+01
2.00000000e+01,2.03170842e+01,2.12174171e+01,2.28730268e+01
2.00000000e+01,2.03408718e+01,2.12971308e+01,2.30469672e+01
2.00000000e+01,2.00244085e+01,2.01219969e+01,2.03352716e+01
2.00000000e+01,2.22095061e+01,2.66394496e+01,3.39345373e+01
2.00000000e+01,2.61828454e+01,3.55434651e+01,4.67320107e+01
2.00000000e+01,2.61772539e+01,3.55373149e+01,4.67493032e+01
2.00000000e+01,2.37297084e+01,3.03257370e+01,4.09610547e+01
2.00000000e+01,2.20722772e+01,2.62722070e+01,3.31854518e+01
2.00000000e+01,2.34692351e+01,2.97251680e+01,3.98482505e+01
2.00000000e+01,2.24397459e+01,2.72297836e+01,3.50949844e+01
2.00000000e+01,2.14785013e+01,2.47067286e+01,3.01395178e+01
2.00000000e+01,2.15246674e+01,2.48284044e+01,3.03706563e+01
2.00000000e+01,2.00244157e+01,2.01221995e+01,2.03367994e+01
2.00000000e+01,2.00244859e+01,2.01216930e+01,2.03316272e+01
2.00000000e+01,2.00243783e+01,2.01218067e+01,2.03344019e+01
2.00000000e+01,2.00244189e+01,2.01217685e+01,2.03333599e+01
2.00000000e+01,2.00244434e+01,2.01218110e+01,2.03332191e+01
2.00000000e+01,2.00282224e+01,2.01390374e+01,2.03786005e+01
2.00000000e+01,2.02440570e+01,2.09618246e+01,2.23037627e+01
2.00000000e+01,2.00503546e+01,2.02331973e+01,2.06135616e+01
2.00000000e+01,2.00796231e+01,2.03517779e+01,2.09003775e+01
2.00000000e+01,2.61680149e+01,3.55383474e+01,4.68487961e+01
2.00000000e+01,2.00484336e+01,2.02251326e+01,2.05937516e+01
2.00000000e+01,2.02109050e+01,2.08445141e+01,2.20402054e+01
2.00000000e+01,2.00276384e+01,2.01362941e+01,2.03708917e+01
2.00000000e+01,2.04361931e+01,2.16160236e+01,2.37414138e+01
2.00000000e+01,2.00792974e+01,2.03505497e+01,2.08975115e+01
2.00000000e+01,2.01972909e+01,2.07951733e+01,2.19292055e+01
2.00000000e+01,2.61234353e+01,3.55099880e+01,4.70496902e+01
2.00000000e+01,2.26568112e+01,2.77681832e+01,3.61393372e+01
2.00000000e+01,2.61099395e+01,3.54746473e+01,4.69696937e+01
2.00000000e+01,2.37559297e+01,3.03785359e+01,4.10158586e+01
2.00000000e+01,2.37531339e+01,3.03850616e+01,4.10854009e+01
2.00000000e+01,2.32373977e+01,2.91734870e+01,3.87659158e+01
2.00000000e+01,2.22801163e+01,2.68422422e+01,3.44015180e+01
2.00000000e+01,2.22467888e+01,2.67445004e+01,3.41819600e+01
2.00000000e+01,2.00243915e+01,2.01213741e+01,2.03310147e+01
2.00000000e+01,2.00244671e+01,2.01218786e+01,2.03333265e+01
2.00000000e+01,2.00274208e+01,2.01352962e+01,2.03681997e+01
2.00000000e+01,2.00243846e+01,2.01216384e+01,2.03330541e+01
2.00000000e+01,2.61142904e+01,3.54822028e+01,4.69691940e+01
2.00000000e+01,2.31190202e+01,2.89080922e+01,3.83543600e+01
2.00000000e+01,2.22191195e+01,2.66699368e+01,3.40145158e+01
2.00000000e+01,2.02093337e+01,2.08388706e+01,2.20273921e+01
2.00000000e+01,2.00637088e+01,2.02878714e+01,2.07467080e+01
2.00000000e+01,2.00243784e+01,2.01213122e+01,2.03308297e+01
2.00000000e+01,2.00274771e+01,2.01355338e+01,2.03687475e+01
2.00000000e+01,2.00244062e+01,2.01216490e+01,2.03327734e+01
2.00000000e+01,2.00244243e+01,2.01218119e+01,2.03336123e+01
2.00000000e+01,2.00790194e+01,2.03496044e+01,2.08954577e+01
2.00000000e+01,2.00855833e+01,2.03753033e+01,2.09556291e+01
2.00000000e+01,2.00676681e+01,2.03040729e+01,2.07861121e+01
2.00000000e+01,2.00528842e+01,2.02435956e+01,2.06384396e+01
2.00000000e+01,2.05522500e+01,2.19899311e+01,2.45436017e+01
2.00000000e+01,2.00276177e+01,2.01362406e+01,2.03708688e+01
2.00000000e+01,2.04416780e+01,2.16290880e+01,2.37639288e+01
2.00000000e+01,2.05524450e+01,2.19907348e+01,2.45449316e+01
2.00000000e+01,2.00243858e+01,2.01213505e+01,2.03309255e+01
2.00000000e+01,2.00290835e+01,2.01425868e+01,2.03867937e+01
2.00000000e+01,2.00244272e+01,2.01218370e+01,2.03336944e+01
2.00000000e+01,2.00244064e+01,2.01217021e+01,2.03330854e+01
2.00000000e+01,2.61315987e+01,3.54703651e+01,4.67464389e+01
2.00000000e+01,2.61727410e+01,3.55398105e+01,4.68227925e+01
2.00000000e+01,2.01644974e+01,2.06751562e+01,2.16548839e+01
2.00000000e+01,2.00486220e+01,2.02259901e+01,2.05957643e+01
2.00000000e+01,2.00413929e+01,2.01956722e+01,2.05209555e+01
2.00000000e+01,2.00306868e+01,2.01496944e+01,2.04052335e+01
2.00000000e+01,2.00244324e+01,2.01214933e+01,2.03312194e+01
2.00000000e+01,2.00267932e+01,2.01324375e+01,2.03606962e+01
2.00000000e+01,2.00244410e+01,2.01217946e+01,2.03332390e+01
2.00000000e+01,2.00245431e+01,2.01222100e+01,2.03344557e+01
2.00000000e+01,2.00525346e+01,2.02421199e+01,2.06353478e+01
2.00000000e+01,2.22398838e+01,2.67148111e+01,3.40761661e+01
2.00000000e+01,2.14682810e+01,2.46758647e+01,3.00673488e+01
2.00000000e+01,2.03511115e+01,2.13315588e+01,2.31213750e+01
2.00000000e+01,2.04377879e+01,2.16209874e+01,2.37520726e+01
2.00000000e+01,2.61294534e+01,3.54796999e+01,4.68244573e+01
2.00000000e+01,2.30571031e+01,2.87206227e+01,3.78281083e+01
2.00000000e+01,2.62020429e+01,3.57166396e+01,4.76096619e+01
2.00000000e+01,2.61991910e+01,3.56483639e+01,4.71984458e+01
2.00000000e+01,2.36813758e+01,3.02780371e+01,4.11204329e+01
2.00000000e+01,2.61572299e+01,3.55925963e+01,4.72512317e+01
2.00000000e+01,2.07221084e+01,2.25171807e+01,2.56506412e+01
2.00000000e+01,2.61929627e+01,3.57021121e+01,4.75921816e+01
2.00000000e+01,2.61919984e+01,3.56385710e+01,4.72146037e+01
2.00000000e+01,2.34244168e+01,2.96777740e+01,3.99875912e+01
2.00000000e+01,2.61525909e+01,3.55711013e+01,4.71619360e+01
2.00000000e+01,2.00274811e+01,2.01355843e+01,2.03690489e+01
2.00000000e+01,2.08728880e+01,2.29758126e+01,2.66078214e+01
2.00000000e+01,2.01017575e+01,2.04387234e+01,2.11066606e+01
2.00000000e+01,2.00610403e+01,2.02771663e+01,2.07208969e+01
2.00000000e+01,2.00243924e+01,2.01213564e+01,2.03309278e+01
2.00000000e+01,2.00244138e+01,2.01216627e+01,2.03327698e+01
2.00000000e+01,2.00244256e+01,2.01218121e+01,2.03336081e+01
2.00000000e+01,2.00269205e+01,2.01330231e+01,2.03622245e+01
2.00000000e+01,2.61962478e+01,3.57082820e+01,4.76046184e+01
2.00000000e+01,2.37165591e+01,3.03492560e+01,4.12222267e+01
2.00000000e+01,2.61991785e+01,3.56585458e+01,4.72616670e+01
2.00000000e+01,2.61481740e+01,3.55646471e+01,4.71643972e+01
2.00000000e+01,2.61808316e+01,3.55659770e+01,4.68959607e+01
2.00000000e+01,2.61091211e+01,3.54342642e+01,4.67322714e+01
2.00000000e+01,2.62014627e+01,3.55851938e+01,4.68225195e+01
2.00000000e+01,2.04336293e+01,2.16064039e+01,2.37207393e+01
2.00000000e+01,2.05525142e+01,2.19913473e+01,2.45471434e+01
2.00000000e+01,2.62084435e+01,3.57249337e+01,4.76070395e+01
2.00000000e+01,2.61783804e+01,3.56125664e+01,4.71873869e+01
2.00000000e+01,2.61567568e+01,3.55923063e+01,4.72604358e+01
2.00000000e+01,2.34208627e+01,2.96750374e+01,3.99962699e+01
2.00000000e+01,2.34863093e+01,2.97515561e+01,3.98582163e+01
2.00000000e+01,2.00244041e+01,2.01219878e+01,2.03352821e+01
2.00000000e+01,2.01005198e+01,2.04343571e+01,2.10968400e+01
2.00000000e+01,2.01453066e+01,2.06045071e+01,2.14929655e+01
2.00000000e+01,2.62085836e+01,3.57262489e+01,4.75990742e+01
2.00000000e+01,2.61755547e+01,3.56139812e+01,4.72128638e+01
2.00000000e+01,2.35515263e+01,2.99866864e+01,4.06047982e+01
2.00000000e+01,2.34337501e+01,2.96876971e+01,3.99590872e+01
2.00000000e+01,2.00243930e+01,2.01213828e+01,2.03310123e+01
2.00000000e+01,2.00278576e+01,2.01374299e+01,2.03744178e+01
2.00000000e+01,2.00278980e+01,2.01374034e+01,2.03735942e+01
2.00000000e+01,2.00243859e+01,2.01216767e+01,2.03332750e+01
2.00000000e+01,2.00278749e+01,2.01374624e+01,2.03743808e+01
2.00000000e+01,2.00244735e+01,2.01219085e+01,2.03333808e+01
2.00000000e+01,2.00907324e+01,2.03957448e+01,2.10052629e+01
2.00000000e+01,2.01675862e+01,2.06861467e+01,2.16800347e+01
2.00000000e+01,2.00244137e+01,2.01214432e+01,2.03311100e+01
2.00000000e+01,2.00278702e+01,2.01372749e+01,2.03732097e+01
2.00000000e+01,2.00244178e+01,2.01217422e+01,2.03332021e+01
2.00000000e+01,2.00244326e+01,2.01217762e+01,2.03331633e+01
2.00000000e+01,2.61857882e+01,3.55500225e+01,4.67501539e+01
2.00000000e+01,2.22647986e+01,2.67549390e+01,3.40972999e+01
2.00000000e+01,2.34316827e+01,2.96403184e+01,3.97006218e+01
2.00000000e+01,2.20998582e+01,2.63464793e+01,3.33404324e+01
2.00000000e+01,2.20047841e+01,2.61148330e+01,3.29269806e+01
2.00000000e+01,2.31114034e+01,2.89315979e+01,3.85449001e+01
2.00000000e+01,2.01672069e+01,2.06847270e+01,2.16762765e+01
2.00000000e+01,2.62061984e+01,3.57219809e+01,4.75979665e+01
2.00000000e+01,2.61822271e+01,3.56111552e+01,4.71319866e+01
2.00000000e+01,2.61611452e+01,3.55981616e+01,4.72478559e+01
2.00000000e+01,2.36769136e+01,3.02729695e+01,4.11250929e+01
2.00000000e+01,2.37359937e+01,3.03358125e+01,4.09472099e+01
2.00000000e+01,2.62115206e+01,3.57302265e+01,4.76012649e+01
2.00000000e+01,2.36911565e+01,3.03093472e+01,4.12074129e+01
2.00000000e+01,2.37497378e+01,3.04132790e+01,4.12863427e+01
2.00000000e+01,2.61763361e+01,3.56274139e+01,4.72753485e+01
2.00000000e+01,2.00273961e+01,2.01352368e+01,2.03682155e+01
2.00000000e+01,2.00479993e+01,2.02232997e+01,2.05891731e+01
2.00000000e+01,2.30931929e+01,2.89027342e+01,3.85336209e+01
2.00000000e+01,2.00293593e+01,2.01438005e+01,2.03900043e+01
2.00000000e+01,2.00243410e+01,2.01211798e+01,2.03305308e+01
2.00000000e+01,2.00291341e+01,2.01427850e+01,2.03872869e+01
2.00000000e+01,2.00244216e+01,2.01217550e+01,2.03332434e+01
2.00000000e+01,2.00267103e+01,2.01321583e+01,2.03601296e+01
2.00000000e+01,2.01292916e+01,2.05443057e+01,2.13535944e+01
2.00000000e+01,2.30817872e+01,2.88682025e+01,3.84517938e+01
2.00000000e+01,2.61500452e+01,3.55147065e+01,4.68725788e+01
2.00000000e+01,2.01049039e+01,2.04514014e+01,2.11372591e+01
2.00000000e+01,2.01056056e+01,2.04540617e+01,2.11434379e+01
2.00000000e+01,2.34399069e+01,2.96553920e+01,3.97235647e+01
2.00000000e+01,2.61220633e+01,3.54930658e+01,4.69689148e+01
2.00000000e+01,2.00349984e+01,2.01684387e+01,2.04529032e+01
2.00000000e+01,2.00377206e+01,2.01801050e+01,2.04821664e+01
2.00000000e+01,2.00275430e+01,2.01359705e+01,2.03704255e+01
2.00000000e+01,2.00362250e+01,2.01735927e+01,2.04655733e+01
2.00000000e+01,2.01002451e+01,2.04331207e+01,2.10938624e+01
2.00000000e+01,2.00243673e+01,2.01215862e+01,2.03330021e+01
2.00000000e+01,2.01468499e+01,2.06106889e+01,2.15078679e+01
2.00000000e+01,2.62185533e+01,3.57419488e+01,4.76140738e+01
2.00000000e+01,2.61895274e+01,3.56266173e+01,4.71730225e+01
2.00000000e+01,2.30507838e+01,2.88257761e+01,3.84653549e+01
2.00000000e+01,2.61812288e+01,3.56316021e+01,4.72703753e+01
2.00000000e+01,2.14656067e+01,2.46591331e+01,3.00070172e+01
2.00000000e+01,2.61872314e+01,3.55694801e+01,4.68579353e+01
2.00000000e+01,2.00486976e+01,2.02262298e+01,2.05963799e+01
2.00000000e+01,2.00267075e+01,2.01321149e+01,2.03599845e+01
2.00000000e+01,2.00348970e+01,2.01680311e+01,2.04519488e+01
2.00000000e+01,2.00293285e+01,2.01437017e+01,2.03898036e+01
2.00000000e+01,2.37389956e+01,3.03783354e+01,4.12029088e+01
2.00000000e+01,2.62063546e+01,3.57217920e+01,4.75921728e+01
2.00000000e+01,2.61837057e+01,3.56137467e+01,4.71383902e+01
2.00000000e+01,2.36776590e+01,3.02738745e+01,4.11286307e+01
2.00000000e+01,2.61747416e+01,3.56202674e+01,4.72578317e+01
2.00000000e+01,2.34171756e+01,2.96364765e+01,3.98229627e+01
2.00000000e+01,2.00280315e+01,2.01378203e+01,2.03745028e+01
2.00000000e+01,2.00271853e+01,2.01342472e+01,2.03654599e+01
2.00000000e+01,2.00244430e+01,2.01221263e+01,2.03356212e+01
2.00000000e+01,2.00243974e+01,2.01220052e+01,2.03355622e+01
2.00000000e+01,2.05608107e+01,2.20175328e+01,2.46002829e+01
2.00000000e+01,2.09230302e+01,2.31236520e+01,2.69105354e+01
2.00000000e+01,2.61858356e+01,3.56208586e+01,4.71634268e+01
2.00000000e+01,2.17319433e+01,2.53912547e+01,3.14860578e+01
2.00000000e+01,2.62022802e+01,3.56383898e+01,4.71134769e+01
2.00000000e+01,2.15210325e+01,2.48162598e+01,3.03325762e+01
2.00000000e+01,2.00244410e+01,2.01223070e+01,2.03371221e+01
2.00000000e+01,2.61942541e+01,3.57003259e+01,4.75889163e+01
2.00000000e+01,2.31576011e+01,2.90518296e+01,3.87952617e+01
2.00000000e+01,2.61671562e+01,3.55903928e+01,4.71569635e+01
2.00000000e+01,2.61453215e+01,3.55665102e+01,4.72105908e+01
2.00000000e+01,2.01067630e+01,2.04581284e+01,2.11525198e+01
2.00000000e+01,2.01139615e+01,2.04856824e+01,2.12168214e+01
2.00000000e+01,2.61380406e+01,3.54820237e+01,4.67600876e+01
2.00000000e+01,2.01480752e+01,2.06148582e+01,2.15170813e+01
2.00000000e+01,2.61570008e+01,3.55215254e+01,4.68456932e+01
2.00000000e+01,2.00243772e+01,2.01219088e+01,2.03352291e+01
2.00000000e+01,2.00307232e+01,2.01497786e+01,2.04052982e+01
2.00000000e+01,2.00245002e+01,2.01217277e+01,2.03316219e+01
2.00000000e+01,2.00243777e+01,2.01218231e+01,2.03345140e+01
2.00000000e+01,2.00244723e+01,2.01219029e+01,2.03333695e+01
2.00000000e+01,2.00244241e+01,2.01218158e+01,2.03335870e+01
2.00000000e+01,2.00280044e+01,2.01381070e+01,2.03762347e+01
2.00000000e+01,2.61811056e+01,3.56826378e+01,4.75886808e+01
2.00000000e+01,2.61727590e+01,3.56041347e+01,4.71857940e+01
2.00000000e+01,2.34282685e+01,2.96848889e+01,3.99917864e+01
2.00000000e+01,2.61442888e+01,3.55722747e+01,4.72474418e+01
2.00000000e+01,2.20836705e+01,2.63084080e+01,3.32714994e+01
2.00000000e+01,2.01283659e+01,2.05407719e+01,2.13454271e+01
2.00000000e+01,2.08964509e+01,2.30462449e+01,2.67541504e+01
2.00000000e+01,2.01405400e+01,2.05864414e+01,2.14513581e+01
2.00000000e+01,2.16342404e+01,2.51194727e+01,3.09253333e+01
2.00000000e+01,2.00244010e+01,2.01214120e+01,2.03311028e+01
2.00000000e+01,2.00244021e+01,2.01217551e+01,2.03335790e+01
2.00000000e+01,2.00245132e+01,2.01220107e+01,2.03334487e+01
2.00000000e+01,2.00284691e+01,2.01398981e+01,2.03799703e+01
2.00000000e+01,2.00245299e+01,2.01218349e+01,2.03318974e+01
2.00000000e+01,2.00244625e+01,2.01218834e+01,2.03334107e+01
2.00000000e+01,2.00244631e+01,2.01219827e+01,2.03341305e+01
2.00000000e+01,2.00244112e+01,2.01219646e+01,2.03349963e+01
2.00000000e+01,2.00281744e+01,2.01387946e+01,2.03779407e+01
2.00000000e+01,2.05040518e+01,2.18365320e+01,2.42155459e+01
2.00000000e+01,2.01303547e+01,2.05484124e+01,2.13632767e+01
2.00000000e+01,2.06188900e+01,2.21992885e+01,2.49849316e+01
2.00000000e+01,2.00275446e+01,2.01358738e+01,2.03697893e+01
2.00000000e+01,2.30968140e+01,2.88867811e+01,3.84314877e+01
2.00000000e+01,2.00306900e+01,2.01496806e+01,2.04051620e+01
2.00000000e+01,2.31322656e+01,2.89896825e+01,3.86751142e+01
2.00000000e+01,2.01008627e+01,2.04353007e+01,2.10986448e+01
2.00000000e+01,2.34327348e+01,2.96843958e+01,3.99395953e+01
2.00000000e+01,2.17391366e+01,2.54138839e+01,3.15433575e+01
2.00000000e+01,2.00244112e+01,2.01221893e+01,2.03367980e+01
2.00000000e+01,2.00275530e+01,2.01358981e+01,2.03698057e+01
2.00000000e+01,2.34332389e+01,2.96849610e+01,3.99363480e+01
2.00000000e+01,2.00243786e+01,2.01213171e+01,2.03308474e+01
2.00000000e+01,2.00244413e+01,2.01217434e+01,2.03328220e+01
2.00000000e+01,2.00244354e+01,2.01218383e+01,2.03335982e+01
2.00000000e+01,2.00272839e+01,2.01346693e+01,2.03664766e+01
2.00000000e+01,2.00244118e+01,2.01220540e+01,2.03357116e+01
2.00000000e+01,2.00366190e+01,2.01753714e+01,2.04702075e+01
2.00000000e+01,2.00284199e+01,2.01397404e+01,2.03797242e+01
2.00000000e+01,2.01015951e+01,2.04379923e+01,2.11047351e+01
2.00000000e+01,2.61869662e+01,3.55740877e+01,4.68845257e+01
2.00000000e+01,2.00278444e+01,2.01372279e+01,2.03733068e+01
2.00000000e+01,2.62257516e+01,3.57518857e+01,4.76061671e+01
2.00000000e+01,2.00413608e+01,2.01955802e+01,2.05207852e+01
2.00000000e+01,2.34061751e+01,2.96233482e+01,3.98430209e+01
2.00000000e+01,2.01312142e+01,2.05514653e+01,2.13702923e+01
2.00000000e+01,2.00243904e+01,2.01213679e+01,2.03309710e+01
2.00000000e+01,2.00244062e+01,2.01217402e+01,2.03333975e+01
2.00000000e+01,2.00244585e+01,2.01218478e+01,2.03332274e+01
2.00000000e+01,2.00272319e+01,2.01344087e+01,2.03657894e+01
2.00000000e+01,2.00244043e+01,2.01214260e+01,2.03311476e+01
2.00000000e+01,2.00290856e+01,2.01426258e+01,2.03870126e+01
2.00000000e+01,2.62087801e+01,3.57263147e+01,4.76127527e+01
2.00000000e+01,2.00243319e+01,2.01211543e+01,2.03305323e+01
2.00000000e+01,2.15194678e+01,2.48051213e+01,3.02948634e+01
2.00000000e+01,2.38941865e+01,3.07291295e+01,4.18266894e+01
2.00000000e+01,2.00244555e+01,2.01215674e+01,2.03313820e+01
2.00000000e+01,2.00245645e+01,2.01222886e+01,2.03346627e+01
2.00000000e+01,2.00244471e+01,2.01215343e+01,2.03313259e+01
2.00000000e+01,2.00280466e+01,2.01378665e+01,2.03745916e+01
2.00000000e+01,2.00463316e+01,2.02162331e+01,2.05715099e+01
2.00000000e+01,2.61968701e+01,3.55675431e+01,4.67520814e+01
2.00000000e+01,2.07035812e+01,2.24630859e+01,2.55421129e+01
2.00000000e+01,2.00243801e+01,2.01213505e+01,2.03310303e+01
2.00000000e+01,2.62365286e+01,3.57665221e+01,4.75873639e+01
2.00000000e+01,2.00243801e+01,2.01213443e+01,2.03309764e+01
2.00000000e+01,2.00272920e+01,2.01347463e+01,2.03668801e+01
2.00000000e+01,2.00243587e+01,2.01212596e+01,2.03307572e+01
2.00000000e+01,2.00243202e+01,2.01211130e+01,2.03304207e+01
2.00000000e+01,2.62162131e+01,3.57384560e+01,4.76161453e+01
2.00000000e+01,2.61839806e+01,3.56329597e+01,4.72622923e+01
2.00000000e+01,2.62105198e+01,3.57276678e+01,4.76083200e+01
2.00000000e+01,2.30516804e+01,2.88232302e+01,3.84431485e+01
2.00000000e+01,2.00243954e+01,2.01213881e+01,2.03310149e+01
2.00000000e+01,2.62007863e+01,3.57133873e+01,4.75999455e+01
2.00000000e+01,2.35736251e+01,3.00169900e+01,4.05831576e+01
2.00000000e+01,2.62339801e+01,3.57636503e+01,4.75976145e+01
2.00000000e+01,2.61405337e+01,3.55511512e+01,4.71505078e+01
2.00000000e+01,2.00243837e+01,2.01213616e+01,2.03310176e+01
2.00000000e+01,2.61982158e+01,3.57091516e+01,4.75912634e+01
2.00000000e+01,2.61663825e+01,3.56080939e+01,4.72611234e+01
2.00000000e+01,2.61962279e+01,3.56351525e+01,4.71557298e+01
2.00000000e+01,2.33858133e+01,2.95955505e+01,3.98579410e+01
2.00000000e+01,2.62243404e+01,3.57513059e+01,4.75926190e+01
2.00000000e+01,2.36966323e+01,3.03152878e+01,4.11936045e+01
2.00000000e+01,2.62399320e+01,3.57743653e+01,4.75966327e+01
2.00000000e+01,2.61926276e+01,3.56225614e+01,4.70967025e+01
2.00000000e+01,2.62222797e+01,3.57446675e+01,4.75974578e+01
2.00000000e+01,2.62223987e+01,3.57459242e+01,4.76026028e+01
2.00000000e+01,2.62212312e+01,3.57444508e+01,4.76176638e+01
2.00000000e+01,2.62113877e+01,3.57297494e+01,4.76045163e+01
2.00000000e+01,2.31437632e+01,2.90069214e+01,3.86808742e+01
2.00000000e+01,2.00243638e+01,2.01212849e+01,2.03308651e+01
2.00000000e+01,2.00267187e+01,2.01321507e+01,2.03600578e+01
2.00000000e+01,2.62324451e+01,3.57623696e+01,4.76137988e+01
2.00000000e+01,2.37069522e+01,3.03133939e+01,4.11134639e+01
2.00000000e+01,2.61755391e+01,3.56132497e+01,4.72105730e+01
2.00000000e+01,2.62139409e+01,3.57342306e+01,4.76168144e+01
2.00000000e+01,2.00243982e+01,2.01214069e+01,2.03311493e+01
2.00000000e+01,2.62296750e+01,3.57556394e+01,4.75964715e+01
2.00000000e+01,2.00243731e+01,2.01213141e+01,2.03309410e+01
2.00000000e+01,2.00243757e+01,2.01213109e+01,2.03308765e+01
2.00000000e+01,2.00243945e+01,2.01213892e+01,2.03310485e+01
2.00000000e+01,2.62197020e+01,3.57409673e+01,4.75993674e+01
2.00000000e+01,2.37350741e+01,3.03967569e+01,4.13159779e+01
2.00000000e+01,2.61857953e+01,3.56416308e+01,4.72761473e+01
2.00000000e+01,2.61990435e+01,3.56509565e+01,4.72020784e+01
2.00000000e+01,2.62301780e+01,3.57573091e+01,4.75983589e+01
2.00000000e+01,2.38365823e+01,3.06450639e+01,4.18402779e+01
2.00000000e+01,2.00244083e+01,2.01214374e+01,2.03311607e+01
2.00000000e+01,2.00244075e+01,2.01214239e+01,2.03311710e+01
2.00000000e+01,2.00244695e+01,2.01218485e+01,2.03331610e+01
2.00000000e+01,2.00269783e+01,2.01332250e+01,2.03626879e+01
2.00000000e+01,2.62291503e+01,3.57572950e+01,4.76185165e+01
2.00000000e+01,2.33043401e+01,2.92823386e+01,3.87894475e+01
2.00000000e+01,2.14849536e+01,2.47211371e+01,3.01496711e+01
2.00000000e+01,2.04033783e+01,2.15053004e+01,2.35000836e+01
