0.00332230,0.00000000,0.00214427
0.00437305,0.00151063,0.00242413
0.00325826,0.00000000,0.00078409
0.00223546,0.00299174,0.00011653
0.00325826,0.01200000,0.00078409
0.00490023,0.01047052,0.00099386
0.00110798,0.00942262,0.00169853
0.00258934,0.00982387,-0.00080696
0.00210652,0.00000000,-0.00315263
0.00274710,0.00000000,-0.00173687
0.00277785,0.00138286,-0.00415735
0.00027938,0.00275577,-0.00216342
0.00107213,0.00176481,0.00272422
-0.00267267,0.01200000,0.00178582
-0.00421314,0.01059950,0.00269247
-0.00251810,0.00996256,-0.00045626
-0.00105241,0.00985167,0.00240662
0.00417695,0.01065092,0.00274828
0.00332230,0.01200000,0.00214427
-0.00073971,0.01200000,-0.00371878
-0.00067373,0.01200000,-0.00213351
-0.00190216,0.01200000,-0.00282810
-0.00037694,0.00910924,-0.00212049
0.00415735,0.00168680,-0.00277785
0.00461952,0.00879714,0.00191313
-0.00202763,0.01200000,-0.00126889
-0.00310579,0.01200000,-0.00206805
-0.00431272,0.00895804,0.00252992
0.00350343,0.00000000,-0.00057446
0.00490393,0.00132768,-0.00097545
-0.00277785,0.01031320,-0.00415735
-0.00344677,0.00875299,-0.00362212
-0.00305650,0.00793338,-0.00072904
-0.00097882,0.01027549,-0.00490326
0.00059678,0.01200000,-0.00327004
0.00273004,0.00454088,-0.00127958
-0.00122385,0.00844398,0.00057857
0.00167964,0.00763666,-0.00068983
0.00000013,0.00491740,-0.00000014
-0.00159095,0.00664190,-0.00154518
0.00409176,0.00600586,-0.00287359
0.00481503,0.00698259,-0.00134741
0.00409059,0.00795626,-0.00287525
0.00107024,0.00767717,-0.00272348
0.00290286,0.00307802,-0.00407105
0.00035230,0.00669652,0.00223193
0.00254983,0.00766281,0.00142924
-0.00030003,0.00502643,-0.00499099
0.00138038,0.00405219,-0.00480568
0.00114043,0.00561082,-0.00223976
-0.00030146,0.00697795,-0.00499090
0.00146274,0.01005742,-0.00259034
0.00187601,0.00000000,0.00234405
-0.00067373,0.00000000,-0.00213351
-0.00073971,0.00000000,-0.00371878
-0.00226701,0.00178695,-0.00207281
0.00290047,0.00698108,-0.00407275
0.00245555,0.00552821,0.00060281
-0.00159147,0.00433518,-0.00222733
-0.00282152,0.00130755,0.00412784
-0.00045292,0.00282698,0.00205240
-0.00210652,0.00000000,0.00315263
-0.00288564,0.00173492,0.00095268
-0.00093973,0.00157060,-0.00491090
0.00091714,0.00000000,-0.00138399
-0.00084866,0.01200000,-0.00033087
-0.00105575,0.00000000,0.00154789
-0.00018797,0.00326472,-0.00499647
0.00072713,0.01200000,0.00354381
0.00029675,0.01200000,0.00228885
-0.00018872,0.00873739,-0.00499644
0.00477360,0.00868558,-0.00148752
0.00498885,0.00748279,0.00033378
0.00499969,0.00911956,0.00005546
-0.00221617,0.00599654,0.00114361
-0.00159845,0.00754676,0.00248880
-0.00349116,0.00282082,0.00357936
-0.00145458,0.00147598,0.00478374
-0.00062710,0.00000000,0.00315263
0.00044015,0.01010908,-0.00030919
0.00149663,0.01077473,0.00477076
-0.00000000,0.01000000,0.00500000
-0.00219741,0.01200000,0.00043709
0.00059678,0.00000000,-0.00327004
0.00290162,0.00502907,-0.00407193
0.00187601,0.01200000,0.00234405
-0.00371878,0.01200000,0.00073971
-0.00490393,0.00168680,-0.00097545
-0.00204925,0.00282767,-0.00040960
-0.00343806,0.00000000,-0.00068991
-0.00236571,0.00382274,0.00154438
-0.00190216,0.00000000,-0.00282810
-0.00279765,0.00154887,-0.00414405
0.00289932,0.00893115,-0.00407357
-0.00202763,0.00000000,-0.00126889
-0.00490393,0.01031320,0.00097545
-0.00490941,0.00765546,0.00094748
-0.00194294,0.00572646,-0.00460706
0.00456281,0.00316597,0.00204470
-0.00267267,0.00000000,0.00178582
-0.00440935,0.00990593,-0.00235747
0.00365609,0.00600653,0.00341071
0.00123847,0.00448288,0.00237235
-0.00494332,0.00697353,-0.00075075
-0.00490967,0.00599302,0.00094612
-0.00282062,0.00482142,-0.00054200
0.00481560,0.00503046,-0.00134538
0.00498870,0.00600833,0.00033600
-0.00219741,0.00000000,0.00043709
-0.00191418,0.00266445,-0.00461908
0.00189241,0.00000000,-0.00000610
0.00107761,0.00206798,-0.00488250
0.00341494,0.00940683,0.00365215
-0.00430678,0.00698314,0.00254001
-0.00062710,0.01200000,0.00315263
0.00493862,0.00200697,0.00078105
-0.00191342,0.00862640,-0.00461940
0.00409012,0.00990782,-0.00287592
0.00004629,0.00205845,-0.00002002
-0.00498567,0.00316087,-0.00037822
0.00483013,0.00295287,-0.00129223
-0.00084866,0.00000000,-0.00033087
0.00137894,0.00600341,-0.00480609
0.00331385,0.00184007,0.00374412
0.00189241,0.01200000,-0.00000610
0.00277785,0.01062172,0.00415735
-0.00105575,0.01200000,0.00154789
0.00029675,0.00000000,0.00228885
0.00056345,0.00000000,0.00085587
-0.00170371,0.00300392,0.00470078
-0.00462431,0.00318845,-0.00190151
0.00409201,0.00405661,-0.00287323
-0.00440892,0.00599792,-0.00235826
0.00218255,0.00906879,0.00449850
-0.00000000,0.00800000,0.00500000
-0.00310579,0.00000000,-0.00206805
0.00458841,0.00502357,0.00198657
0.00498801,0.00403541,0.00034604
0.00107714,0.00993305,-0.00488260
-0.00491518,0.01059879,-0.00091705
-0.00343806,0.01200000,-0.00068991
-0.00336954,0.00502321,-0.00369407
-0.00000000,0.00200000,0.00500000
-0.00424722,0.00456839,-0.00263839
-0.00337070,0.00697635,-0.00369302
-0.00490874,0.00454300,0.00095092
0.00350343,0.01200000,-0.00057446
-0.00440949,0.00795274,-0.00235720
-0.00320072,0.00997824,0.00384128
0.00365472,0.00403780,0.00341218
-0.00194326,0.00434222,-0.00460692
-0.00494319,0.00893069,-0.00075158
0.00490393,0.01031320,-0.00097545
-0.00416604,0.00161928,-0.00276480
-0.00415735,0.00168680,0.00277785
-0.00086390,0.00484108,0.00271676
0.00091714,0.01200000,-0.00138399
0.00210240,0.00709649,0.00453651
-0.00353553,0.00321544,-0.00353553
0.00056345,0.01200000,0.00085587
0.00221302,0.00502891,0.00448358
-0.00371878,0.00000000,0.00073971
-0.00170371,0.00699608,0.00470078
-0.00319822,0.00599999,0.00384336
-0.00170587,0.00900000,0.00470000
-0.00319645,0.00799610,0.00384483
0.00137859,0.00795271,-0.00480619
-0.00000000,0.00400000,0.00500000
-0.00490566,0.00237378,0.00096668
-0.00170368,0.00500006,0.00470080
-0.00320103,0.00450805,0.00384101
-0.00430740,0.00500976,0.00253896
0.00072713,0.00000000,0.00354381
0.00365622,0.00797681,0.00341058
0.00274710,0.01200000,-0.00173687
-0.00494322,0.00501715,-0.00075137
-0.00000000,0.00600000,0.00500000
0.00458962,0.00658575,0.00198378
-0.00461940,0.00000000,-0.00191342
-0.00210652,0.01200000,0.00315263
0.00000000,0.01200000,-0.00500000
0.00170587,0.00300000,0.00470000
-0.00353553,0.00000000,-0.00353553
0.00210652,0.01200000,-0.00315263
0.00277785,0.01062241,-0.00415735
-0.00191342,0.00000000,-0.00461940
0.00000000,0.00000000,-0.00500000
-0.00436708,0.00349125,0.00243487
-0.00000000,0.00000000,0.00500000
0.00461940,0.00000000,-0.00191342
-0.00500000,0.01200000,-0.00000000
0.00461940,0.01200000,-0.00191342
0.00191342,0.00000000,-0.00461940
0.00191342,0.01200000,-0.00461940
-0.00191342,0.01200000,-0.00461940
0.00500000,0.01200000,0.00000000
-0.00353553,0.00000000,0.00353553
-0.00500000,0.00000000,-0.00000000
-0.00156490,0.01027981,0.00474880
-0.00461940,0.01200000,0.00191342
0.00353553,0.01200000,0.00353553
0.00500000,0.00000000,0.00000000
0.00151013,0.00159110,0.00476650
0.00353553,0.01200000,-0.00353553
-0.00353553,0.01200000,0.00353553
-0.00000000,0.01200000,0.00500000
-0.00461940,0.00000000,0.00191342
-0.00353553,0.01200000,-0.00353553
0.00353553,0.00000000,0.00353553
0.00191342,0.00000000,0.00461940
0.00461940,0.00000000,0.00191342
-0.00191342,0.00000000,0.00461940
0.00353553,0.00000000,-0.00353553
-0.00461940,0.01200000,-0.00191342
0.00461940,0.01200000,0.00191342
-0.00191342,0.01200000,0.00461940
0.00191342,0.01200000,0.00461940
