0,0,0,0,0
0,0,0,0,0
0,0,0,0,0
0,0,0,0,0
0,0,0,0,0
0,0,0,0,0
0,0,0,0,0
0,0,0,0,0
0,2.5000000000000001e-05,5.0000000000000002e-05,7.4999999999999993e-05,0.0001
0,2.5000000000000001e-05,5.0000000000000002e-05,7.4999999999999993e-05,0.0001
0,2.5000000000000001e-05,5.0000000000000002e-05,7.4999999999999993e-05,0.0001
0,2.5000000000000001e-05,5.0000000000000002e-05,7.4999999999999993e-05,0.0001
0,2.5000000000000001e-05,5.0000000000000002e-05,7.4999999999999993e-05,0.0001
0,2.5000000000000001e-05,5.0000000000000002e-05,7.4999999999999993e-05,0.0001
0,2.5000000000000001e-05,5.0000000000000002e-05,7.4999999999999993e-05,0.0001
0,2.5000000000000001e-05,5.0000000000000002e-05,7.4999999999999993e-05,0.0001
0,0,0,0,0
0,0,0,0,0
0,0,0,0,0
0,0,0,0,0
0,0,0,0,0
0,2.5000000000000001e-05,5.0000000000000002e-05,7.4999999999999993e-05,0.0001
0,2.5000000000000001e-05,5.0000000000000002e-05,7.4999999999999993e-05,0.0001
0,2.5000000000000001e-05,5.0000000000000002e-05,7.4999999999999993e-05,0.0001
0,2.5000000000000001e-05,5.0000000000000002e-05,7.4999999999999993e-05,0.0001
0,2.5000000000000001e-05,5.0000000000000002e-05,7.4999999999999993e-05,0.0001
0,0,0,0,0
0,0,0,0,0
0,0,0,0,0
0,0,0,0,0
0,0,0,0,0
0,2.5000000000000001e-05,5.0000000000000002e-05,7.4999999999999993e-05,0.0001
0,2.5000000000000001e-05,5.0000000000000002e-05,7.4999999999999993e-05,0.0001
0,2.5000000000000001e-05,5.0000000000000002e-05,7.4999999999999993e-05,0.0001
0,2.5000000000000001e-05,5.0000000000000002e-05,7.4999999999999993e-05,0.0001
0,2.5000000000000001e-05,5.0000000000000002e-05,7.4999999999999993e-05,0.0001
0,0,0,0,0
0,0,0,0,0
0,0,0,0,0
0,0,0,0,0
0,0,0,0,0
0,2.5000000000000001e-05,5.0000000000000002e-05,7.4999999999999993e-05,0.0001
0,2.5000000000000001e-05,5.0000000000000002e-05,7.4999999999999993e-05,0.0001
0,2.5000000000000001e-05,5.0000000000000002e-05,7.4999999999999993e-05,0.0001
0,2.5000000000000001e-05,5.0000000000000002e-05,7.4999999999999993e-05,0.0001
0,2.5000000000000001e-05,5.0000000000000002e-05,7.4999999999999993e-05,0.0001
0,0,0,0,0
0,0,0,0,0
0,0,0,0,0
0,0,0,0,0
0,0,0,0,0
0,2.5000000000000001e-05,5.0000000000000002e-05,7.4999999999999993e-05,0.0001
0,2.5000000000000001e-05,5.0000000000000002e-05,7.4999999999999993e-05,0.0001
0,2.5000000000000001e-05,5.0000000000000002e-05,7.4999999999999993e-05,0.0001
0,2.5000000000000001e-05,5.0000000000000002e-05,7.4999999999999993e-05,0.0001
0,2.5000000000000001e-05,5.0000000000000002e-05,7.4999999999999993e-05,0.0001
0,0,0,0,0
0,0,0,0,0
0,0,0,0,0
0,2.5000000000000001e-05,5.0000000000000002e-05,7.4999999999999993e-05,0.0001
0,2.5000000000000001e-05,5.0000000000000002e-05,7.4999999999999993e-05,0.0001
0,2.5000000000000001e-05,5.0000000000000002e-05,7.4999999999999993e-05,0.0001
0,0,0,0,0
0,0,0,0,0
0,0,0,0,0
0,2.5000000000000001e-05,5.0000000000000002e-05,7.4999999999999993e-05,0.0001
0,2.5000000000000001e-05,5.0000000000000002e-05,7.4999999999999993e-05,0.0001
0,2.5000000000000001e-05,5.0000000000000002e-05,7.4999999999999993e-05,0.0001
0,0,0,0,0
0,0,0,0,0
0,0,0,0,0
0,2.5000000000000001e-05,5.0000000000000002e-05,7.4999999999999993e-05,0.0001
0,2.5000000000000001e-05,5.0000000000000002e-05,7.4999999999999993e-05,0.0001
0,2.5000000000000001e-05,5.0000000000000002e-05,7.4999999999999993e-05,0.0001
0,0,0,0,0
0,0,0,0,0
0,0,0,0,0
0,0,0,0,0
0,0,0,0,0
0,2.5000000000000001e-05,5.0000000000000002e-05,7.4999999999999993e-05,0.0001
0,2.5000000000000001e-05,5.0000000000000002e-05,7.4999999999999993e-05,0.0001
0,2.5000000000000001e-05,5.0000000000000002e-05,7.4999999999999993e-05,0.0001
0,2.5000000000000001e-05,5.0000000000000002e-05,7.4999999999999993e-05,0.0001
0,2.5000000000000001e-05,5.0000000000000002e-05,7.4999999999999993e-05,0.0001
0,0,0,0,0
0,0,0,0,0
0,0,0,0,0
0,2.5000000000000001e-05,5.0000000000000002e-05,7.4999999999999993e-05,0.0001
0,2.5000000000000001e-05,5.0000000000000002e-05,7.4999999999999993e-05,0.0001
0,2.5000000000000001e-05,5.0000000000000002e-05,7.4999999999999993e-05,0.0001
0,0,0,0,0
0,0,0,0,0
0,0,0,0,0
0,2.5000000000000001e-05,5.0000000000000002e-05,7.4999999999999993e-05,0.0001
0,2.5000000000000001e-05,5.0000000000000002e-05,7.4999999999999993e-05,0.0001
0,2.5000000000000001e-05,5.0000000000000002e-05,7.4999999999999993e-05,0.0001
0,0,0,0,0
0,0,0,0,0
0,0,0,0,0
0,2.5000000000000001e-05,5.0000000000000002e-05,7.4999999999999993e-05,0.0001
0,2.5000000000000001e-05,5.0000000000000002e-05,7.4999999999999993e-05,0.0001
0,2.5000000000000001e-05,5.0000000000000002e-05,7.4999999999999993e-05,0.0001
0,0,0,0,0
0,0,0,0,0
0,0,0,0,0
0,0,0,0,0
0,0,0,0,0
0,2.5000000000000001e-05,5.0000000000000002e-05,7.4999999999999993e-05,0.0001
0,2.5000000000000001e-05,5.0000000000000002e-05,7.4999999999999993e-05,0.0001
0,2.5000000000000001e-05,5.0000000000000002e-05,7.4999999999999993e-05,0.0001
0,2.5000000000000001e-05,5.0000000000000002e-05,7.4999999999999993e-05,0.0001
0,2.5000000000000001e-05,5.0000000000000002e-05,7.4999999999999993e-05,0.0001
0,0,0,0,0
0,0,0,0,0
0,0,0,0,0
0,2.5000000000000001e-05,5.0000000000000002e-05,7.4999999999999993e-05,0.0001
0,2.5000000000000001e-05,5.0000000000000002e-05,7.4999999999999993e-05,0.0001
0,2.5000000000000001e-05,5.0000000000000002e-05,7.4999999999999993e-05,0.0001
0,0,0,0,0
0,0,0,0,0
0,0,0,0,0
0,2.5000000000000001e-05,5.0000000000000002e-05,7.4999999999999993e-05,0.0001
0,2.5000000000000001e-05,5.0000000000000002e-05,7.4999999999999993e-05,0.0001
0,2.5000000000000001e-05,5.0000000000000002e-05,7.4999999999999993e-05,0.0001
0,0,0,0,0
0,0,0,0,0
0,0,0,0,0
0,2.5000000000000001e-05,5.0000000000000002e-05,7.4999999999999993e-05,0.0001
0,2.5000000000000001e-05,5.0000000000000002e-05,7.4999999999999993e-05,0.0001
0,2.5000000000000001e-05,5.0000000000000002e-05,7.4999999999999993e-05,0.0001
0,0,0,0,0
0,0,0,0,0
0,0,0,0,0
0,0,0,0,0
0,0,0,0,0
0,2.5000000000000001e-05,5.0000000000000002e-05,7.4999999999999993e-05,0.0001
0,2.5000000000000001e-05,5.0000000000000002e-05,7.4999999999999993e-05,0.0001
0,2.5000000000000001e-05,5.0000000000000002e-05,7.4999999999999993e-05,0.0001
0,2.5000000000000001e-05,5.0000000000000002e-05,7.4999999999999993e-05,0.0001
0,2.5000000000000001e-05,5.0000000000000002e-05,7.4999999999999993e-05,0.0001
0,0,0,0,0
0,0,0,0,0
0,0,0,0,0
0,0,0,0,0
0,0,0,0,0
0,2.5000000000000001e-05,5.0000000000000002e-05,7.4999999999999993e-05,0.0001
0,2.5000000000000001e-05,5.0000000000000002e-05,7.4999999999999993e-05,0.0001
0,2.5000000000000001e-05,5.0000000000000002e-05,7.4999999999999993e-05,0.0001
0,2.5000000000000001e-05,5.0000000000000002e-05,7.4999999999999993e-05,0.0001
0,2.5000000000000001e-05,5.0000000000000002e-05,7.4999999999999993e-05,0.0001
0,0,0,0,0
0,0,0,0,0
0,0,0,0,0
0,0,0,0,0
0,0,0,0,0
0,2.5000000000000001e-05,5.0000000000000002e-05,7.4999999999999993e-05,0.0001
0,2.5000000000000001e-05,5.0000000000000002e-05,7.4999999999999993e-05,0.0001
0,2.5000000000000001e-05,5.0000000000000002e-05,7.4999999999999993e-05,0.0001
0,2.5000000000000001e-05,5.0000000000000002e-05,7.4999999999999993e-05,0.0001
0,2.5000000000000001e-05,5.0000000000000002e-05,7.4999999999999993e-05,0.0001
0,0,0,0,0
0,0,0,0,0
0,4.4070646199999997e-06,8.8141186700000002e-06,1.32211684e-05,1.7628224499999999e-05
0,4.3956266300000001e-06,8.7912374000000008e-06,1.31868404e-05,1.7582453899999999e-05
0,0,0,0,0
0,0,0,0,0
0,0,0,0,0
0,2.4194883300000001e-06,4.8389716699999997e-06,7.2584534899999997e-06,9.6779379900000001e-06
0,2.4395794399999999e-06,4.8791537800000003e-06,7.3187271000000004e-06,9.7583027999999994e-06
0,4.39414045e-06,8.7882721399999995e-06,1.31824018e-05,1.7576535700000001e-05
0,8.3409439200000001e-06,1.6681869799999998e-05,2.5022785100000001e-05,3.3363713500000001e-05
0,8.34231205e-06,1.6684601599999998e-05,2.5026878100000001e-05,3.3369170800000003e-05
0,6.3507867099999997e-06,1.2701557099999999e-05,1.9052318999999999e-05,2.5403091900000001e-05
0,6.3460781200000004e-06,1.26921439e-05,1.90382054e-05,2.5384273900000001e-05
0,8.34409461e-06,1.6688174100000001e-05,2.5032247500000001e-05,3.3376330000000003e-05
0,1.25000149e-05,2.5000011899999999e-05,3.7499999999999997e-05,5.0000000000000002e-05
0,1.2500007899999999e-05,2.50000053e-05,3.7499999999999997e-05,5.0000000000000002e-05
0,1.0407926e-05,2.08158333e-05,3.1223730700000001e-05,4.1631641000000002e-05
0,1.0409032200000001e-05,2.0818042000000001e-05,3.1227039799999997e-05,4.1636052999999997e-05
0,1.25000123e-05,2.5000010600000002e-05,3.7499999999999997e-05,5.0000000000000002e-05
0,1.66590761e-05,3.33181484e-05,4.9977214900000003e-05,6.6636286499999997e-05
0,1.6657706400000001e-05,3.3315414199999998e-05,4.99731219e-05,6.6630829199999995e-05
0,1.45920984e-05,2.91841871e-05,4.37762693e-05,5.8368359000000003e-05
0,1.45909945e-05,2.91819799e-05,4.3772960200000003e-05,5.8363947000000001e-05
0,1.66559288e-05,3.3311845900000003e-05,4.99677525e-05,6.6623669999999995e-05
0,2.0592947500000001e-05,4.1185891699999998e-05,6.1778831600000007e-05,8.2371775500000006e-05
0,2.06043806e-05,4.1208768100000002e-05,6.1813159600000004e-05,8.2417546099999999e-05
0,1.8649230599999999e-05,3.7298458099999999e-05,5.5947681000000001e-05,7.4596908099999997e-05
0,1.86539298e-05,3.73078623e-05,5.5961794600000003e-05,7.4615726099999994e-05
0,2.06058679e-05,4.1211735200000003e-05,6.18175982e-05,8.2423464299999997e-05
0,2.5000000000000001e-05,5.0000000000000002e-05,7.4999999999999993e-05,0.0001
0,2.5000000000000001e-05,5.0000000000000002e-05,7.4999999999999993e-05,0.0001
0,2.2580517200000001e-05,4.5161033e-05,6.7741546499999999e-05,9.0322062000000003e-05
0,2.2560423699999999e-05,4.5120848400000001e-05,6.7681272900000007e-05,9.0241697199999995e-05
0,2.5000000000000001e-05,5.0000000000000002e-05,7.4999999999999993e-05,0.0001
0,2.5000000000000001e-05,5.0000000000000002e-05,7.4999999999999993e-05,0.0001
0,2.5000000000000001e-05,5.0000000000000002e-05,7.4999999999999993e-05,0.0001
0,0,0,0,0
0,0,0,0,0
0,0,0,0,0
0,2.5000000000000001e-05,5.0000000000000002e-05,7.4999999999999993e-05,0.0001
0,2.5000000000000001e-05,5.0000000000000002e-05,7.4999999999999993e-05,0.0001
0,2.5000000000000001e-05,5.0000000000000002e-05,7.4999999999999993e-05,0.0001
0,0,0,0,0
0,0,0,0,0
0,0,0,0,0
0,2.5000000000000001e-05,5.0000000000000002e-05,7.4999999999999993e-05,0.0001
0,2.5000000000000001e-05,5.0000000000000002e-05,7.4999999999999993e-05,0.0001
0,2.5000000000000001e-05,5.0000000000000002e-05,7.4999999999999993e-05,0.0001
0,0,0,0,0
0,0,0,0,0
0,0,0,0,0
0,2.5000000000000001e-05,5.0000000000000002e-05,7.4999999999999993e-05,0.0001
0,2.5000000000000001e-05,5.0000000000000002e-05,7.4999999999999993e-05,0.0001
0,2.5000000000000001e-05,5.0000000000000002e-05,7.4999999999999993e-05,0.0001
0,0,0,0,0
0,4.4109964600000001e-06,8.8219873499999996e-06,1.3232976900000001e-05,1.7643969200000001e-05
0,0,0,0,0
0,0,0,0,0
0,2.4105932399999999e-06,4.8211837900000004e-06,7.2317743100000001e-06,9.6423657399999992e-06
0,4.4005270299999996e-06,8.8010477599999997e-06,1.32015674e-05,1.76020899e-05
0,8.3404784299999999e-06,1.6680946099999999e-05,2.5021410000000001e-05,3.33618801e-05
0,6.3533337600000003e-06,1.27066615e-05,1.9059988699999999e-05,2.54133183e-05
0,8.3435492300000007e-06,1.6687088399999998e-05,2.5030624e-05,3.33741654e-05
0,1.25000116e-05,2.5000008799999999e-05,3.7499999999999997e-05,5.0000000000000002e-05
0,1.04073546e-05,2.0814698499999998e-05,3.1222039e-05,4.1629385299999999e-05
0,1.2500011200000001e-05,2.50000097e-05,3.7499999999999997e-05,5.0000000000000002e-05
0,1.6659526599999999e-05,3.3319058000000003e-05,4.9978590000000002e-05,6.6638119899999998e-05
0,1.4592659199999999e-05,2.9185312199999999e-05,4.3777961e-05,5.8370614699999999e-05
0,1.6656466100000001e-05,3.3312924599999999e-05,4.9969375999999997e-05,6.6625834599999998e-05
0,2.0589001200000002e-05,4.1178009199999999e-05,6.1767023100000001e-05,8.2356030799999997e-05
0,1.86466704e-05,3.7293341699999998e-05,5.5940011300000001e-05,7.4586681700000005e-05
0,2.0599479200000001e-05,4.1198957600000002e-05,6.1798432600000005e-05,8.2397910100000005e-05
0,2.5000000000000001e-05,5.0000000000000002e-05,7.4999999999999993e-05,0.0001
0,2.25894068e-05,4.5178815400000003e-05,6.7768225699999996e-05,9.0357634300000005e-05
0,2.5000000000000001e-05,5.0000000000000002e-05,7.4999999999999993e-05,0.0001
0,2.5000000000000001e-05,5.0000000000000002e-05,7.4999999999999993e-05,0.0001
0,0,0,0,0
0,0,0,0,0
0,0,0,0,0
0,2.5000000000000001e-05,5.0000000000000002e-05,7.4999999999999993e-05,0.0001
0,2.5000000000000001e-05,5.0000000000000002e-05,7.4999999999999993e-05,0.0001
0,2.5000000000000001e-05,5.0000000000000002e-05,7.4999999999999993e-05,0.0001
0,0,0,0,0
0,0,0,0,0
0,0,0,0,0
0,2.5000000000000001e-05,5.0000000000000002e-05,7.4999999999999993e-05,0.0001
0,2.5000000000000001e-05,5.0000000000000002e-05,7.4999999999999993e-05,0.0001
0,2.5000000000000001e-05,5.0000000000000002e-05,7.4999999999999993e-05,0.0001
0,0,0,0,0
0,0,0,0,0
0,0,0,0,0
0,2.5000000000000001e-05,5.0000000000000002e-05,7.4999999999999993e-05,0.0001
0,2.5000000000000001e-05,5.0000000000000002e-05,7.4999999999999993e-05,0.0001
0,2.5000000000000001e-05,5.0000000000000002e-05,7.4999999999999993e-05,0.0001
0,0,0,0,0
0,4.4070604900000002e-06,8.8141152600000007e-06,1.32211684e-05,1.7628224499999999e-05
0,0,0,0,0
0,0,0,0,0
0,2.4194865700000001e-06,4.8389705700000004e-06,7.2584534899999997e-06,9.6779379900000001e-06
0,4.40052759e-06,8.8010487399999995e-06,1.32015674e-05,1.76020899e-05
0,8.3409376200000006e-06,1.6681863599999999e-05,2.5022785100000001e-05,3.3363713500000001e-05
0,6.3507812099999996e-06,1.2701552400000001e-05,1.9052318999999999e-05,2.5403091900000001e-05
0,8.3435486999999999e-06,1.66870881e-05,2.5030624e-05,3.33741654e-05
0,1.2500010199999999e-05,2.5000008100000001e-05,3.7499999999999997e-05,5.0000000000000002e-05
0,1.04079211e-05,2.0815828899999999e-05,3.1223730700000001e-05,4.1631641000000002e-05
0,1.25000097e-05,2.50000082e-05,3.7499999999999997e-05,5.0000000000000002e-05
0,1.6659074500000001e-05,3.3318147299999999e-05,4.9977214900000003e-05,6.6636286499999997e-05
0,1.45920952e-05,2.9184184499999998e-05,4.37762693e-05,5.8368359000000003e-05
0,1.6656463400000001e-05,3.3312922200000001e-05,4.9969375999999997e-05,6.6625834599999998e-05
0,2.0592944800000001e-05,4.1185888999999998e-05,6.1778831600000007e-05,8.2371775500000006e-05
0,1.86492288e-05,3.7298456599999998e-05,5.5947681000000001e-05,7.4596908099999997e-05
0,2.0599475999999999e-05,4.1198954299999999e-05,6.1798432600000005e-05,8.2397910100000005e-05
0,2.5000000000000001e-05,5.0000000000000002e-05,7.4999999999999993e-05,0.0001
0,2.25805142e-05,4.5161029900000001e-05,6.7741546499999999e-05,9.0322062000000003e-05
0,2.5000000000000001e-05,5.0000000000000002e-05,7.4999999999999993e-05,0.0001
0,2.5000000000000001e-05,5.0000000000000002e-05,7.4999999999999993e-05,0.0001
0,0,0,0,0
0,0,0,0,0
0,0,0,0,0
0,2.5000000000000001e-05,5.0000000000000002e-05,7.4999999999999993e-05,0.0001
0,2.5000000000000001e-05,5.0000000000000002e-05,7.4999999999999993e-05,0.0001
0,2.5000000000000001e-05,5.0000000000000002e-05,7.4999999999999993e-05,0.0001
0,0,0,0,0
0,0,0,0,0
0,0,0,0,0
0,2.5000000000000001e-05,5.0000000000000002e-05,7.4999999999999993e-05,0.0001
0,2.5000000000000001e-05,5.0000000000000002e-05,7.4999999999999993e-05,0.0001
0,2.5000000000000001e-05,5.0000000000000002e-05,7.4999999999999993e-05,0.0001
0,0,0,0,0
0,0,0,0,0
0,0,0,0,0
0,2.5000000000000001e-05,5.0000000000000002e-05,7.4999999999999993e-05,0.0001
0,2.5000000000000001e-05,5.0000000000000002e-05,7.4999999999999993e-05,0.0001
0,2.5000000000000001e-05,5.0000000000000002e-05,7.4999999999999993e-05,0.0001
0,0,0,0,0
0,4.3956180599999998e-06,8.7912305600000005e-06,1.31868404e-05,1.7582453899999999e-05
0,0,0,0,0
0,0,0,0,0
0,2.4395735400000001e-06,4.8791489000000004e-06,7.3187271000000004e-06,9.7583027999999994e-06
0,4.3941383899999997e-06,8.7882710899999993e-06,1.31824018e-05,1.7576535700000001e-05
0,8.3423089799999997e-06,1.66845998e-05,2.5026878100000001e-05,3.3369170800000003e-05
0,6.3460799899999997e-06,1.26921467e-05,1.90382054e-05,2.5384273900000001e-05
0,8.3440924899999999e-06,1.6688173e-05,2.5032247500000001e-05,3.3376330000000003e-05
0,1.2500010199999999e-05,2.5000008100000001e-05,3.7499999999999997e-05,5.0000000000000002e-05
0,1.0409031499999999e-05,2.0818042099999999e-05,3.1227039799999997e-05,4.1636052999999997e-05
0,1.25000149e-05,2.5000013300000002e-05,3.7499999999999997e-05,5.0000000000000002e-05
0,1.6657709500000001e-05,3.3315416799999999e-05,4.99731219e-05,6.6630829199999995e-05
0,1.4590994899999999e-05,2.9181980400000001e-05,4.3772960200000003e-05,5.8363947000000001e-05
0,1.6655926199999999e-05,3.3311843700000001e-05,4.99677525e-05,6.6623669999999995e-05
0,2.0604387500000001e-05,4.1208774e-05,6.1813159600000004e-05,8.2417546099999999e-05
0,1.8653935300000002e-05,3.7307866599999999e-05,5.5961794600000003e-05,7.4615726099999994e-05
0,2.0605867200000002e-05,4.1211734100000002e-05,6.18175982e-05,8.2423464299999997e-05
0,2.5000000000000001e-05,5.0000000000000002e-05,7.4999999999999993e-05,0.0001
0,2.2560423499999999e-05,4.5120848199999998e-05,6.7681272900000007e-05,9.0241697199999995e-05
0,2.5000000000000001e-05,5.0000000000000002e-05,7.4999999999999993e-05,0.0001
0,2.5000000000000001e-05,5.0000000000000002e-05,7.4999999999999993e-05,0.0001
0,0,0,0,0
0,0,0,0,0
0,0,0,0,0
0,2.5000000000000001e-05,5.0000000000000002e-05,7.4999999999999993e-05,0.0001
0,2.5000000000000001e-05,5.0000000000000002e-05,7.4999999999999993e-05,0.0001
0,2.5000000000000001e-05,5.0000000000000002e-05,7.4999999999999993e-05,0.0001
0,0,0,0,0
0,0,0,0,0
0,0,0,0,0
0,2.5000000000000001e-05,5.0000000000000002e-05,7.4999999999999993e-05,0.0001
0,2.5000000000000001e-05,5.0000000000000002e-05,7.4999999999999993e-05,0.0001
0,2.5000000000000001e-05,5.0000000000000002e-05,7.4999999999999993e-05,0.0001
0,0,0,0,0
0,0,0,0,0
0,0,0,0,0
0,2.5000000000000001e-05,5.0000000000000002e-05,7.4999999999999993e-05,0.0001
0,2.5000000000000001e-05,5.0000000000000002e-05,7.4999999999999993e-05,0.0001
0,2.5000000000000001e-05,5.0000000000000002e-05,7.4999999999999993e-05,0.0001
0,0,0,0,0
0,4.4070625899999997e-06,8.8141177700000007e-06,1.32211684e-05,1.7628224499999999e-05
0,0,0,0,0
0,0,0,0,0
0,2.4194882100000001e-06,4.8389721399999999e-06,7.2584534899999997e-06,9.6779379900000001e-06
0,4.3941383799999999e-06,8.7882718499999995e-06,1.31824018e-05,1.7576535700000001e-05
0,8.3409459300000004e-06,1.66818732e-05,2.5022785100000001e-05,3.3363713500000001e-05
0,6.3507874900000004e-06,1.27015596e-05,1.9052318999999999e-05,2.5403091900000001e-05
0,8.3440956799999999e-06,1.6688176899999999e-05,2.5032247500000001e-05,3.3376330000000003e-05
0,1.25000068e-05,2.5000004599999998e-05,3.7499999999999997e-05,5.0000000000000002e-05
0,1.0407922099999999e-05,2.0815831e-05,3.1223730700000001e-05,4.1631641000000002e-05
0,1.2500007499999999e-05,2.5000006600000001e-05,3.7499999999999997e-05,5.0000000000000002e-05
0,1.6659061299999999e-05,3.3318132599999999e-05,4.9977214900000003e-05,6.6636286499999997e-05
0,1.45920889e-05,2.9184177299999999e-05,4.37762693e-05,5.8368359000000003e-05
0,1.6655924500000001e-05,3.3311841099999999e-05,4.99677525e-05,6.6623669999999995e-05
0,2.0592931599999998e-05,4.11858754e-05,6.1778831600000007e-05,8.2371775500000006e-05
0,1.8649218099999998e-05,3.7298444800000002e-05,5.5947681000000001e-05,7.4596908099999997e-05
0,2.0605867600000001e-05,4.1211733300000002e-05,6.18175982e-05,8.2423464299999997e-05
0,2.5000000000000001e-05,5.0000000000000002e-05,7.4999999999999993e-05,0.0001
0,2.2580509700000001e-05,4.5161024999999998e-05,6.7741546499999999e-05,9.0322062000000003e-05
0,2.5000000000000001e-05,5.0000000000000002e-05,7.4999999999999993e-05,0.0001
0,2.5000000000000001e-05,5.0000000000000002e-05,7.4999999999999993e-05,0.0001
0,0,0,0,0
0,0,0,0,0
0,0,0,0,0
0,2.5000000000000001e-05,5.0000000000000002e-05,7.4999999999999993e-05,0.0001
0,2.5000000000000001e-05,5.0000000000000002e-05,7.4999999999999993e-05,0.0001
0,2.5000000000000001e-05,5.0000000000000002e-05,7.4999999999999993e-05,0.0001
0,0,0,0,0
0,0,0,0,0
0,0,0,0,0
0,2.5000000000000001e-05,5.0000000000000002e-05,7.4999999999999993e-05,0.0001
0,2.5000000000000001e-05,5.0000000000000002e-05,7.4999999999999993e-05,0.0001
0,2.5000000000000001e-05,5.0000000000000002e-05,7.4999999999999993e-05,0.0001
0,0,0,0,0
0,0,0,0,0
0,0,0,0,0
0,2.5000000000000001e-05,5.0000000000000002e-05,7.4999999999999993e-05,0.0001
0,2.5000000000000001e-05,5.0000000000000002e-05,7.4999999999999993e-05,0.0001
0,2.5000000000000001e-05,5.0000000000000002e-05,7.4999999999999993e-05,0.0001
0,0,0,0,0
0,4.4110020100000001e-06,8.8219940700000003e-06,1.3232976900000001e-05,1.7643969200000001e-05
0,0,0,0,0
0,0,0,0,0
0,2.4105975099999999e-06,4.8211886700000003e-06,7.2317743100000001e-06,9.6423657399999992e-06
0,4.4005324500000002e-06,8.8010548899999999e-06,1.32015674e-05,1.76020899e-05
0,8.3404776300000004e-06,1.6680948300000001e-05,2.5021410000000001e-05,3.33618801e-05
0,6.3533377999999997e-06,1.2706668000000001e-05,1.9059988699999999e-05,2.54133183e-05
0,8.3435538499999993e-06,1.6687095200000001e-05,2.5030624e-05,3.33741654e-05
0,1.2500007799999999e-05,2.5000006400000001e-05,3.7499999999999997e-05,5.0000000000000002e-05
0,1.04073551e-05,2.08147009e-05,3.1222039e-05,4.1629385299999999e-05
0,1.25000045e-05,2.5000003999999999e-05,3.7499999999999997e-05,5.0000000000000002e-05
0,1.6659507600000001e-05,3.3319038400000001e-05,4.9978590000000002e-05,6.6638119899999998e-05
0,1.4592645199999999e-05,2.9185298499999999e-05,4.3777961e-05,5.8370614699999999e-05
0,1.6656460199999999e-05,3.33129176e-05,4.9969375999999997e-05,6.6625834599999998e-05
0,2.0588993300000001e-05,4.1178000100000003e-05,6.1767023100000001e-05,8.2356030799999997e-05
0,1.8646656400000002e-05,3.7293326400000002e-05,5.5940011300000001e-05,7.4586681700000005e-05
0,2.0599472600000001e-05,4.1198949299999998e-05,6.1798432600000005e-05,8.2397910100000005e-05
0,2.5000000000000001e-05,5.0000000000000002e-05,7.4999999999999993e-05,0.0001
0,2.25894045e-05,4.5178812000000001e-05,6.7768225699999996e-05,9.0357634300000005e-05
0,2.5000000000000001e-05,5.0000000000000002e-05,7.4999999999999993e-05,0.0001
0,2.5000000000000001e-05,5.0000000000000002e-05,7.4999999999999993e-05,0.0001
0,0,0,0,0
0,0,0,0,0
0,0,0,0,0
0,2.5000000000000001e-05,5.0000000000000002e-05,7.4999999999999993e-05,0.0001
0,2.5000000000000001e-05,5.0000000000000002e-05,7.4999999999999993e-05,0.0001
0,2.5000000000000001e-05,5.0000000000000002e-05,7.4999999999999993e-05,0.0001
0,0,0,0,0
0,0,0,0,0
0,0,0,0,0
0,2.5000000000000001e-05,5.0000000000000002e-05,7.4999999999999993e-05,0.0001
0,2.5000000000000001e-05,5.0000000000000002e-05,7.4999999999999993e-05,0.0001
0,2.5000000000000001e-05,5.0000000000000002e-05,7.4999999999999993e-05,0.0001
0,0,0,0,0
0,0,0,0,0
0,0,0,0,0
0,2.5000000000000001e-05,5.0000000000000002e-05,7.4999999999999993e-05,0.0001
0,2.5000000000000001e-05,5.0000000000000002e-05,7.4999999999999993e-05,0.0001
0,2.5000000000000001e-05,5.0000000000000002e-05,7.4999999999999993e-05,0.0001
0,0,0,0,0
0,4.4070664599999996e-06,8.8141228799999992e-06,1.32211684e-05,1.7628224499999999e-05
0,0,0,0,0
0,0,0,0,0
0,2.4194906599999999e-06,4.8389753399999997e-06,7.2584534899999997e-06,9.6779379900000001e-06
0,4.4005331599999996e-06,8.80105624e-06,1.32015674e-05,1.76020899e-05
0,8.3409298399999999e-06,1.6681859200000001e-05,2.5022785100000001e-05,3.3363713500000001e-05
0,6.3507794199999997e-06,1.27015535e-05,1.9052318999999999e-05,2.5403091900000001e-05
0,8.3435518899999998e-06,1.6687093599999999e-05,2.5030624e-05,3.33741654e-05
0,1.2499999700000001e-05,2.49999991e-05,3.7499999999999997e-05,5.0000000000000002e-05
0,1.0407913399999999e-05,2.0815823800000001e-05,3.1223730700000001e-05,4.1631641000000002e-05
0,1.2500002400000001e-05,2.5000002100000002e-05,3.7499999999999997e-05,5.0000000000000002e-05
0,1.6659066200000001e-05,3.3318137500000001e-05,4.9977214900000003e-05,6.6636286499999997e-05
0,1.4592089e-05,2.9184178099999999e-05,4.37762693e-05,5.8368359000000003e-05
0,1.6656457800000001e-05,3.3312915500000003e-05,4.9969375999999997e-05,6.6625834599999998e-05
0,2.0592944499999999e-05,4.1185886400000003e-05,6.1778831600000007e-05,8.2371775500000006e-05
0,1.8649225100000001e-05,3.7298450900000003e-05,5.5947681000000001e-05,7.4596908099999997e-05
0,2.0599472200000002e-05,4.1198948499999999e-05,6.1798432600000005e-05,8.2397910100000005e-05
0,2.5000000000000001e-05,5.0000000000000002e-05,7.4999999999999993e-05,0.0001
0,2.25805136e-05,4.5161027900000002e-05,6.7741546499999999e-05,9.0322062000000003e-05
0,2.5000000000000001e-05,5.0000000000000002e-05,7.4999999999999993e-05,0.0001
0,2.5000000000000001e-05,5.0000000000000002e-05,7.4999999999999993e-05,0.0001
0,0,0,0,0
0,0,0,0,0
0,0,0,0,0
0,2.5000000000000001e-05,5.0000000000000002e-05,7.4999999999999993e-05,0.0001
0,2.5000000000000001e-05,5.0000000000000002e-05,7.4999999999999993e-05,0.0001
0,2.5000000000000001e-05,5.0000000000000002e-05,7.4999999999999993e-05,0.0001
0,0,0,0,0
0,0,0,0,0
0,0,0,0,0
0,2.5000000000000001e-05,5.0000000000000002e-05,7.4999999999999993e-05,0.0001
0,2.5000000000000001e-05,5.0000000000000002e-05,7.4999999999999993e-05,0.0001
0,2.5000000000000001e-05,5.0000000000000002e-05,7.4999999999999993e-05,0.0001
0,0,0,0,0
0,0,0,0,0
0,0,0,0,0
0,2.5000000000000001e-05,5.0000000000000002e-05,7.4999999999999993e-05,0.0001
0,2.5000000000000001e-05,5.0000000000000002e-05,7.4999999999999993e-05,0.0001
0,2.5000000000000001e-05,5.0000000000000002e-05,7.4999999999999993e-05,0.0001
0,0,0,0,0
0,4.3956169999999997e-06,8.7912316899999993e-06,1.31868404e-05,1.7582453899999999e-05
0,0,0,0,0
0,0,0,0,0
0,2.4395787599999999e-06,4.8791552300000002e-06,7.3187271000000004e-06,9.7583027999999994e-06
0,4.3941424499999996e-06,8.7882773399999997e-06,1.31824018e-05,1.7576535700000001e-05
0,8.3422945199999993e-06,1.6684588100000002e-05,2.5026878100000001e-05,3.3369170800000003e-05
0,6.3460731899999996e-06,1.26921425e-05,1.90382054e-05,2.5384273900000001e-05
0,8.3440913200000001e-06,1.6688174100000001e-05,2.5032247500000001e-05,3.3376330000000003e-05
0,1.2500000000000001e-05,2.49999997e-05,3.7499999999999997e-05,5.0000000000000002e-05
0,1.0409014899999999e-05,2.0818028300000001e-05,3.1227039799999997e-05,4.1636052999999997e-05
0,1.2500007899999999e-05,2.5000007099999999e-05,3.7499999999999997e-05,5.0000000000000002e-05
0,1.6657723499999999e-05,3.3315428300000001e-05,4.99731219e-05,6.6630829199999995e-05
0,1.45909935e-05,2.91819791e-05,4.3772960200000003e-05,5.8363947000000001e-05
0,1.6655919e-05,3.3311835200000001e-05,4.99677525e-05,6.6623669999999995e-05
0,2.0604391000000001e-05,4.1208775999999999e-05,6.1813159600000004e-05,8.2417546099999999e-05
0,1.8653939800000001e-05,3.7307869200000001e-05,5.5961794600000003e-05,7.4615726099999994e-05
0,2.0605867800000001e-05,4.1211732100000003e-05,6.18175982e-05,8.2423464299999997e-05
0,2.5000000000000001e-05,5.0000000000000002e-05,7.4999999999999993e-05,0.0001
0,2.2560426700000001e-05,4.5120849900000002e-05,6.7681272900000007e-05,9.0241697199999995e-05
0,2.5000000000000001e-05,5.0000000000000002e-05,7.4999999999999993e-05,0.0001
0,2.5000000000000001e-05,5.0000000000000002e-05,7.4999999999999993e-05,0.0001
0,0,0,0,0
0,0,0,0,0
0,0,0,0,0
0,2.5000000000000001e-05,5.0000000000000002e-05,7.4999999999999993e-05,0.0001
0,2.5000000000000001e-05,5.0000000000000002e-05,7.4999999999999993e-05,0.0001
0,2.5000000000000001e-05,5.0000000000000002e-05,7.4999999999999993e-05,0.0001
0,0,0,0,0
0,0,0,0,0
0,0,0,0,0
0,2.5000000000000001e-05,5.0000000000000002e-05,7.4999999999999993e-05,0.0001
0,2.5000000000000001e-05,5.0000000000000002e-05,7.4999999999999993e-05,0.0001
0,2.5000000000000001e-05,5.0000000000000002e-05,7.4999999999999993e-05,0.0001
0,0,0,0,0
0,0,0,0,0
0,0,0,0,0
0,2.5000000000000001e-05,5.0000000000000002e-05,7.4999999999999993e-05,0.0001
0,2.5000000000000001e-05,5.0000000000000002e-05,7.4999999999999993e-05,0.0001
0,2.5000000000000001e-05,5.0000000000000002e-05,7.4999999999999993e-05,0.0001
0,0,0,0,0
0,4.4070672400000003e-06,8.8141238e-06,1.32211684e-05,1.7628224499999999e-05
0,0,0,0,0
0,0,0,0,0
0,2.4194898399999999e-06,4.8389749600000004e-06,7.2584534899999997e-06,9.6779379900000001e-06
0,4.39414011e-06,8.7882751800000004e-06,1.31824018e-05,1.7576535700000001e-05
0,8.34092607e-06,1.66818562e-05,2.5022785100000001e-05,3.3363713500000001e-05
0,6.3507792199999998e-06,1.27015532e-05,1.9052318999999999e-05,2.5403091900000001e-05
0,8.3440905999999992e-06,1.66881734e-05,2.5032247500000001e-05,3.3376330000000003e-05
0,1.24999758e-05,2.4999979499999998e-05,3.7499999999999997e-05,5.0000000000000002e-05
0,1.0407896699999999e-05,2.0815809799999999e-05,3.1223730700000001e-05,4.1631641000000002e-05
0,1.25000089e-05,2.50000082e-05,3.7499999999999997e-05,5.0000000000000002e-05
0,1.6659106699999999e-05,3.3318174500000003e-05,4.9977214900000003e-05,6.6636286499999997e-05
0,1.4592102400000001e-05,2.9184191500000001e-05,4.37762693e-05,5.8368359000000003e-05
0,1.66559242e-05,3.33118399e-05,4.99677525e-05,6.6623669999999995e-05
0,2.0592940099999998e-05,4.1185883300000003e-05,6.1778831600000007e-05,8.2371775500000006e-05
0,1.86492441e-05,3.7298468700000003e-05,5.5947681000000001e-05,7.4596908099999997e-05
0,2.060587e-05,4.12117338e-05,6.18175982e-05,8.2423464299999997e-05
0,2.5000000000000001e-05,5.0000000000000002e-05,7.4999999999999993e-05,0.0001
0,2.2580513699999999e-05,4.5161028899999998e-05,6.7741546499999999e-05,9.0322062000000003e-05
0,2.5000000000000001e-05,5.0000000000000002e-05,7.4999999999999993e-05,0.0001
0,2.5000000000000001e-05,5.0000000000000002e-05,7.4999999999999993e-05,0.0001
0,0,0,0,0
0,0,0,0,0
0,0,0,0,0
0,2.5000000000000001e-05,5.0000000000000002e-05,7.4999999999999993e-05,0.0001
0,2.5000000000000001e-05,5.0000000000000002e-05,7.4999999999999993e-05,0.0001
0,2.5000000000000001e-05,5.0000000000000002e-05,7.4999999999999993e-05,0.0001
0,0,0,0,0
0,0,0,0,0
0,0,0,0,0
0,2.5000000000000001e-05,5.0000000000000002e-05,7.4999999999999993e-05,0.0001
0,2.5000000000000001e-05,5.0000000000000002e-05,7.4999999999999993e-05,0.0001
0,2.5000000000000001e-05,5.0000000000000002e-05,7.4999999999999993e-05,0.0001
0,0,0,0,0
0,0,0,0,0
0,0,0,0,0
0,2.5000000000000001e-05,5.0000000000000002e-05,7.4999999999999993e-05,0.0001
0,2.5000000000000001e-05,5.0000000000000002e-05,7.4999999999999993e-05,0.0001
0,2.5000000000000001e-05,5.0000000000000002e-05,7.4999999999999993e-05,0.0001
0,0,0,0,0
0,4.4109959399999999e-06,8.8219893599999999e-06,1.3232976900000001e-05,1.7643969200000001e-05
0,0,0,0,0
0,0,0,0,0
0,2.4105936499999999e-06,4.8211856900000001e-06,7.2317743100000001e-06,9.6423657399999992e-06
0,4.4005269000000002e-06,8.8010502699999997e-06,1.32015674e-05,1.76020899e-05
0,8.3404750200000005e-06,1.6680945800000001e-05,2.5021410000000001e-05,3.33618801e-05
0,6.3533367500000003e-06,1.2706667099999999e-05,1.9059988699999999e-05,2.54133183e-05
0,8.3435467300000006e-06,1.66870885e-05,2.5030624e-05,3.33741654e-05
0,1.2499977099999999e-05,2.4999981999999999e-05,3.7499999999999997e-05,5.0000000000000002e-05
0,1.0407339499999999e-05,2.0814688399999999e-05,3.1222039e-05,4.1629385299999999e-05
0,1.24999974e-05,2.4999998599999999e-05,3.7499999999999997e-05,5.0000000000000002e-05
0,1.6659572100000001e-05,3.3319097999999999e-05,4.9978590000000002e-05,6.6638119899999998e-05
0,1.4592665800000001e-05,2.91853193e-05,4.3777961e-05,5.8370614699999999e-05
0,1.6656471500000001e-05,3.3312928300000002e-05,4.9969375999999997e-05,6.6625834599999998e-05
0,2.0589017199999999e-05,4.1178023499999999e-05,6.1767023100000001e-05,8.2356030799999997e-05
0,1.8646700599999998e-05,3.7293367700000002e-05,5.5940011300000001e-05,7.4586681700000005e-05
0,2.0599486799999999e-05,4.1198962099999997e-05,6.1798432600000005e-05,8.2397910100000005e-05
0,2.5000000000000001e-05,5.0000000000000002e-05,7.4999999999999993e-05,0.0001
0,2.2589407900000001e-05,4.5178815800000002e-05,6.7768225699999996e-05,9.0357634300000005e-05
0,2.5000000000000001e-05,5.0000000000000002e-05,7.4999999999999993e-05,0.0001
0,2.5000000000000001e-05,5.0000000000000002e-05,7.4999999999999993e-05,0.0001
0,0,0,0,0
0,0,0,0,0
0,0,0,0,0
0,2.5000000000000001e-05,5.0000000000000002e-05,7.4999999999999993e-05,0.0001
0,2.5000000000000001e-05,5.0000000000000002e-05,7.4999999999999993e-05,0.0001
0,2.5000000000000001e-05,5.0000000000000002e-05,7.4999999999999993e-05,0.0001
0,0,0,0,0
0,0,0,0,0
0,0,0,0,0
0,2.5000000000000001e-05,5.0000000000000002e-05,7.4999999999999993e-05,0.0001
0,2.5000000000000001e-05,5.0000000000000002e-05,7.4999999999999993e-05,0.0001
0,2.5000000000000001e-05,5.0000000000000002e-05,7.4999999999999993e-05,0.0001
0,0,0,0,0
0,0,0,0,0
0,0,0,0,0
0,2.5000000000000001e-05,5.0000000000000002e-05,7.4999999999999993e-05,0.0001
0,2.5000000000000001e-05,5.0000000000000002e-05,7.4999999999999993e-05,0.0001
0,2.5000000000000001e-05,5.0000000000000002e-05,7.4999999999999993e-05,0.0001
0,0,0,0,0
0,4.4070579200000004e-06,8.8141141300000002e-06,1.32211684e-05,1.7628224499999999e-05
0,0,0,0,0
0,0,0,0,0
0,2.4194829200000002e-06,4.8389677099999997e-06,7.2584534899999997e-06,9.6779379900000001e-06
0,4.4005239600000001e-06,8.8010468700000001e-06,1.32015674e-05,1.76020899e-05
0,8.3409478500000006e-06,1.6681874500000001e-05,2.5022785100000001e-05,3.3363713500000001e-05
0,6.3507815399999998e-06,1.2701554e-05,1.9052318999999999e-05,2.5403091900000001e-05
0,8.3435471000000008e-06,1.6687088399999998e-05,2.5030624e-05,3.33741654e-05
0,1.2500001e-05,2.5000001299999999e-05,3.7499999999999997e-05,5.0000000000000002e-05
0,1.04079178e-05,2.08158279e-05,3.1223730700000001e-05,4.1631641000000002e-05
0,1.25000091e-05,2.5000008900000001e-05,3.7499999999999997e-05,5.0000000000000002e-05
0,1.6659092700000001e-05,3.33181619e-05,4.9977214900000003e-05,6.6636286499999997e-05
0,1.45921006e-05,2.9184189400000001e-05,4.37762693e-05,5.8368359000000003e-05
0,1.6656471900000001e-05,3.3312928899999999e-05,4.9969375999999997e-05,6.6625834599999998e-05
0,2.05929423e-05,4.1185885300000002e-05,6.1778831600000007e-05,8.2371775500000006e-05
0,1.8649238899999999e-05,3.7298463999999997e-05,5.5947681000000001e-05,7.4596908099999997e-05
0,2.0599481799999999e-05,4.1198957600000002e-05,6.1798432600000005e-05,8.2397910100000005e-05
0,2.5000000000000001e-05,5.0000000000000002e-05,7.4999999999999993e-05,0.0001
0,2.25805138e-05,4.5161028600000003e-05,6.7741546499999999e-05,9.0322062000000003e-05
0,2.5000000000000001e-05,5.0000000000000002e-05,7.4999999999999993e-05,0.0001
0,2.5000000000000001e-05,5.0000000000000002e-05,7.4999999999999993e-05,0.0001
0,0,0,0,0
0,0,0,0,0
0,0,0,0,0
0,2.5000000000000001e-05,5.0000000000000002e-05,7.4999999999999993e-05,0.0001
0,2.5000000000000001e-05,5.0000000000000002e-05,7.4999999999999993e-05,0.0001
0,2.5000000000000001e-05,5.0000000000000002e-05,7.4999999999999993e-05,0.0001
0,0,0,0,0
0,0,0,0,0
0,0,0,0,0
0,2.5000000000000001e-05,5.0000000000000002e-05,7.4999999999999993e-05,0.0001
0,2.5000000000000001e-05,5.0000000000000002e-05,7.4999999999999993e-05,0.0001
0,2.5000000000000001e-05,5.0000000000000002e-05,7.4999999999999993e-05,0.0001
0,0,0,0,0
0,0,0,0,0
0,0,0,0,0
0,2.5000000000000001e-05,5.0000000000000002e-05,7.4999999999999993e-05,0.0001
0,2.5000000000000001e-05,5.0000000000000002e-05,7.4999999999999993e-05,0.0001
0,2.5000000000000001e-05,5.0000000000000002e-05,7.4999999999999993e-05,0.0001
0,0,0,0,0
0,4.3956227100000003e-06,8.7912350699999993e-06,1.31868404e-05,1.7582453899999999e-05
0,0,0,0,0
0,0,0,0,0
0,2.4395812600000001e-06,4.8791562900000003e-06,7.3187271000000004e-06,9.7583027999999994e-06
0,4.3941395399999999e-06,8.7882725999999999e-06,1.31824018e-05,1.7576535700000001e-05
0,8.3423064200000006e-06,1.6684597299999999e-05,2.5026878100000001e-05,3.3369170800000003e-05
0,6.34607978e-06,1.26921469e-05,1.90382054e-05,2.5384273900000001e-05
0,8.3440922700000004e-06,1.6688173700000001e-05,2.5032247500000001e-05,3.3376330000000003e-05
0,1.2500004699999999e-05,2.5000003900000001e-05,3.7499999999999997e-05,5.0000000000000002e-05
0,1.0409022999999999e-05,2.0818034999999999e-05,3.1227039799999997e-05,4.1636052999999997e-05
0,1.2500014100000001e-05,2.5000012699999999e-05,3.7499999999999997e-05,5.0000000000000002e-05
0,1.6657720100000001e-05,3.3315426199999997e-05,4.99731219e-05,6.6630829199999995e-05
0,1.4590998400000001e-05,2.9181983799999999e-05,4.3772960200000003e-05,5.8363947000000001e-05
0,1.6655925500000001e-05,3.3311842299999998e-05,4.99677525e-05,6.6623669999999995e-05
0,2.0604391400000001e-05,4.1208777199999998e-05,6.1813159600000004e-05,8.2417546099999999e-05
0,1.86539379e-05,3.7307868400000001e-05,5.5961794600000003e-05,7.4615726099999994e-05
0,2.0605867400000002e-05,4.1211732699999999e-05,6.18175982e-05,8.2423464299999997e-05
0,2.5000000000000001e-05,5.0000000000000002e-05,7.4999999999999993e-05,0.0001
0,2.2560425900000001e-05,4.5120849699999999e-05,6.7681272900000007e-05,9.0241697199999995e-05
0,2.5000000000000001e-05,5.0000000000000002e-05,7.4999999999999993e-05,0.0001
0,2.5000000000000001e-05,5.0000000000000002e-05,7.4999999999999993e-05,0.0001
0,0,0,0,0
0,0,0,0,0
0,0,0,0,0
0,2.5000000000000001e-05,5.0000000000000002e-05,7.4999999999999993e-05,0.0001
0,2.5000000000000001e-05,5.0000000000000002e-05,7.4999999999999993e-05,0.0001
0,2.5000000000000001e-05,5.0000000000000002e-05,7.4999999999999993e-05,0.0001
0,0,0,0,0
0,0,0,0,0
0,0,0,0,0
0,2.5000000000000001e-05,5.0000000000000002e-05,7.4999999999999993e-05,0.0001
0,2.5000000000000001e-05,5.0000000000000002e-05,7.4999999999999993e-05,0.0001
0,2.5000000000000001e-05,5.0000000000000002e-05,7.4999999999999993e-05,0.0001
0,0,0,0,0
0,0,0,0,0
0,0,0,0,0
0,2.5000000000000001e-05,5.0000000000000002e-05,7.4999999999999993e-05,0.0001
0,2.5000000000000001e-05,5.0000000000000002e-05,7.4999999999999993e-05,0.0001
0,2.5000000000000001e-05,5.0000000000000002e-05,7.4999999999999993e-05,0.0001
0,0,0,0,0
0,4.4070703599999998e-06,8.8141246300000006e-06,1.32211684e-05,1.7628224499999999e-05
0,0,0,0,0
0,0,0,0,0
0,2.4194930999999998e-06,4.8389765299999999e-06,7.2584534899999997e-06,9.6779379900000001e-06
0,4.3941452499999996e-06,8.7882777700000007e-06,1.31824018e-05,1.7576535700000001e-05
0,8.3409397600000003e-06,1.6681866200000001e-05,2.5022785100000001e-05,3.3363713500000001e-05
0,6.3507876199999998e-06,1.27015584e-05,1.9052318999999999e-05,2.5403091900000001e-05
0,8.3440957500000003e-06,1.66881761e-05,2.5032247500000001e-05,3.3376330000000003e-05
0,1.2500007499999999e-05,2.5000005000000002e-05,3.7499999999999997e-05,5.0000000000000002e-05
0,1.0407921899999999e-05,2.08158298e-05,3.1223730700000001e-05,4.1631641000000002e-05
0,1.2500008400000001e-05,2.50000072e-05,3.7499999999999997e-05,5.0000000000000002e-05
0,1.6659066499999999e-05,3.3318138200000003e-05,4.9977214900000003e-05,6.6636286499999997e-05
0,1.4592090599999999e-05,2.91841792e-05,4.37762693e-05,5.8368359000000003e-05
0,1.6655919599999999e-05,3.3311836499999998e-05,4.99677525e-05,6.6623669999999995e-05
0,2.05929375e-05,4.1185881500000001e-05,6.1778831600000007e-05,8.2371775500000006e-05
0,1.8649220100000001e-05,3.7298447500000002e-05,5.5947681000000001e-05,7.4596908099999997e-05
0,2.0605862699999999e-05,4.1211729000000003e-05,6.18175982e-05,8.2423464299999997e-05
0,2.5000000000000001e-05,5.0000000000000002e-05,7.4999999999999993e-05,0.0001
0,2.2580511199999998e-05,4.5161026899999999e-05,6.7741546499999999e-05,9.0322062000000003e-05
0,2.5000000000000001e-05,5.0000000000000002e-05,7.4999999999999993e-05,0.0001
0,2.5000000000000001e-05,5.0000000000000002e-05,7.4999999999999993e-05,0.0001
0,0,0,0,0
0,0,0,0,0
0,0,0,0,0
0,2.5000000000000001e-05,5.0000000000000002e-05,7.4999999999999993e-05,0.0001
0,2.5000000000000001e-05,5.0000000000000002e-05,7.4999999999999993e-05,0.0001
0,2.5000000000000001e-05,5.0000000000000002e-05,7.4999999999999993e-05,0.0001
0,0,0,0,0
0,0,0,0,0
0,0,0,0,0
0,2.5000000000000001e-05,5.0000000000000002e-05,7.4999999999999993e-05,0.0001
0,2.5000000000000001e-05,5.0000000000000002e-05,7.4999999999999993e-05,0.0001
0,2.5000000000000001e-05,5.0000000000000002e-05,7.4999999999999993e-05,0.0001
0,0,0,0,0
0,0,0,0,0
0,0,0,0,0
0,2.5000000000000001e-05,5.0000000000000002e-05,7.4999999999999993e-05,0.0001
0,2.5000000000000001e-05,5.0000000000000002e-05,7.4999999999999993e-05,0.0001
0,2.5000000000000001e-05,5.0000000000000002e-05,7.4999999999999993e-05,0.0001
0,0,0,0,0
0,4.4110057100000004e-06,8.8219959000000004e-06,1.3232976900000001e-05,1.7643969200000001e-05
0,0,0,0,0
0,0,0,0,0
0,2.41059999e-06,4.8211901899999999e-06,7.2317743100000001e-06,9.6423657399999992e-06
0,4.4005371900000001e-06,8.8010574999999999e-06,1.32015674e-05,1.76020899e-05
0,8.34048161e-06,1.6680948999999999e-05,2.5021410000000001e-05,3.33618801e-05
0,6.3533422600000002e-06,1.27066693e-05,1.9059988699999999e-05,2.54133183e-05
0,8.34355468e-06,1.66870935e-05,2.5030624e-05,3.33741654e-05
0,1.2500007699999999e-05,2.5000005000000002e-05,3.7499999999999997e-05,5.0000000000000002e-05
0,1.04073554e-05,2.0814698900000001e-05,3.1222039e-05,4.1629385299999999e-05
0,1.25000068e-05,2.50000051e-05,3.7499999999999997e-05,5.0000000000000002e-05
0,1.6659505100000001e-05,3.3319037399999998e-05,4.9978590000000002e-05,6.6638119899999998e-05
0,1.45926438e-05,2.9185297200000002e-05,4.3777961e-05,5.8370614699999999e-05
0,1.66564538e-05,3.3312912500000002e-05,4.9969375999999997e-05,6.6625834599999998e-05
0,2.0588986899999998e-05,4.1177996199999997e-05,6.1767023100000001e-05,8.2356030799999997e-05
0,1.86466511e-05,3.7293323499999998e-05,5.5940011300000001e-05,7.4586681700000005e-05
0,2.05994684e-05,4.11989473e-05,6.1798432600000005e-05,8.2397910100000005e-05
0,2.5000000000000001e-05,5.0000000000000002e-05,7.4999999999999993e-05,0.0001
0,2.2589400299999999e-05,4.5178809600000003e-05,6.7768225699999996e-05,9.0357634300000005e-05
0,2.5000000000000001e-05,5.0000000000000002e-05,7.4999999999999993e-05,0.0001
0,2.5000000000000001e-05,5.0000000000000002e-05,7.4999999999999993e-05,0.0001
0,0,0,0,0
0,0,0,0,0
0,0,0,0,0
0,2.5000000000000001e-05,5.0000000000000002e-05,7.4999999999999993e-05,0.0001
0,2.5000000000000001e-05,5.0000000000000002e-05,7.4999999999999993e-05,0.0001
0,2.5000000000000001e-05,5.0000000000000002e-05,7.4999999999999993e-05,0.0001
0,0,0,0,0
0,0,0,0,0
0,0,0,0,0
0,2.5000000000000001e-05,5.0000000000000002e-05,7.4999999999999993e-05,0.0001
0,2.5000000000000001e-05,5.0000000000000002e-05,7.4999999999999993e-05,0.0001
0,2.5000000000000001e-05,5.0000000000000002e-05,7.4999999999999993e-05,0.0001
0,0,0,0,0
0,0,0,0,0
0,0,0,0,0
0,2.5000000000000001e-05,5.0000000000000002e-05,7.4999999999999993e-05,0.0001
0,2.5000000000000001e-05,5.0000000000000002e-05,7.4999999999999993e-05,0.0001
0,2.5000000000000001e-05,5.0000000000000002e-05,7.4999999999999993e-05,0.0001
0,0,0,0,0
0,4.40706798e-06,8.8141218300000007e-06,1.32211684e-05,1.7628224499999999e-05
0,0,0,0,0
0,0,0,0,0
0,2.4194921099999998e-06,4.83897537e-06,7.2584534899999997e-06,9.6779379900000001e-06
0,4.4005365500000003e-06,8.8010566100000003e-06,1.32015674e-05,1.76020899e-05
0,8.3409407300000002e-06,1.6681866000000001e-05,2.5022785100000001e-05,3.3363713500000001e-05
0,6.3507904000000002e-06,1.2701560500000001e-05,1.9052318999999999e-05,2.5403091900000001e-05
0,8.3435582100000007e-06,1.6687096299999999e-05,2.5030624e-05,3.33741654e-05
0,1.25000034e-05,2.5000000600000001e-05,3.7499999999999997e-05,5.0000000000000002e-05
0,1.04079201e-05,2.0815827199999999e-05,3.1223730700000001e-05,4.1631641000000002e-05
0,1.25000038e-05,2.5000002e-05,3.7499999999999997e-05,5.0000000000000002e-05
0,1.6659054399999998e-05,3.33181279e-05,4.9977214900000003e-05,6.6636286499999997e-05
0,1.45920839e-05,2.9184173e-05,4.37762693e-05,5.8368359000000003e-05
0,1.66564534e-05,3.3312912500000002e-05,4.9969375999999997e-05,6.6625834599999998e-05
0,2.0592935e-05,4.118588e-05,6.1778831600000007e-05,8.2371775500000006e-05
0,1.8649215600000002e-05,3.7298444199999999e-05,5.5947681000000001e-05,7.4596908099999997e-05
0,2.0599465999999999e-05,4.1198945499999997e-05,6.1798432600000005e-05,8.2397910100000005e-05
0,2.5000000000000001e-05,5.0000000000000002e-05,7.4999999999999993e-05,0.0001
0,2.25805053e-05,4.51610222e-05,6.7741546499999999e-05,9.0322062000000003e-05
0,2.5000000000000001e-05,5.0000000000000002e-05,7.4999999999999993e-05,0.0001
0,2.5000000000000001e-05,5.0000000000000002e-05,7.4999999999999993e-05,0.0001
0,0,0,0,0
0,2.5000000000000001e-05,5.0000000000000002e-05,7.4999999999999993e-05,0.0001
0,0,0,0,0
0,2.5000000000000001e-05,5.0000000000000002e-05,7.4999999999999993e-05,0.0001
0,0,0,0,0
0,2.5000000000000001e-05,5.0000000000000002e-05,7.4999999999999993e-05,0.0001
0,0,0,0,0
0,4.3941446699999996e-06,8.7882760199999992e-06,1.31824018e-05,1.7576535700000001e-05
0,8.3440955999999996e-06,1.6688174900000001e-05,2.5032247500000001e-05,3.3376330000000003e-05
0,1.2500006e-05,2.50000043e-05,3.7499999999999997e-05,5.0000000000000002e-05
0,1.66559184e-05,3.3311836099999999e-05,4.99677525e-05,6.6623669999999995e-05
0,2.0605863299999999e-05,4.1211731000000002e-05,6.18175982e-05,8.2423464299999997e-05
0,2.5000000000000001e-05,5.0000000000000002e-05,7.4999999999999993e-05,0.0001
