0.00000000e+00,7.05585760e-08,1.59067286e-07,2.50958780e-07,3.34611713e-07
0.00000000e+00,-1.30210099e-07,-2.40854971e-07,-3.45891321e-07,-4.61188422e-07
0.00000000e+00,-1.36235833e-07,-2.57700330e-07,-3.77777014e-07,-5.03702680e-07
0.00000000e+00,-1.32371506e-07,-2.53374453e-07,-3.72135869e-07,-4.96181158e-07
0.00000000e+00,-3.42836480e-08,-4.96130216e-08,-6.04546884e-08,-8.06062456e-08
0.00000000e+00,-1.37394617e-07,-2.56881373e-07,-3.72984804e-07,-4.97313066e-07
0.00000000e+00,-3.00020164e-08,-4.34554405e-08,-5.45745144e-08,-7.27660135e-08
0.00000000e+00,-2.98810085e-08,-4.53043216e-08,-5.78808540e-08,-7.71744686e-08
0.00000000e+00,-1.37429183e-07,-2.59484528e-07,-3.77770286e-07,-5.03693712e-07
0.00000000e+00,-1.31115739e-07,-2.49090832e-07,-3.65086057e-07,-4.86781405e-07
0.00000000e+00,0.00000000e+00,0.00000000e+00,0.00000000e+00,0.00000000e+00
0.00000000e+00,-2.32890291e-07,-4.65301348e-07,-6.98541118e-07,-9.31388158e-07
0.00000000e+00,2.22583504e-07,4.45649069e-07,6.67874849e-07,8.90499798e-07
0.00000000e+00,4.13619658e-08,8.29548981e-08,1.24136994e-07,1.65515992e-07
0.00000000e+00,-2.31280272e-07,-4.62446097e-07,-6.93841802e-07,-9.25122403e-07
0.00000000e+00,-8.89916529e-09,-1.73325831e-08,-2.65852456e-08,-3.54469944e-08
0.00000000e+00,-2.44378327e-08,-4.87775957e-08,-7.33230852e-08,-9.77641137e-08
0.00000000e+00,-5.67899574e-08,-1.13530764e-07,-1.70382389e-07,-2.27176518e-07
0.00000000e+00,-1.17210346e-07,-2.34084096e-07,-3.51557294e-07,-4.68743059e-07
0.00000000e+00,1.22892797e-07,2.46126219e-07,3.68752169e-07,4.91669558e-07
0.00000000e+00,-2.60887252e-08,-4.88355284e-08,-7.51882719e-08,-1.00251028e-07
0.00000000e+00,1.87059001e-07,3.79176889e-07,5.64157465e-07,7.52209955e-07
0.00000000e+00,1.75205048e-07,3.52126010e-07,5.28263068e-07,7.04350758e-07
0.00000000e+00,2.23304139e-07,4.48892567e-07,6.70929869e-07,8.94573159e-07
0.00000000e+00,8.42589070e-08,1.72717231e-07,2.55856994e-07,3.41142661e-07
0.00000000e+00,1.96305882e-07,3.95955289e-07,5.91981032e-07,7.89308044e-07
0.00000000e+00,7.99077596e-08,1.62321519e-07,2.42662851e-07,3.23550470e-07
0.00000000e+00,1.01436994e-07,2.05621114e-07,3.06166818e-07,4.08222424e-07
0.00000000e+00,2.08838729e-07,4.21150265e-07,6.28406786e-07,8.37875716e-07
0.00000000e+00,2.05165625e-07,4.12382553e-07,6.17196272e-07,8.22928364e-07
0.00000000e+00,-2.05591265e-07,-4.08910160e-07,-6.15761833e-07,-8.21015778e-07
0.00000000e+00,-2.20917839e-07,-4.40117461e-07,-6.60116729e-07,-8.80155639e-07
0.00000000e+00,-2.45539266e-07,-4.86021819e-07,-7.33643496e-07,-9.78191326e-07
0.00000000e+00,-1.18600387e-07,-2.34450794e-07,-3.53937903e-07,-4.71917203e-07
0.00000000e+00,-2.30090782e-07,-4.58127917e-07,-6.88577034e-07,-9.18102711e-07
0.00000000e+00,-1.29483229e-07,-2.56457016e-07,-3.85515312e-07,-5.14020415e-07
0.00000000e+00,-1.38707585e-07,-2.73216534e-07,-4.13041167e-07,-5.50721555e-07
0.00000000e+00,-2.21464801e-07,-4.39455524e-07,-6.62491596e-07,-8.83322128e-07
0.00000000e+00,-2.47528033e-07,-4.91705724e-07,-7.39507195e-07,-9.86009592e-07
0.00000000e+00,0.00000000e+00,0.00000000e+00,0.00000000e+00,0.00000000e+00
0.00000000e+00,-2.33907453e-09,-4.21445338e-09,-5.98032169e-09,-7.97376200e-09
0.00000000e+00,-2.49733584e-07,-4.98939976e-07,-7.48705526e-07,-9.98274034e-07
0.00000000e+00,-7.20059158e-08,-1.43883855e-07,-2.15606397e-07,-2.87475196e-07
0.00000000e+00,-1.44838681e-07,-2.89175501e-07,-4.33747040e-07,-5.78329386e-07
0.00000000e+00,-2.44500486e-07,-4.88819583e-07,-7.33179194e-07,-9.77572259e-07
0.00000000e+00,-2.66505324e-07,-5.32525307e-07,-7.98465352e-07,-1.06462047e-06
0.00000000e+00,-1.44374005e-07,-2.87749491e-07,-4.31322434e-07,-5.75096578e-07
0.00000000e+00,-2.31051559e-07,-4.61071758e-07,-6.91803858e-07,-9.22405144e-07
0.00000000e+00,0.00000000e+00,0.00000000e+00,0.00000000e+00,0.00000000e+00
0.00000000e+00,2.29750450e-07,4.60036084e-07,6.89759034e-07,9.19678712e-07
0.00000000e+00,2.57935019e-07,5.16359429e-07,7.74873610e-07,1.03316481e-06
0.00000000e+00,7.56932385e-08,1.51514940e-07,2.27492778e-07,3.03323704e-07
0.00000000e+00,1.20874755e-07,2.42751348e-07,3.64441535e-07,4.85922046e-07
0.00000000e+00,2.06008035e-07,4.13047221e-07,6.19370972e-07,8.25827963e-07
0.00000000e+00,2.51387951e-07,5.02958839e-07,7.54495978e-07,1.00599464e-06
0.00000000e+00,1.38195161e-07,2.76892951e-07,4.15358573e-07,5.53811431e-07
0.00000000e+00,0.00000000e+00,0.00000000e+00,0.00000000e+00,0.00000000e+00
0.00000000e+00,0.00000000e+00,0.00000000e+00,0.00000000e+00,0.00000000e+00
0.00000000e+00,0.00000000e+00,0.00000000e+00,0.00000000e+00,0.00000000e+00
0.00000000e+00,0.00000000e+00,0.00000000e+00,0.00000000e+00,0.00000000e+00
0.00000000e+00,0.00000000e+00,0.00000000e+00,0.00000000e+00,0.00000000e+00
0.00000000e+00,-1.02996071e-07,-2.05859892e-07,-3.08823333e-07,-4.11764443e-07
0.00000000e+00,-2.28311929e-07,-4.56495831e-07,-6.84864137e-07,-9.13152183e-07
0.00000000e+00,0.00000000e+00,0.00000000e+00,0.00000000e+00,0.00000000e+00
0.00000000e+00,0.00000000e+00,0.00000000e+00,0.00000000e+00,0.00000000e+00
0.00000000e+00,-2.92243577e-07,-5.84469395e-07,-8.77241716e-07,-1.16965562e-06
0.00000000e+00,0.00000000e+00,0.00000000e+00,0.00000000e+00,0.00000000e+00
0.00000000e+00,0.00000000e+00,0.00000000e+00,0.00000000e+00,0.00000000e+00
0.00000000e+00,-2.83637968e-07,-5.67305321e-07,-8.51177698e-07,-1.13490360e-06
0.00000000e+00,-2.73526419e-07,-5.47047910e-07,-8.20705363e-07,-1.09427382e-06
0.00000000e+00,0.00000000e+00,0.00000000e+00,0.00000000e+00,0.00000000e+00
0.00000000e+00,0.00000000e+00,0.00000000e+00,0.00000000e+00,0.00000000e+00
0.00000000e+00,-1.47050809e-07,-2.94114035e-07,-4.41326945e-07,-5.88435927e-07
0.00000000e+00,7.59339817e-08,1.61944143e-07,2.48178068e-07,3.30904095e-07
0.00000000e+00,-1.37104470e-07,-2.69020359e-07,-4.01108693e-07,-5.34811588e-07
0.00000000e+00,-1.05649959e-07,-2.05463426e-07,-3.05113452e-07,-4.06817935e-07
0.00000000e+00,-3.25817287e-08,-5.26774108e-08,-7.20672201e-08,-9.60896215e-08
0.00000000e+00,-1.46555912e-07,-2.83031867e-07,-4.19268156e-07,-5.59024203e-07
0.00000000e+00,-3.43354121e-08,-6.10524361e-08,-8.78355243e-08,-1.17114029e-07
0.00000000e+00,-1.89333726e-08,-3.00541117e-08,-4.08732974e-08,-5.44977272e-08
0.00000000e+00,-1.24769431e-07,-2.39860379e-07,-3.54198582e-07,-4.72264773e-07
0.00000000e+00,-1.28070718e-07,-2.50230675e-07,-3.72337307e-07,-4.96449740e-07
0.00000000e+00,2.99148644e-07,6.13066351e-07,9.28379742e-07,1.23783966e-06
0.00000000e+00,2.59929519e-07,5.25036190e-07,7.89970805e-07,1.05329441e-06
0.00000000e+00,3.20610552e-07,6.47046389e-07,9.73647550e-07,1.29819673e-06
0.00000000e+00,2.96759628e-07,6.03602101e-07,9.10687482e-07,1.21424998e-06
0.00000000e+00,3.10169905e-07,6.26253289e-07,9.42386753e-07,1.25651567e-06
0.00000000e+00,3.05759964e-07,6.21214032e-07,9.37421850e-07,1.24989580e-06
0.00000000e+00,1.90680623e-07,3.93837179e-07,5.97704678e-07,7.96939576e-07
0.00000000e+00,1.74974512e-07,3.57568460e-07,5.40097008e-07,7.20129348e-07
0.00000000e+00,2.01216061e-07,4.10253675e-07,6.19592000e-07,8.26122669e-07
0.00000000e+00,0.00000000e+00,0.00000000e+00,0.00000000e+00,0.00000000e+00
0.00000000e+00,2.18971368e-07,4.38064576e-07,6.56922027e-07,8.75896036e-07
0.00000000e+00,0.00000000e+00,0.00000000e+00,0.00000000e+00,0.00000000e+00
0.00000000e+00,9.42536052e-08,1.88559301e-07,2.82749020e-07,3.76998693e-07
0.00000000e+00,2.40509912e-07,5.00573157e-07,7.66264433e-07,1.02168592e-06
0.00000000e+00,3.06440434e-07,6.24230069e-07,9.44249132e-07,1.25899884e-06
0.00000000e+00,2.78589903e-07,5.75103746e-07,8.75004695e-07,1.16667293e-06
0.00000000e+00,1.60663243e-07,3.40277283e-07,5.24384097e-07,6.99178802e-07
0.00000000e+00,1.84480795e-07,3.85514633e-07,5.88890487e-07,7.85187322e-07
0.00000000e+00,2.99430863e-07,6.11976018e-07,9.26505990e-07,1.23534132e-06
0.00000000e+00,2.78970828e-07,5.73328455e-07,8.71457929e-07,1.16194391e-06
0.00000000e+00,1.84650810e-07,3.83759033e-07,5.85711395e-07,7.80948531e-07
0.00000000e+00,-2.17263788e-07,-4.29963006e-07,-6.50559734e-07,-8.67412980e-07
0.00000000e+00,-3.06835898e-08,-5.50068157e-08,-8.94074815e-08,-1.19209974e-07
0.00000000e+00,-2.11430063e-07,-4.16106450e-07,-6.32586535e-07,-8.43448713e-07
0.00000000e+00,-2.25475754e-07,-4.46039371e-07,-6.74539145e-07,-8.99385526e-07
0.00000000e+00,-1.36666708e-07,-2.67523048e-07,-4.07123960e-07,-5.42831945e-07
0.00000000e+00,-1.18691152e-07,-2.31991650e-07,-3.54282235e-07,-4.72376313e-07
0.00000000e+00,-2.20706303e-07,-4.35781193e-07,-6.60568518e-07,-8.80758025e-07
0.00000000e+00,-2.36566897e-07,-4.66788651e-07,-7.07053351e-07,-9.42737799e-07
0.00000000e+00,-1.26733939e-07,-2.46786673e-07,-3.77943329e-07,-5.03924437e-07
0.00000000e+00,0.00000000e+00,0.00000000e+00,0.00000000e+00,0.00000000e+00
0.00000000e+00,0.00000000e+00,0.00000000e+00,0.00000000e+00,0.00000000e+00
0.00000000e+00,1.14264694e-07,2.28662991e-07,3.42963020e-07,4.57284027e-07
0.00000000e+00,0.00000000e+00,0.00000000e+00,0.00000000e+00,0.00000000e+00
0.00000000e+00,0.00000000e+00,0.00000000e+00,0.00000000e+00,0.00000000e+00
0.00000000e+00,2.33313813e-07,4.66754429e-07,7.00003680e-07,9.33338239e-07
0.00000000e+00,2.28112228e-07,4.60798903e-07,6.85568503e-07,9.14091336e-07
0.00000000e+00,1.53472511e-07,3.13718714e-07,4.62156729e-07,6.16208973e-07
0.00000000e+00,1.96487189e-07,3.98603937e-07,5.91003657e-07,7.88004875e-07
0.00000000e+00,6.59393813e-08,1.38565429e-07,2.00082342e-07,2.66776458e-07
0.00000000e+00,9.63896585e-08,1.98167950e-07,2.90951453e-07,3.87935271e-07
0.00000000e+00,2.06348911e-07,4.17611265e-07,6.20930338e-07,8.27907118e-07
0.00000000e+00,1.75856960e-07,3.58053148e-07,5.30198427e-07,7.06931237e-07
0.00000000e+00,7.65871467e-08,1.58982418e-07,2.32634000e-07,3.10178668e-07
0.00000000e+00,3.15825364e-07,6.33516049e-07,9.51098338e-07,1.26813112e-06
0.00000000e+00,0.00000000e+00,0.00000000e+00,0.00000000e+00,0.00000000e+00
0.00000000e+00,2.90937276e-08,5.97221373e-08,9.02880361e-08,1.20384049e-07
0.00000000e+00,2.81968343e-07,5.67216699e-07,8.52346968e-07,1.13646263e-06
0.00000000e+00,3.05397140e-07,6.12424205e-07,9.19379668e-07,1.22583956e-06
0.00000000e+00,2.97514750e-07,5.95787372e-07,8.94018602e-07,1.19202480e-06
0.00000000e+00,1.92940006e-07,3.87628050e-07,5.82235088e-07,7.76313451e-07
0.00000000e+00,1.82218006e-07,3.67547874e-07,5.52755408e-07,7.37007212e-07
0.00000000e+00,1.01896858e-07,2.04316893e-07,3.06714492e-07,4.08952656e-07
0.00000000e+00,0.00000000e+00,0.00000000e+00,0.00000000e+00,0.00000000e+00
0.00000000e+00,0.00000000e+00,0.00000000e+00,0.00000000e+00,0.00000000e+00
0.00000000e+00,2.03286170e-07,4.06585906e-07,6.09336618e-07,8.12448824e-07
0.00000000e+00,0.00000000e+00,0.00000000e+00,0.00000000e+00,0.00000000e+00
0.00000000e+00,0.00000000e+00,0.00000000e+00,0.00000000e+00,0.00000000e+00
0.00000000e+00,0.00000000e+00,0.00000000e+00,0.00000000e+00,0.00000000e+00
0.00000000e+00,2.17830858e-07,4.35630714e-07,6.53230139e-07,8.70973519e-07
0.00000000e+00,6.20303362e-08,1.24047802e-07,1.85915670e-07,2.47887560e-07
0.00000000e+00,1.94962760e-07,3.89929686e-07,5.84752953e-07,7.79670604e-07
0.00000000e+00,-1.24463122e-07,-2.47070463e-07,-3.69784253e-07,-4.93045670e-07
0.00000000e+00,0.00000000e+00,0.00000000e+00,0.00000000e+00,0.00000000e+00
0.00000000e+00,-2.38116840e-07,-4.75477869e-07,-7.12876010e-07,-9.50501346e-07
0.00000000e+00,-2.51492623e-07,-5.01359168e-07,-7.51293648e-07,-1.00172486e-06
0.00000000e+00,-1.26216363e-07,-2.49163838e-07,-3.72230906e-07,-4.96307873e-07
0.00000000e+00,-7.99277790e-08,-1.58119136e-07,-2.36389734e-07,-3.15186312e-07
0.00000000e+00,-8.24667935e-08,-1.64419206e-07,-2.46392099e-07,-3.28522798e-07
0.00000000e+00,-9.28131199e-08,-1.82505950e-07,-2.72321673e-07,-3.63095562e-07
0.00000000e+00,-3.36760996e-07,-6.69888447e-07,-1.00776693e-06,-1.34368925e-06
0.00000000e+00,9.89647892e-09,2.35596685e-08,3.34958543e-08,4.46611326e-08
0.00000000e+00,1.39987733e-07,2.83811321e-07,4.25331669e-07,5.67108885e-07
0.00000000e+00,3.36604117e-07,6.76846188e-07,1.01233993e-06,1.34978656e-06
0.00000000e+00,-1.76618572e-07,-3.49548701e-07,-5.26724854e-07,-7.02299811e-07
0.00000000e+00,1.46345906e-07,2.96471302e-07,4.43540540e-07,5.91387380e-07
0.00000000e+00,-1.10905972e-10,3.42090894e-09,3.36471872e-09,4.48628558e-09
0.00000000e+00,6.78199624e-09,1.72005126e-08,2.28544993e-08,3.04726602e-08
0.00000000e+00,2.00744517e-07,4.05180538e-07,6.05374079e-07,8.07165432e-07
0.00000000e+00,2.79934199e-07,5.63521067e-07,8.43535653e-07,1.12471420e-06
0.00000000e+00,4.30972463e-08,9.00340733e-08,1.32289803e-07,1.76386398e-07
0.00000000e+00,-2.98532694e-07,-5.93141840e-07,-8.93546390e-07,-1.19139519e-06
0.00000000e+00,-5.44761343e-09,-6.99485449e-09,-1.25669111e-08,-1.67558874e-08
0.00000000e+00,3.69949562e-07,7.43821780e-07,1.11190086e-06,1.48253448e-06
0.00000000e+00,-1.57309788e-07,-3.10754024e-07,-4.69443466e-07,-6.25924627e-07
0.00000000e+00,-2.39228391e-07,-4.74612351e-07,-7.14922162e-07,-9.53229555e-07
0.00000000e+00,-4.95959559e-08,-9.53317345e-08,-1.45497415e-07,-1.93996559e-07
0.00000000e+00,2.27956804e-07,4.59779358e-07,6.86358582e-07,9.15144770e-07
0.00000000e+00,3.10314480e-08,6.59864076e-08,9.51202361e-08,1.26826977e-07
0.00000000e+00,7.52387813e-08,1.54314043e-07,2.28438340e-07,3.04584448e-07
0.00000000e+00,2.71851526e-07,5.44143059e-07,8.15787510e-07,1.08771668e-06
0.00000000e+00,2.23048236e-07,4.46551485e-07,6.69293270e-07,8.92391026e-07
0.00000000e+00,2.47433816e-07,4.94981986e-07,7.42324191e-07,9.89765588e-07
0.00000000e+00,1.70769653e-07,3.41866427e-07,5.12434282e-07,6.83245709e-07
0.00000000e+00,-1.23198625e-07,-2.42560418e-07,-3.64206606e-07,-4.85608814e-07
0.00000000e+00,-1.38811803e-07,-2.73843899e-07,-4.11923571e-07,-5.49231434e-07
0.00000000e+00,-2.83148941e-07,-5.62653131e-07,-8.45727211e-07,-1.12763629e-06
0.00000000e+00,-9.01075653e-09,-1.41926492e-08,-2.16704112e-08,-2.88938879e-08
0.00000000e+00,2.29847014e-07,4.63599310e-07,6.93346996e-07,9.24462656e-07
0.00000000e+00,2.29559418e-07,4.62977646e-07,6.91972056e-07,9.22629402e-07
0.00000000e+00,1.03714809e-07,2.11325878e-07,3.14905994e-07,4.19874652e-07
0.00000000e+00,3.47716094e-07,6.99272629e-07,1.04590662e-06,1.39454215e-06
0.00000000e+00,-6.34482411e-07,-1.26516597e-06,-1.90044518e-06,-2.53392691e-06
0.00000000e+00,-2.64702827e-07,-5.25578029e-07,-7.91192151e-07,-1.05492287e-06
0.00000000e+00,-4.28862145e-07,-8.53844270e-07,-1.28408298e-06,-1.71211065e-06
0.00000000e+00,5.85110190e-09,1.55823196e-08,2.00308802e-08,2.67078345e-08
0.00000000e+00,-4.47004844e-07,-8.90242057e-07,-1.33815503e-06,-1.78420671e-06
0.00000000e+00,-2.75656705e-07,-5.47532196e-07,-8.23663895e-07,-1.09821853e-06
0.00000000e+00,-1.07996955e-08,-1.78292443e-08,-2.95574815e-08,-3.94099813e-08
0.00000000e+00,3.21627870e-07,6.48094836e-07,9.73129599e-07,1.29750613e-06
0.00000000e+00,1.14731712e-07,2.35152413e-07,3.55587705e-07,4.74116935e-07
0.00000000e+00,2.78858314e-07,5.63905948e-07,8.49188623e-07,1.13225149e-06
0.00000000e+00,-5.53101431e-08,-1.04426561e-07,-1.53305324e-07,-2.04407102e-07
0.00000000e+00,1.64045288e-07,3.33331579e-07,5.01899479e-07,6.69199300e-07
0.00000000e+00,1.86991061e-07,3.79935988e-07,5.73017283e-07,7.64023040e-07
0.00000000e+00,1.43373854e-07,2.92171282e-07,4.40465735e-07,5.87287642e-07
0.00000000e+00,6.99125205e-08,1.45266059e-07,2.20121896e-07,2.93495856e-07
0.00000000e+00,4.20627054e-08,9.00864556e-08,1.38245827e-07,1.84327765e-07
0.00000000e+00,1.13225035e-07,2.32633485e-07,3.52278115e-07,4.69704150e-07
0.00000000e+00,2.80098538e-08,6.08599038e-08,9.22726892e-08,1.23030247e-07
0.00000000e+00,1.81986925e-07,3.69411647e-07,5.56331441e-07,7.41775249e-07
0.00000000e+00,1.43119246e-07,2.91481195e-07,4.39117861e-07,5.85490475e-07
0.00000000e+00,1.61518992e-07,3.27860996e-07,4.92761459e-07,6.57015273e-07
0.00000000e+00,-4.13444616e-07,-8.20377275e-07,-1.22595132e-06,-1.63460176e-06
0.00000000e+00,-1.49468165e-07,-2.92491593e-07,-4.34783854e-07,-5.79711810e-07
0.00000000e+00,-7.89882867e-08,-1.51844823e-07,-2.23982592e-07,-2.98643461e-07
0.00000000e+00,7.89470521e-08,1.64333912e-07,2.50462530e-07,3.33950035e-07
0.00000000e+00,-3.69973959e-09,-3.25674923e-09,-3.48998230e-09,-4.65331582e-09
0.00000000e+00,-1.28354272e-07,-2.51870814e-07,-3.74589230e-07,-4.99452312e-07
0.00000000e+00,1.66947066e-07,3.38738451e-07,5.11319998e-07,6.81759991e-07
0.00000000e+00,7.28446745e-08,1.49006655e-07,2.24677960e-07,2.99570609e-07
0.00000000e+00,-7.65443456e-08,-1.48644259e-07,-2.20637736e-07,-2.94183654e-07
0.00000000e+00,7.59106424e-09,2.00105434e-08,3.32387861e-08,4.43183757e-08
0.00000000e+00,8.04288444e-08,1.65301900e-07,2.50270475e-07,3.33693961e-07
0.00000000e+00,-7.08141827e-09,-1.04183627e-08,-1.43313944e-08,-1.91085314e-08
0.00000000e+00,-2.53958506e-08,-4.67598507e-08,-6.80524690e-08,-9.07366307e-08
0.00000000e+00,1.68354921e-08,3.76950006e-08,5.86333800e-08,7.81778345e-08
0.00000000e+00,1.32794458e-07,2.69780440e-07,4.03923127e-07,5.38564163e-07
0.00000000e+00,1.68848715e-07,3.41346028e-07,5.10711533e-07,6.80948706e-07
0.00000000e+00,2.26931442e-07,4.58331514e-07,6.87588778e-07,9.16785032e-07
0.00000000e+00,7.14838396e-08,1.47443062e-07,2.21258030e-07,2.95010701e-07
0.00000000e+00,1.02029398e-07,2.07996052e-07,3.10935145e-07,4.14580188e-07
0.00000000e+00,1.34698531e-07,2.73559699e-07,4.09982666e-07,5.46643550e-07
0.00000000e+00,9.59452713e-08,1.96068282e-07,2.93765298e-07,3.91687059e-07
0.00000000e+00,-1.65769219e-07,-3.22829026e-07,-4.77796101e-07,-6.37061470e-07
0.00000000e+00,5.15222833e-07,1.03697554e-06,1.56007609e-06,2.08010145e-06
0.00000000e+00,4.08351706e-08,8.85819888e-08,1.38551489e-07,1.84735314e-07
0.00000000e+00,7.77082388e-08,1.63023473e-07,2.50090766e-07,3.33454350e-07
0.00000000e+00,3.03156005e-07,6.13128522e-07,9.24947030e-07,1.23326270e-06
0.00000000e+00,-1.32141721e-07,-2.56375269e-07,-3.78412895e-07,-5.04550530e-07
0.00000000e+00,-2.67759129e-07,-5.27911390e-07,-7.86324294e-07,-1.04843240e-06
0.00000000e+00,5.60362936e-08,1.18602039e-07,1.82526374e-07,2.43368493e-07
0.00000000e+00,-2.09070340e-07,-4.11333349e-07,-6.11744913e-07,-8.15659889e-07
0.00000000e+00,5.99024748e-07,1.20184897e-06,1.80009271e-06,2.40012360e-06
0.00000000e+00,5.41756790e-11,3.91269019e-09,3.16088299e-09,4.21450432e-09
0.00000000e+00,2.77054354e-07,5.57933760e-07,8.34076040e-07,1.11210138e-06
0.00000000e+00,4.70728959e-07,9.45333647e-07,1.41468563e-06,1.88624750e-06
0.00000000e+00,2.65562186e-07,5.34903018e-07,7.99988642e-07,1.06665152e-06
0.00000000e+00,4.57979599e-07,9.19724074e-07,1.37679066e-06,1.83572087e-06
0.00000000e+00,2.21065746e-07,4.48270226e-07,6.76202712e-07,9.01603611e-07
0.00000000e+00,3.50506225e-07,7.07455683e-07,1.06514511e-06,1.42019348e-06
0.00000000e+00,3.51190209e-08,7.59996998e-08,1.18788050e-07,1.58384061e-07
0.00000000e+00,-1.27685419e-07,-2.49284112e-07,-3.68231868e-07,-4.90975827e-07
0.00000000e+00,8.19668861e-09,2.16763543e-08,3.65649364e-08,4.87532430e-08
0.00000000e+00,2.82857685e-08,6.18592284e-08,9.68370212e-08,1.29116023e-07
0.00000000e+00,-2.07072330e-08,-3.60088376e-08,-4.95054955e-08,-6.60073323e-08
0.00000000e+00,7.23347889e-09,1.98673529e-08,3.43342175e-08,4.57789517e-08
0.00000000e+00,-3.88039862e-08,-7.16693781e-08,-1.02231670e-07,-1.36308898e-07
0.00000000e+00,3.97925103e-08,8.32263878e-08,1.23530375e-07,1.64707163e-07
0.00000000e+00,1.28780030e-07,2.61495595e-07,3.91178948e-07,5.21571925e-07
0.00000000e+00,1.64619031e-07,3.33415872e-07,4.99787020e-07,6.66382689e-07
0.00000000e+00,1.12024274e-07,2.27681263e-07,3.40194084e-07,4.53592108e-07
0.00000000e+00,-5.65679244e-08,-1.09816516e-07,-1.63547913e-07,-2.18063888e-07
0.00000000e+00,4.50979427e-08,9.42325017e-08,1.43433379e-07,1.91244500e-07
0.00000000e+00,1.76050997e-08,3.89571523e-08,5.97354878e-08,7.96473115e-08
0.00000000e+00,1.34244833e-08,3.01561206e-08,4.64111889e-08,6.18815801e-08
0.00000000e+00,1.13023825e-07,2.30048992e-07,3.43595859e-07,4.58127806e-07
0.00000000e+00,1.01430808e-07,2.06866967e-07,3.08816760e-07,4.11755674e-07
0.00000000e+00,9.78461449e-08,1.99525167e-07,2.97632526e-07,3.96843363e-07
0.00000000e+00,1.55254133e-07,3.14350113e-07,4.69888560e-07,6.26518075e-07
0.00000000e+00,-4.17593441e-09,-4.72910358e-09,-6.55808767e-09,-8.74412263e-09
0.00000000e+00,-1.31856038e-08,-2.24309645e-08,-3.31587942e-08,-4.42117319e-08
0.00000000e+00,5.66434404e-08,1.16916186e-07,1.75894508e-07,2.34526005e-07
0.00000000e+00,-1.87325767e-08,-3.35228967e-08,-4.98200233e-08,-6.64267039e-08
0.00000000e+00,-1.61632447e-07,-3.22828792e-07,-4.84675569e-07,-6.46234092e-07
0.00000000e+00,-1.95785480e-07,-3.91115022e-07,-5.87203972e-07,-7.82938629e-07
0.00000000e+00,-1.82927434e-07,-3.65746470e-07,-5.48757356e-07,-7.31676474e-07
0.00000000e+00,-5.71458596e-08,-1.13968366e-07,-1.71315957e-07,-2.28421276e-07
0.00000000e+00,1.94287021e-07,3.94656707e-07,5.97679049e-07,7.96905395e-07
0.00000000e+00,8.04586690e-08,1.66325050e-07,2.54004437e-07,3.38672578e-07
0.00000000e+00,1.03371455e-07,2.12682276e-07,3.24301083e-07,4.32401440e-07
0.00000000e+00,3.14185859e-08,6.89203142e-08,1.09098084e-07,1.45464108e-07
0.00000000e+00,4.93981338e-07,9.94541484e-07,1.49750723e-06,1.99667631e-06
0.00000000e+00,3.96055641e-07,8.01489842e-07,1.21055598e-06,1.61407464e-06
0.00000000e+00,-4.59117001e-07,-9.11651168e-07,-1.36177355e-06,-1.81569807e-06
0.00000000e+00,3.10970881e-07,6.28777979e-07,9.48999209e-07,1.26533227e-06
0.00000000e+00,4.36193386e-07,8.80290137e-07,1.32744420e-06,1.76992560e-06
0.00000000e+00,2.57033111e-07,5.22165074e-07,7.90243153e-07,1.05365753e-06
0.00000000e+00,-2.50710239e-07,-4.94578803e-07,-7.36037510e-07,-9.81383352e-07
0.00000000e+00,3.96532535e-08,8.58950556e-08,1.34569772e-07,1.79426358e-07
0.00000000e+00,3.04857423e-08,6.88849293e-08,1.10367452e-07,1.47156599e-07
0.00000000e+00,-2.93233034e-07,-5.77086708e-07,-8.57314551e-07,-1.14308607e-06
0.00000000e+00,-1.62410061e-07,-3.16719466e-07,-4.68087214e-07,-6.24116289e-07
0.00000000e+00,-2.55629378e-07,-5.02059739e-07,-7.45559132e-07,-9.94078845e-07
0.00000000e+00,-3.60869917e-07,-7.13819643e-07,-1.06422198e-06,-1.41896265e-06
0.00000000e+00,3.31256422e-07,6.71215304e-07,1.01327921e-06,1.35103895e-06
0.00000000e+00,4.02073741e-07,8.11749446e-07,1.22316651e-06,1.63088867e-06
0.00000000e+00,4.66117795e-07,9.40157743e-07,1.41674452e-06,1.88899269e-06
0.00000000e+00,3.66887654e-07,7.42972146e-07,1.12198140e-06,1.49597519e-06
0.00000000e+00,2.45220088e-07,4.98346074e-07,7.53666571e-07,1.00488876e-06
0.00000000e+00,6.29943255e-08,1.29830580e-07,1.93113332e-07,2.57484438e-07
0.00000000e+00,-4.55087647e-08,-8.73867517e-08,-1.30540460e-07,-1.74053953e-07
0.00000000e+00,-1.64264121e-07,-3.24878036e-07,-4.91100079e-07,-6.54800109e-07
0.00000000e+00,-2.03905991e-07,-4.03971511e-07,-6.09824986e-07,-8.13099986e-07
0.00000000e+00,-1.00308029e-07,-1.96885490e-07,-2.98352709e-07,-3.97803617e-07
0.00000000e+00,3.46341635e-08,7.31050798e-08,1.05764179e-07,1.41018901e-07
0.00000000e+00,-2.15768185e-07,-4.28592469e-07,-6.45012803e-07,-8.60017076e-07
0.00000000e+00,-1.37607134e-08,-2.41636444e-08,-3.75705124e-08,-5.00940221e-08
0.00000000e+00,-2.63317795e-07,-5.23291227e-07,-7.87446440e-07,-1.04992859e-06
0.00000000e+00,-7.48097668e-09,-1.16230229e-08,-1.99610566e-08,-2.66147474e-08
0.00000000e+00,5.52569974e-08,1.16944786e-07,1.81231343e-07,2.41641786e-07
0.00000000e+00,2.84690808e-07,5.75805511e-07,8.69490314e-07,1.15932041e-06
0.00000000e+00,1.98089904e-07,4.02387889e-07,6.08927227e-07,8.11902964e-07
0.00000000e+00,8.62117075e-08,1.81135836e-07,2.78170626e-07,3.70894166e-07
0.00000000e+00,0.00000000e+00,0.00000000e+00,0.00000000e+00,0.00000000e+00
0.00000000e+00,9.78730529e-08,1.97562690e-07,2.97141593e-07,3.96188791e-07
0.00000000e+00,2.90667555e-07,5.81743605e-07,8.72771217e-07,1.16369496e-06
0.00000000e+00,3.47772819e-08,6.99196775e-08,1.05020006e-07,1.40026675e-07
0.00000000e+00,1.23904834e-07,2.48114070e-07,3.72299867e-07,4.96399822e-07
0.00000000e+00,-2.20786659e-07,-4.35142630e-07,-6.46927329e-07,-8.62569776e-07
0.00000000e+00,-1.03451992e-07,-2.00691644e-07,-2.95675481e-07,-3.94233980e-07
0.00000000e+00,0.00000000e+00,0.00000000e+00,0.00000000e+00,0.00000000e+00
0.00000000e+00,0.00000000e+00,0.00000000e+00,0.00000000e+00,0.00000000e+00
0.00000000e+00,0.00000000e+00,0.00000000e+00,0.00000000e+00,0.00000000e+00
0.00000000e+00,0.00000000e+00,0.00000000e+00,0.00000000e+00,0.00000000e+00
0.00000000e+00,-1.74229502e-07,-3.48047154e-07,-5.21906190e-07,-6.95874920e-07
0.00000000e+00,0.00000000e+00,0.00000000e+00,0.00000000e+00,0.00000000e+00
0.00000000e+00,-7.95395597e-08,-1.58766367e-07,-2.38014021e-07,-3.17352028e-07
0.00000000e+00,6.37244587e-07,1.28140535e-06,1.92775698e-06,2.57034263e-06
0.00000000e+00,-1.56222721e-07,-3.09465494e-07,-4.67625506e-07,-6.23500676e-07
0.00000000e+00,2.36939126e-07,4.76857727e-07,7.11849967e-07,9.49133288e-07
0.00000000e+00,1.27566849e-08,2.90990883e-08,3.94583431e-08,5.26111234e-08
0.00000000e+00,-1.81800870e-07,-3.60933808e-07,-5.44517509e-07,-7.26023346e-07
0.00000000e+00,2.05618863e-08,4.48406766e-08,6.27370952e-08,8.36494585e-08
0.00000000e+00,2.35710461e-07,4.75138488e-07,7.08203352e-07,9.44271134e-07
0.00000000e+00,2.26643547e-08,4.79948242e-08,6.88563859e-08,9.18085135e-08
0.00000000e+00,4.06819862e-08,8.43400785e-08,1.23057865e-07,1.64077151e-07
0.00000000e+00,-2.07565320e-07,-4.13351374e-07,-6.21912264e-07,-8.29216356e-07
0.00000000e+00,1.82767100e-07,3.66228562e-07,5.47244395e-07,7.29659191e-07
0.00000000e+00,-2.37535135e-07,-4.72113191e-07,-7.13107792e-07,-9.50810392e-07
0.00000000e+00,1.84736228e-07,3.71248347e-07,5.54990053e-07,7.39986734e-07
0.00000000e+00,-2.15100673e-08,-4.18248229e-08,-6.48650868e-08,-8.64867852e-08
0.00000000e+00,-2.55570064e-08,-4.94421820e-08,-7.76980809e-08,-1.03597444e-07
0.00000000e+00,-2.27966926e-07,-4.53650220e-07,-6.83823550e-07,-9.11764737e-07
0.00000000e+00,-1.18633620e-08,-2.19580300e-08,-3.48222996e-08,-4.64297366e-08
0.00000000e+00,1.83680834e-07,3.68569581e-07,5.50732323e-07,7.34309762e-07
0.00000000e+00,-1.46722412e-08,-2.70743777e-08,-4.39713383e-08,-5.86284547e-08
0.00000000e+00,-3.63860511e-07,-7.19812780e-07,-1.07271168e-06,-1.43028225e-06
0.00000000e+00,-5.55531922e-07,-1.10415078e-06,-1.65058085e-06,-2.20077448e-06
0.00000000e+00,-3.21761998e-07,-6.39494603e-07,-9.63617154e-07,-1.28482288e-06
0.00000000e+00,-3.43103261e-07,-6.82376533e-07,-1.02728145e-06,-1.36970860e-06
0.00000000e+00,-4.61393158e-07,-9.18897667e-07,-1.38187528e-06,-1.84250038e-06
0.00000000e+00,1.18353222e-09,6.20143851e-09,5.56473338e-09,7.41963929e-09
0.00000000e+00,-3.30902901e-07,-6.57801922e-07,-9.90842335e-07,-1.32112312e-06
0.00000000e+00,1.48006001e-08,3.36092600e-08,4.62507908e-08,6.16677162e-08
0.00000000e+00,0.00000000e+00,0.00000000e+00,0.00000000e+00,0.00000000e+00
0.00000000e+00,4.83041291e-08,1.05999294e-07,1.67348240e-07,2.23130985e-07
0.00000000e+00,-2.72856536e-07,-5.41998197e-07,-8.17436716e-07,-1.08991563e-06
0.00000000e+00,2.04274131e-07,4.11495837e-07,6.12321517e-07,8.16428686e-07
0.00000000e+00,-2.47141014e-07,-4.89548681e-07,-7.40755810e-07,-9.87674416e-07
0.00000000e+00,2.65673289e-07,5.35058718e-07,7.98145210e-07,1.06419361e-06
0.00000000e+00,-9.73985071e-09,-1.60769565e-08,-2.88607784e-08,-3.84810415e-08
0.00000000e+00,-1.40596192e-08,-2.41300620e-08,-4.20838555e-08,-5.61118103e-08
0.00000000e+00,-2.61245217e-07,-5.18305746e-07,-7.82975186e-07,-1.04396692e-06
0.00000000e+00,-3.23337935e-09,-2.75034530e-09,-8.58381393e-09,-1.14450896e-08
0.00000000e+00,2.30350445e-07,4.64101250e-07,6.91424416e-07,9.21899218e-07
0.00000000e+00,-4.97964660e-09,-5.77090636e-09,-1.41955151e-08,-1.89273570e-08
0.00000000e+00,-2.53523238e-07,-5.02762175e-07,-7.59284998e-07,-1.01238000e-06
0.00000000e+00,2.79044070e-07,5.62368866e-07,8.38404063e-07,1.11787208e-06
0.00000000e+00,-2.26798656e-07,-4.49147356e-07,-6.79248155e-07,-9.05664209e-07
0.00000000e+00,-2.56848764e-07,-5.09139569e-07,-7.69517960e-07,-1.02602395e-06
0.00000000e+00,-2.30611285e-07,-4.56302218e-07,-6.90753471e-07,-9.21004630e-07
0.00000000e+00,9.13770857e-09,2.27336347e-08,2.85394681e-08,3.80526217e-08
0.00000000e+00,1.22487253e-08,2.87855436e-08,3.80053698e-08,5.06738228e-08
0.00000000e+00,2.70160042e-09,9.97397390e-09,9.12620398e-09,1.21682689e-08
0.00000000e+00,4.96932347e-07,9.97707750e-07,1.49383404e-06,1.99177871e-06
0.00000000e+00,-4.48219878e-07,-8.92671618e-07,-1.34083665e-06,-1.78778221e-06
0.00000000e+00,6.98542117e-08,1.55115041e-07,2.44152068e-07,3.25536094e-07
0.00000000e+00,8.68555311e-08,1.85078745e-07,2.85537611e-07,3.80716817e-07
0.00000000e+00,7.47424296e-08,1.53212165e-07,2.26773218e-07,3.02364286e-07
0.00000000e+00,9.74456766e-08,1.98392868e-07,2.94938758e-07,3.93251673e-07
0.00000000e+00,1.52708663e-08,3.35478309e-08,4.97927906e-08,6.63903823e-08
0.00000000e+00,-1.82339438e-07,-3.61321127e-07,-5.43305716e-07,-7.24407627e-07
0.00000000e+00,6.08954552e-08,1.30998947e-07,2.04046144e-07,2.72061523e-07
0.00000000e+00,-4.01817723e-07,-7.99793639e-07,-1.20242600e-06,-1.60323467e-06
0.00000000e+00,4.49839457e-07,9.03447944e-07,1.35334637e-06,1.80446182e-06
0.00000000e+00,-9.81903588e-09,-1.47192513e-08,-2.75800144e-08,-3.67733522e-08
0.00000000e+00,-2.85673450e-08,-5.20744266e-08,-8.27285861e-08,-1.10304780e-07
0.00000000e+00,2.65783959e-07,5.44334433e-07,8.28559174e-07,1.10474557e-06
0.00000000e+00,2.38717977e-07,4.87252975e-07,7.40855960e-07,9.87807948e-07
0.00000000e+00,-1.77660290e-07,-3.37497885e-07,-4.89926188e-07,-6.53234912e-07
0.00000000e+00,-1.99982084e-07,-3.87189844e-07,-5.68723862e-07,-7.58298482e-07
0.00000000e+00,2.49625646e-07,5.10743099e-07,7.77421794e-07,1.03656239e-06
0.00000000e+00,1.42872514e-08,4.21781214e-08,7.63562851e-08,1.01808383e-07
0.00000000e+00,2.38997257e-08,6.30205008e-08,1.08678682e-07,1.44904912e-07
0.00000000e+00,3.33379607e-08,7.94638451e-08,1.31291883e-07,1.75055845e-07
0.00000000e+00,2.55335652e-08,6.25704850e-08,1.05189269e-07,1.40252360e-07
0.00000000e+00,-1.85996496e-07,-3.56787403e-07,-5.21055896e-07,-6.94741192e-07
0.00000000e+00,6.23651009e-09,1.63634335e-08,2.09973456e-08,2.79964553e-08
0.00000000e+00,-2.67606746e-08,-5.35528956e-08,-8.05220330e-08,-1.07362711e-07
0.00000000e+00,-4.79750688e-08,-9.59397444e-08,-1.44433255e-07,-1.92577673e-07
0.00000000e+00,2.96113084e-07,6.05928841e-07,9.20602485e-07,1.22746998e-06
0.00000000e+00,3.54116272e-08,8.70198648e-08,1.44994429e-07,1.93325908e-07
0.00000000e+00,2.78997331e-07,5.71455264e-07,8.69347190e-07,1.15912959e-06
0.00000000e+00,4.49778637e-08,1.03442280e-07,1.67362993e-07,2.23150658e-07
0.00000000e+00,2.67548346e-07,5.39300311e-07,8.08225959e-07,1.07763461e-06
0.00000000e+00,1.30096299e-07,2.64345706e-07,3.97915020e-07,5.30553354e-07
0.00000000e+00,-1.18265934e-08,-1.79497564e-08,-2.40619673e-08,-3.20826284e-08
0.00000000e+00,-2.04489483e-07,-4.05392068e-07,-6.12268758e-07,-8.16358345e-07
0.00000000e+00,-6.45023619e-09,-9.42948959e-09,-1.74630555e-08,-2.32840735e-08
0.00000000e+00,-4.88099764e-09,-5.33477033e-09,-7.04865090e-09,-9.39820457e-09
0.00000000e+00,1.15471863e-07,2.36206677e-07,3.56332303e-07,4.75109734e-07
0.00000000e+00,1.35874657e-07,2.76453921e-07,4.15687093e-07,5.54249453e-07
0.00000000e+00,-7.56161337e-09,-9.84781640e-09,-1.27339101e-08,-1.69785505e-08
0.00000000e+00,-2.21323894e-08,-4.00494349e-08,-6.07994893e-08,-8.10659915e-08
0.00000000e+00,-1.59165811e-07,-3.14172485e-07,-4.69873451e-07,-6.26497941e-07
0.00000000e+00,-2.80442716e-07,-5.56817976e-07,-8.39733121e-07,-1.11964417e-06
0.00000000e+00,-2.18893934e-07,-4.33808370e-07,-6.55210348e-07,-8.73613801e-07
0.00000000e+00,2.27379918e-08,4.95455435e-08,6.97827131e-08,9.30436131e-08
0.00000000e+00,-2.99933351e-07,-5.96218325e-07,-8.98030641e-07,-1.19737419e-06
0.00000000e+00,-2.44863881e-07,-4.86427043e-07,-7.32952819e-07,-9.77270430e-07
0.00000000e+00,4.69323836e-09,1.30392949e-08,1.58402340e-08,2.11203070e-08
0.00000000e+00,2.40189854e-07,4.86078561e-07,7.31981790e-07,9.75975715e-07
0.00000000e+00,9.02690570e-08,1.90222233e-07,2.90916155e-07,3.87888210e-07
0.00000000e+00,8.18647209e-08,1.78496592e-07,2.76514676e-07,3.68686240e-07
0.00000000e+00,-8.25312847e-08,-1.60825407e-07,-2.37427619e-07,-3.16570163e-07
0.00000000e+00,1.95843563e-08,4.37573310e-08,6.92647920e-08,9.23530513e-08
0.00000000e+00,2.70153632e-08,5.77312984e-08,8.91549949e-08,1.18873322e-07
0.00000000e+00,1.32331526e-08,3.10632679e-08,5.02112428e-08,6.69483190e-08
0.00000000e+00,1.30650958e-07,2.65994058e-07,3.99979973e-07,5.33306626e-07
0.00000000e+00,1.28165832e-07,2.60266905e-07,3.90230860e-07,5.20307810e-07
0.00000000e+00,-6.59146363e-08,-1.28318918e-07,-1.95100909e-07,-2.60134549e-07
0.00000000e+00,-1.39534100e-07,-2.76057512e-07,-4.14610604e-07,-5.52814143e-07
0.00000000e+00,4.73878975e-09,9.58572381e-09,1.44641680e-08,1.92855574e-08
0.00000000e+00,-2.18750666e-08,-4.20455548e-08,-6.29995149e-08,-8.39993525e-08
0.00000000e+00,-1.19854876e-08,-2.19303093e-08,-3.42650749e-08,-4.56867662e-08
0.00000000e+00,-9.06867514e-08,-1.78507526e-07,-2.70123966e-07,-3.60165290e-07
0.00000000e+00,2.37977302e-07,4.78820967e-07,7.15860600e-07,9.54480798e-07
0.00000000e+00,-3.59374796e-08,-6.86493371e-08,-1.04937649e-07,-1.39916869e-07
0.00000000e+00,-1.07948264e-07,-2.12620015e-07,-3.22001130e-07,-4.29334843e-07
0.00000000e+00,7.35462939e-08,1.49950682e-07,2.22539098e-07,2.96718795e-07
0.00000000e+00,9.57107633e-08,1.94636500e-07,2.89967325e-07,3.86623096e-07
0.00000000e+00,6.57746979e-08,1.34820825e-07,1.99131165e-07,2.65508217e-07
0.00000000e+00,1.70379808e-07,3.42884099e-07,5.14141861e-07,6.85522477e-07
0.00000000e+00,-1.58640837e-07,-3.15154902e-07,-4.72905900e-07,-6.30541204e-07
0.00000000e+00,2.08467394e-07,4.19880140e-07,6.27695746e-07,8.36927656e-07
0.00000000e+00,1.36755244e-07,2.76202000e-07,4.14723815e-07,5.52965081e-07
0.00000000e+00,5.52215113e-09,1.31581327e-08,1.95606152e-08,2.60808160e-08
0.00000000e+00,6.51513115e-09,1.57107272e-08,2.39933686e-08,3.19911535e-08
0.00000000e+00,1.40163689e-07,2.83347903e-07,4.24495625e-07,5.65994162e-07
0.00000000e+00,1.76911319e-07,3.56348617e-07,5.33466849e-07,7.11289127e-07
0.00000000e+00,1.71081640e-09,5.93939385e-09,7.85011248e-09,1.04668119e-08
0.00000000e+00,4.99806425e-09,1.45719753e-08,1.62138824e-08,2.16185084e-08
0.00000000e+00,1.44136350e-08,2.92678626e-08,4.33771108e-08,5.78361474e-08
0.00000000e+00,1.07787853e-07,2.21389449e-07,3.35146396e-07,4.46861862e-07
0.00000000e+00,5.55163778e-08,1.30613871e-07,2.11336555e-07,2.81782079e-07
0.00000000e+00,3.15743765e-07,6.32653878e-07,9.48623917e-07,1.26483189e-06
0.00000000e+00,3.55774616e-07,7.12774058e-07,1.06951075e-06,1.42601434e-06
0.00000000e+00,0.00000000e+00,0.00000000e+00,0.00000000e+00,0.00000000e+00
0.00000000e+00,-8.16423362e-08,-1.62068636e-07,-2.42762714e-07,-3.23683618e-07
0.00000000e+00,3.43269182e-07,6.87696714e-07,1.03160233e-06,1.37546977e-06
0.00000000e+00,2.88264695e-07,5.76758838e-07,8.65135404e-07,1.15351387e-06
0.00000000e+00,2.68459257e-07,5.37226602e-07,8.05725292e-07,1.07430039e-06
0.00000000e+00,1.38847543e-07,2.78826668e-07,4.18284316e-07,5.57712421e-07
0.00000000e+00,1.41316991e-07,2.83823367e-07,4.26064306e-07,5.68085741e-07
0.00000000e+00,7.26348878e-08,1.45479044e-07,2.18218043e-07,2.90957390e-07
0.00000000e+00,2.85981919e-07,5.72868958e-07,8.60314127e-07,1.14708550e-06
0.00000000e+00,-1.53357775e-07,-3.05573597e-07,-4.56932898e-07,-6.09243865e-07
0.00000000e+00,0.00000000e+00,0.00000000e+00,0.00000000e+00,0.00000000e+00
0.00000000e+00,2.89613136e-07,5.80380081e-07,8.72009374e-07,1.16267916e-06
0.00000000e+00,1.00987421e-07,2.02994898e-07,3.05774786e-07,4.07699714e-07
0.00000000e+00,5.40628506e-08,1.08337089e-07,1.62808238e-07,2.17077651e-07
0.00000000e+00,2.59241528e-07,5.18725370e-07,7.78424519e-07,1.03789936e-06
0.00000000e+00,3.05544228e-07,6.12132306e-07,9.19497342e-07,1.22599645e-06
0.00000000e+00,7.30752454e-08,1.47273357e-07,2.22322817e-07,2.96430423e-07
0.00000000e+00,2.68351579e-07,5.36932168e-07,8.05723005e-07,1.07429734e-06
0.00000000e+00,9.22123766e-09,2.07143158e-08,2.86658009e-08,3.82210675e-08
0.00000000e+00,2.26781629e-07,4.57146008e-07,6.81552947e-07,9.08737263e-07
0.00000000e+00,2.09274267e-07,4.21773661e-07,6.30696807e-07,8.40929072e-07
0.00000000e+00,-1.82820393e-07,-3.63112708e-07,-5.45725555e-07,-7.27634079e-07
0.00000000e+00,-1.11030118e-07,-2.19369577e-07,-3.28630166e-07,-4.38173560e-07
0.00000000e+00,2.43054695e-07,4.91176795e-07,7.42273549e-07,9.89698066e-07
0.00000000e+00,-2.27399661e-07,-4.43444647e-07,-6.54297533e-07,-8.72396706e-07
0.00000000e+00,-2.36357803e-07,-4.68903610e-07,-6.99794661e-07,-9.33059545e-07
0.00000000e+00,2.10832589e-07,4.33037120e-07,6.60453891e-07,8.80605193e-07
0.00000000e+00,5.32236102e-09,1.85182050e-08,3.57531516e-08,4.76708711e-08
0.00000000e+00,-2.37858587e-07,-4.68266481e-07,-6.95288584e-07,-9.27051441e-07
0.00000000e+00,1.59214397e-09,7.88840298e-09,1.66485477e-08,2.21980654e-08
0.00000000e+00,2.22507980e-07,4.52902178e-07,6.87331511e-07,9.16442017e-07
0.00000000e+00,-8.50215898e-09,-5.63876904e-09,2.44058184e-09,3.25411350e-09
0.00000000e+00,-1.69875731e-08,-2.65464005e-08,-3.27189681e-08,-4.36252873e-08
0.00000000e+00,-2.21777332e-07,-4.38852480e-07,-6.66835553e-07,-8.89114070e-07
0.00000000e+00,2.30644617e-07,4.66015321e-07,6.92597415e-07,9.23463217e-07
0.00000000e+00,-2.36619539e-07,-4.68360889e-07,-7.10040293e-07,-9.46720392e-07
0.00000000e+00,-3.41764001e-08,-6.22440729e-08,-1.02303665e-07,-1.36404886e-07
0.00000000e+00,-1.60635089e-08,-2.64657416e-08,-4.73041801e-08,-6.30722410e-08
0.00000000e+00,-8.17438817e-09,-1.16090420e-08,-2.38640821e-08,-3.18187787e-08
0.00000000e+00,-2.63351906e-08,-4.77787468e-08,-7.91841846e-08,-1.05578914e-07
0.00000000e+00,1.93119240e-07,3.91889363e-07,5.80250718e-07,7.73667623e-07
0.00000000e+00,1.96607196e-07,3.97026134e-07,5.99107498e-07,7.98810000e-07
0.00000000e+00,2.03741270e-07,4.14909876e-07,6.29457830e-07,8.39277110e-07
0.00000000e+00,-2.02702644e-08,-3.67529038e-08,-5.15837974e-08,-6.87783944e-08
0.00000000e+00,2.18612647e-07,4.41944731e-07,6.67739024e-07,8.90318700e-07
0.00000000e+00,-1.82654874e-07,-3.60245820e-07,-5.34869930e-07,-7.13159906e-07
0.00000000e+00,-2.09923348e-07,-4.11970083e-07,-6.09984226e-07,-8.13312299e-07
0.00000000e+00,3.06254669e-08,6.63047709e-08,1.04961593e-07,1.39948791e-07
0.00000000e+00,-2.19144088e-07,-4.33568700e-07,-6.45525408e-07,-8.60700542e-07
0.00000000e+00,-9.64342856e-08,-1.87723357e-07,-2.76850317e-07,-3.69133760e-07
0.00000000e+00,3.35902295e-07,6.75827316e-07,1.00932753e-06,1.34577004e-06
0.00000000e+00,3.40584547e-07,6.85001352e-07,1.02376877e-06,1.36502502e-06
0.00000000e+00,8.22591779e-09,2.04830645e-08,2.63084903e-08,3.50779824e-08
0.00000000e+00,4.38549703e-07,8.80982251e-07,1.31792843e-06,1.75723790e-06
0.00000000e+00,3.55152824e-07,7.14311979e-07,1.06731450e-06,1.42308599e-06
0.00000000e+00,-2.51524231e-07,-5.01627739e-07,-7.58119085e-07,-1.01082545e-06
0.00000000e+00,1.85666188e-07,3.72751642e-07,5.53438351e-07,7.37917801e-07
0.00000000e+00,-2.65295061e-08,-5.07796534e-08,-8.16649101e-08,-1.08886548e-07
0.00000000e+00,1.91117357e-07,3.83912918e-07,5.72334898e-07,7.63113195e-07
0.00000000e+00,-3.50872105e-08,-6.91944120e-08,-1.07500800e-07,-1.43334402e-07
0.00000000e+00,-3.33076069e-08,-6.52026680e-08,-1.03491444e-07,-1.37988592e-07
0.00000000e+00,1.89425722e-07,3.81138032e-07,5.66219549e-07,7.54959397e-07
0.00000000e+00,1.82442960e-07,3.65880671e-07,5.45110385e-07,7.26813845e-07
0.00000000e+00,1.84003487e-07,3.71373252e-07,5.55734792e-07,7.40979717e-07
0.00000000e+00,-2.80529569e-09,-2.67078988e-09,-6.13625682e-09,-8.18168071e-09
0.00000000e+00,2.63147384e-07,5.29943864e-07,7.91139127e-07,1.05485217e-06
0.00000000e+00,2.61850890e-07,5.27436884e-07,7.88132069e-07,1.05084275e-06
0.00000000e+00,5.11582468e-08,1.05962319e-07,1.55138851e-07,2.06851798e-07
0.00000000e+00,2.32900468e-07,4.69315009e-07,7.01346696e-07,9.35128924e-07
0.00000000e+00,-1.45847298e-07,-2.90011450e-07,-4.36693060e-07,-5.82257415e-07
0.00000000e+00,-6.18297679e-08,-1.20953051e-07,-1.82280646e-07,-2.43040864e-07
0.00000000e+00,6.22489054e-08,1.26780528e-07,1.88052199e-07,2.50736263e-07
0.00000000e+00,8.41016786e-08,1.70939627e-07,2.54814746e-07,3.39752992e-07
0.00000000e+00,-1.01953396e-07,-2.01807009e-07,-3.04173129e-07,-4.05564173e-07
0.00000000e+00,-1.19309427e-07,-2.36324922e-07,-3.56592046e-07,-4.75456063e-07
0.00000000e+00,-7.33332064e-08,-1.43921543e-07,-2.17460190e-07,-2.89946922e-07
0.00000000e+00,2.01367043e-07,4.03629359e-07,6.05244721e-07,8.06992958e-07
0.00000000e+00,1.93422162e-07,3.89087897e-07,5.85239524e-07,7.80319362e-07
0.00000000e+00,7.81685358e-09,1.70810785e-08,2.54317498e-08,3.39089963e-08
0.00000000e+00,1.97826782e-08,4.17061009e-08,6.33551250e-08,8.44734960e-08
0.00000000e+00,2.00118494e-07,4.01681313e-07,6.03056429e-07,8.04075235e-07
0.00000000e+00,1.88754255e-07,3.78972042e-07,5.68262705e-07,7.57683603e-07
0.00000000e+00,1.78723542e-07,3.59599972e-07,5.40187045e-07,7.20249389e-07
0.00000000e+00,3.14220201e-07,6.37192590e-07,9.61125132e-07,1.28150018e-06
0.00000000e+00,8.45212676e-08,1.82183114e-07,2.81819436e-07,3.75759252e-07
0.00000000e+00,9.95474747e-08,2.07834542e-07,3.17071710e-07,4.22762281e-07
0.00000000e+00,-3.00140702e-07,-5.96359815e-07,-8.98972879e-07,-1.19863051e-06
0.00000000e+00,-2.90164755e-07,-5.76145381e-07,-8.69050674e-07,-1.15873424e-06
0.00000000e+00,2.84458112e-07,5.77477838e-07,8.74648729e-07,1.16619830e-06
0.00000000e+00,3.42739434e-07,6.94605653e-07,1.05048878e-06,1.40065171e-06
0.00000000e+00,2.83436431e-07,5.77409475e-07,8.76335138e-07,1.16844685e-06
0.00000000e+00,3.19326893e-07,6.49779247e-07,9.85000795e-07,1.31333439e-06
0.00000000e+00,4.82100573e-08,1.07557596e-07,1.71704420e-07,2.28939226e-07
0.00000000e+00,3.63053462e-08,8.31605095e-08,1.35000588e-07,1.80000783e-07
0.00000000e+00,-2.12200970e-07,-4.15844116e-07,-6.15344015e-07,-8.20458689e-07
0.00000000e+00,-2.59315413e-07,-5.09500182e-07,-7.55668814e-07,-1.00755842e-06
0.00000000e+00,4.05219871e-08,9.01836901e-08,1.43892079e-07,1.91856103e-07
0.00000000e+00,-2.29280783e-07,-4.47444564e-07,-6.60841143e-07,-8.81121525e-07
0.00000000e+00,-2.08624698e-07,-4.06713504e-07,-5.99848380e-07,-7.99797840e-07
0.00000000e+00,-1.65463698e-08,-3.01427341e-08,-5.01554428e-08,-6.68739268e-08
0.00000000e+00,-2.43798251e-07,-4.85312691e-07,-7.33461067e-07,-9.77948091e-07
0.00000000e+00,-2.45140804e-07,-4.89583623e-07,-7.36474757e-07,-9.81966345e-07
0.00000000e+00,-3.15636678e-08,-6.24419199e-08,-9.57584253e-08,-1.27677902e-07
0.00000000e+00,-2.39926363e-07,-4.78175685e-07,-7.20789102e-07,-9.61052139e-07
0.00000000e+00,-2.50023734e-07,-4.99055361e-07,-7.52291623e-07,-1.00305550e-06
0.00000000e+00,4.12641219e-08,8.64750477e-08,1.29557998e-07,1.72743993e-07
0.00000000e+00,-6.16460832e-08,-1.19578678e-07,-1.76819642e-07,-2.35759527e-07
0.00000000e+00,1.06807714e-07,2.20975268e-07,3.36340664e-07,4.48454215e-07
0.00000000e+00,-1.26742566e-07,-2.46123309e-07,-3.64310148e-07,-4.85746867e-07
0.00000000e+00,1.49861036e-07,3.03953881e-07,4.59729645e-07,6.12972856e-07
0.00000000e+00,3.38164072e-08,7.22325760e-08,1.11966034e-07,1.49288040e-07
0.00000000e+00,1.59235247e-07,3.23611011e-07,4.90156824e-07,6.53542428e-07
0.00000000e+00,3.53093581e-08,7.57571132e-08,1.18391714e-07,1.57855614e-07
0.00000000e+00,-2.23435577e-07,-4.46984899e-07,-6.72359979e-07,-8.96479971e-07
0.00000000e+00,2.05033510e-07,4.09956842e-07,6.13046392e-07,8.17395190e-07
0.00000000e+00,-3.26606180e-08,-6.50770998e-08,-9.97813210e-08,-1.33041762e-07
0.00000000e+00,1.86189710e-07,3.72638440e-07,5.56784889e-07,7.42379852e-07
0.00000000e+00,-9.93731662e-09,-1.99957278e-08,-3.18693843e-08,-4.24925117e-08
0.00000000e+00,-2.97734969e-08,-5.91994606e-08,-9.25067962e-08,-1.23342394e-07
0.00000000e+00,1.90008285e-07,3.80376354e-07,5.66857378e-07,7.55809838e-07
0.00000000e+00,3.01355506e-07,6.06061708e-07,9.09978809e-07,1.21330508e-06
0.00000000e+00,-6.59407865e-08,-1.28544632e-07,-1.91940575e-07,-2.55920767e-07
0.00000000e+00,1.28459040e-07,2.59183570e-07,3.89381659e-07,5.19175545e-07
0.00000000e+00,1.16235193e-07,2.36824355e-07,3.57207457e-07,4.76276609e-07
0.00000000e+00,-9.15841493e-08,-1.80133385e-07,-2.68900215e-07,-3.58533620e-07
0.00000000e+00,-7.32572239e-08,-1.44222469e-07,-2.15707929e-07,-2.87610572e-07
0.00000000e+00,1.17912369e-07,2.39148456e-07,3.59587202e-07,4.79449602e-07
0.00000000e+00,-8.42996165e-08,-1.64226380e-07,-2.44350161e-07,-3.25800215e-07
0.00000000e+00,2.46298092e-07,4.95696459e-07,7.47001436e-07,9.96001913e-07
0.00000000e+00,-1.22521205e-07,-2.41943339e-07,-3.59462793e-07,-4.79283726e-07
0.00000000e+00,4.84511762e-08,9.96063027e-08,1.52553966e-07,2.03405289e-07
0.00000000e+00,2.50875657e-07,5.05778807e-07,7.63229330e-07,1.01763911e-06
0.00000000e+00,7.24123005e-08,1.46922459e-07,2.22910129e-07,2.97213504e-07
0.00000000e+00,-1.29677764e-07,-2.57232688e-07,-3.83308993e-07,-5.11078658e-07
0.00000000e+00,5.29592401e-08,1.09928828e-07,1.69453453e-07,2.25937937e-07
0.00000000e+00,6.31260631e-08,1.29338187e-07,1.97465303e-07,2.63287069e-07
0.00000000e+00,2.43165853e-07,4.88021834e-07,7.30348520e-07,9.73798026e-07
0.00000000e+00,2.49756158e-07,5.02215093e-07,7.52469191e-07,1.00329225e-06
0.00000000e+00,7.18367727e-08,1.45761319e-07,2.17162704e-07,2.89550270e-07
0.00000000e+00,2.69357039e-07,5.40086032e-07,8.09201402e-07,1.07893520e-06
0.00000000e+00,9.99343610e-08,2.01796995e-07,3.02101609e-07,4.02802144e-07
0.00000000e+00,9.39327057e-08,1.90557229e-07,2.84968873e-07,3.79958496e-07
0.00000000e+00,2.45627515e-07,4.93349898e-07,7.38554539e-07,9.84739384e-07
0.00000000e+00,2.79765895e-07,5.61478256e-07,8.41634887e-07,1.12217985e-06
0.00000000e+00,-1.18127207e-07,-2.34014044e-07,-3.49415864e-07,-4.65887821e-07
0.00000000e+00,-1.09149340e-07,-2.17392204e-07,-3.25073355e-07,-4.33431142e-07
0.00000000e+00,2.69312834e-08,5.52924256e-08,8.34744610e-08,1.11299278e-07
0.00000000e+00,-1.19153140e-07,-2.36763481e-07,-3.53703277e-07,-4.71604371e-07
0.00000000e+00,4.45079176e-08,8.98721382e-08,1.35388077e-07,1.80517434e-07
0.00000000e+00,3.83854469e-08,7.89990501e-08,1.20110454e-07,1.60147269e-07
0.00000000e+00,5.72738019e-08,1.16072706e-07,1.75546832e-07,2.34062441e-07
0.00000000e+00,0.00000000e+00,0.00000000e+00,0.00000000e+00,0.00000000e+00
0.00000000e+00,0.00000000e+00,0.00000000e+00,0.00000000e+00,0.00000000e+00
0.00000000e+00,3.04546154e-07,6.09486248e-07,9.14354899e-07,1.21913987e-06
0.00000000e+00,7.47631294e-08,1.49865493e-07,2.24900077e-07,2.99866770e-07
0.00000000e+00,0.00000000e+00,0.00000000e+00,0.00000000e+00,0.00000000e+00
0.00000000e+00,3.32926075e-08,6.69211118e-08,1.00816255e-07,1.34421674e-07
0.00000000e+00,0.00000000e+00,0.00000000e+00,0.00000000e+00,0.00000000e+00
0.00000000e+00,2.59420196e-07,5.19219863e-07,7.79314127e-07,1.03908550e-06
0.00000000e+00,3.49498752e-08,7.41255005e-08,1.15006388e-07,1.53341847e-07
0.00000000e+00,1.07174525e-07,2.18059750e-07,3.29632754e-07,4.39510334e-07
0.00000000e+00,2.36174989e-07,4.76774741e-07,7.16113261e-07,9.54817677e-07
0.00000000e+00,1.58954793e-07,3.22619286e-07,4.84930214e-07,6.46573614e-07
0.00000000e+00,1.16589897e-07,2.37593986e-07,3.57328607e-07,4.76438139e-07
0.00000000e+00,2.01930780e-07,4.07812415e-07,6.11565338e-07,8.15420447e-07
0.00000000e+00,-1.78182281e-07,-3.42652080e-07,-5.02253334e-07,-6.69671111e-07
0.00000000e+00,-1.48890776e-07,-2.84829864e-07,-4.17164258e-07,-5.56219010e-07
0.00000000e+00,8.59272074e-08,1.81917953e-07,2.80217763e-07,3.73623683e-07
0.00000000e+00,7.27329814e-08,1.56599262e-07,2.44021911e-07,3.25362548e-07
0.00000000e+00,-1.81332163e-07,-3.51541725e-07,-5.18212796e-07,-6.90950396e-07
0.00000000e+00,-1.43713290e-07,-2.77371400e-07,-4.08733285e-07,-5.44977714e-07
0.00000000e+00,-2.62398180e-07,-5.24684150e-07,-7.87284059e-07,-1.04971208e-06
0.00000000e+00,0.00000000e+00,0.00000000e+00,0.00000000e+00,0.00000000e+00
0.00000000e+00,1.93699298e-07,3.87509141e-07,5.81008555e-07,7.74678073e-07
0.00000000e+00,-2.66328285e-07,-5.32643781e-07,-7.99079695e-07,-1.06543959e-06
0.00000000e+00,-2.35176438e-07,-4.70330045e-07,-7.05523375e-07,-9.40697834e-07
0.00000000e+00,0.00000000e+00,0.00000000e+00,0.00000000e+00,0.00000000e+00
0.00000000e+00,-3.86504393e-08,-7.72904104e-08,-1.16032628e-07,-1.54710171e-07
0.00000000e+00,-3.87484503e-08,-7.73945270e-08,-1.16341625e-07,-1.55122168e-07
0.00000000e+00,-2.37854548e-08,-4.75558556e-08,-7.13673960e-08,-9.51565282e-08
0.00000000e+00,-2.58002917e-07,-5.15872432e-07,-7.74000540e-07,-1.03200072e-06
0.00000000e+00,0.00000000e+00,0.00000000e+00,0.00000000e+00,0.00000000e+00
0.00000000e+00,-2.93171067e-08,-5.85207083e-08,-8.79567058e-08,-1.17275608e-07
0.00000000e+00,3.01389031e-08,6.42551382e-08,9.18567622e-08,1.22475679e-07
0.00000000e+00,3.20170508e-07,6.44408960e-07,9.62100520e-07,1.28280069e-06
0.00000000e+00,-2.28717392e-07,-4.56227708e-07,-6.86468026e-07,-9.15290704e-07
0.00000000e+00,-1.90117609e-07,-3.76515550e-07,-5.69268911e-07,-7.59025217e-07
0.00000000e+00,2.30671908e-07,4.64016098e-07,6.92906122e-07,9.23874828e-07
0.00000000e+00,1.95990836e-07,3.94258007e-07,5.88033000e-07,7.84043997e-07
0.00000000e+00,-2.96675895e-07,-5.85754644e-07,-8.71507132e-07,-1.16200951e-06
0.00000000e+00,3.81347233e-08,8.38774221e-08,1.32977817e-07,1.77303752e-07
0.00000000e+00,3.33471421e-08,7.52625126e-08,1.21353912e-07,1.61805213e-07
0.00000000e+00,0.00000000e+00,0.00000000e+00,0.00000000e+00,0.00000000e+00
0.00000000e+00,0.00000000e+00,0.00000000e+00,0.00000000e+00,0.00000000e+00
0.00000000e+00,0.00000000e+00,0.00000000e+00,0.00000000e+00,0.00000000e+00
0.00000000e+00,-1.67301052e-07,-3.34368306e-07,-5.01226679e-07,-6.68302239e-07
0.00000000e+00,0.00000000e+00,0.00000000e+00,0.00000000e+00,0.00000000e+00
0.00000000e+00,0.00000000e+00,0.00000000e+00,0.00000000e+00,0.00000000e+00
0.00000000e+00,-1.96514858e-07,-3.92659006e-07,-5.88517552e-07,-7.84690069e-07
0.00000000e+00,2.53313089e-07,5.09965516e-07,7.62430207e-07,1.01657360e-06
0.00000000e+00,-3.74441846e-09,-4.18703101e-09,-9.60571844e-09,-1.28076294e-08
0.00000000e+00,2.99103007e-07,6.01857803e-07,8.99082592e-07,1.19877678e-06
0.00000000e+00,2.43417413e-07,4.90136868e-07,7.31884463e-07,9.75845946e-07
0.00000000e+00,-2.09616455e-07,-4.13140773e-07,-6.28631649e-07,-8.38175532e-07
0.00000000e+00,-2.25804742e-07,-4.45967354e-07,-6.76533723e-07,-9.02044966e-07
0.00000000e+00,-2.89135311e-08,-5.10511900e-08,-8.50196014e-08,-1.13359468e-07
0.00000000e+00,2.59815196e-08,5.38414241e-08,7.85873982e-08,1.04783197e-07
0.00000000e+00,2.42782804e-08,4.95811039e-08,7.32063453e-08,9.76084598e-08
0.00000000e+00,-2.10920860e-07,-4.20618589e-07,-6.32247333e-07,-8.42996444e-07
0.00000000e+00,-1.79250723e-07,-3.56617246e-07,-5.37085455e-07,-7.16113940e-07
0.00000000e+00,4.80660727e-08,9.78077026e-08,1.45023358e-07,1.93364476e-07
0.00000000e+00,-1.83662762e-07,-3.66288655e-07,-5.50606441e-07,-7.34141923e-07
0.00000000e+00,-1.84407862e-07,-3.67921493e-07,-5.52079976e-07,-7.36106638e-07
0.00000000e+00,1.86615635e-07,3.73552912e-07,5.59424269e-07,7.45899024e-07
0.00000000e+00,-1.55056571e-08,-3.02374654e-08,-4.64958842e-08,-6.19945148e-08
0.00000000e+00,-7.45775347e-09,-1.45380747e-08,-2.21276887e-08,-2.95035866e-08
0.00000000e+00,2.00254195e-07,4.00896590e-07,6.01015095e-07,8.01353458e-07
0.00000000e+00,1.89214950e-07,3.79211851e-07,5.67673002e-07,7.56897334e-07
0.00000000e+00,8.54569566e-09,1.79725921e-08,2.67632646e-08,3.56843501e-08
0.00000000e+00,-4.23244584e-08,-8.06493116e-08,-1.19992949e-07,-1.59990601e-07
0.00000000e+00,1.15062441e-07,2.34107854e-07,3.52127502e-07,4.69503334e-07
0.00000000e+00,-2.47139035e-08,-4.59485950e-08,-6.90603456e-08,-9.20804637e-08
0.00000000e+00,-5.90673965e-08,-1.15194618e-07,-1.72732728e-07,-2.30310306e-07
0.00000000e+00,1.06002687e-07,2.15471540e-07,3.23053197e-07,4.30737593e-07
0.00000000e+00,4.88454234e-08,1.01436793e-07,1.56008416e-07,2.08011219e-07
0.00000000e+00,-1.06888614e-07,-2.10021749e-07,-3.11187025e-07,-4.14916036e-07
0.00000000e+00,1.70287134e-07,3.43736380e-07,5.18216623e-07,6.90955494e-07
0.00000000e+00,6.08662506e-08,1.24349121e-07,1.89148020e-07,2.52197357e-07
0.00000000e+00,3.66341053e-08,7.64221195e-08,1.17255991e-07,1.56341317e-07
0.00000000e+00,2.90118596e-08,6.52658567e-08,1.04986875e-07,1.39982497e-07
0.00000000e+00,3.63976107e-07,7.35551286e-07,1.11046352e-06,1.48061803e-06
0.00000000e+00,2.55987661e-07,5.19214831e-07,7.85884019e-07,1.04784535e-06
0.00000000e+00,2.48747150e-07,5.00770214e-07,7.48078700e-07,9.97438263e-07
0.00000000e+00,2.47489948e-07,5.00248921e-07,7.52404285e-07,1.00320571e-06
0.00000000e+00,-1.45954969e-07,-2.72499441e-07,-3.92064111e-07,-5.22752143e-07
0.00000000e+00,5.82244884e-08,1.32958643e-07,2.12986556e-07,2.83982078e-07
0.00000000e+00,5.93116115e-08,1.32351242e-07,2.10275865e-07,2.80367822e-07
0.00000000e+00,-1.72042640e-07,-3.27920348e-07,-4.77460149e-07,-6.36613528e-07
0.00000000e+00,-1.50332539e-07,-2.84175473e-07,-4.12738005e-07,-5.50317336e-07
0.00000000e+00,2.96945400e-07,5.97727275e-07,8.92725918e-07,1.19030122e-06
0.00000000e+00,-6.93461661e-09,-1.25426751e-08,-1.99248692e-08,-2.65664923e-08
0.00000000e+00,-1.91177425e-08,-3.72221981e-08,-5.60105699e-08,-7.46807596e-08
0.00000000e+00,-7.17047598e-09,-1.38270310e-08,-2.10258035e-08,-2.80344047e-08
0.00000000e+00,2.15775998e-07,4.32887825e-07,6.48215516e-07,8.64287355e-07
0.00000000e+00,2.36363179e-07,4.73760462e-07,7.09484265e-07,9.45979019e-07
0.00000000e+00,2.24529795e-07,4.50281026e-07,6.74088919e-07,8.98785225e-07
0.00000000e+00,2.29714294e-07,4.61321493e-07,6.89808418e-07,9.19744557e-07
0.00000000e+00,7.80216250e-09,1.68130534e-08,2.38992860e-08,3.18657142e-08
0.00000000e+00,-2.16280742e-07,-4.32170039e-07,-6.48578494e-07,-8.64771327e-07
0.00000000e+00,-2.97832695e-08,-5.92592869e-08,-8.97878154e-08,-1.19717089e-07
0.00000000e+00,2.19948396e-07,4.42783908e-07,6.60578917e-07,8.80771886e-07
0.00000000e+00,-1.96363451e-07,-3.88749569e-07,-5.87911617e-07,-7.83882158e-07
0.00000000e+00,-1.73126043e-07,-3.46356455e-07,-5.20102668e-07,-6.93470224e-07
0.00000000e+00,-3.00867458e-08,-6.02031565e-08,-9.13983670e-08,-1.21864489e-07
0.00000000e+00,-2.55388897e-07,-5.10801229e-07,-7.67305018e-07,-1.02307336e-06
0.00000000e+00,-1.95884630e-07,-3.81931532e-07,-5.62904816e-07,-7.50539753e-07
0.00000000e+00,8.01345361e-09,2.67962752e-08,5.08777251e-08,6.78369696e-08
0.00000000e+00,-2.04763196e-07,-3.94544086e-07,-5.77621949e-07,-7.70162594e-07
0.00000000e+00,2.12797018e-08,5.23956931e-08,8.86060038e-08,1.18141339e-07
0.00000000e+00,-2.09304520e-07,-4.07846089e-07,-6.01106744e-07,-8.01475656e-07
0.00000000e+00,-1.93371015e-07,-3.73159121e-07,-5.46683248e-07,-7.28910994e-07
0.00000000e+00,-1.11832984e-07,-2.22628215e-07,-3.32645430e-07,-4.43527241e-07
0.00000000e+00,9.14678422e-08,1.83822569e-07,2.76737598e-07,3.68983462e-07
0.00000000e+00,5.09795525e-08,1.02181104e-07,1.53586082e-07,2.04781442e-07
0.00000000e+00,-7.87096542e-08,-1.56251709e-07,-2.34744125e-07,-3.12992168e-07
0.00000000e+00,-7.43595585e-08,-1.47559898e-07,-2.21290709e-07,-2.95054279e-07
0.00000000e+00,5.82904316e-08,1.16860418e-07,1.75175448e-07,2.33567264e-07
0.00000000e+00,1.20495225e-07,2.42137735e-07,3.62835894e-07,4.83781191e-07
0.00000000e+00,2.76545979e-07,5.55207706e-07,8.35339438e-07,1.11378592e-06
0.00000000e+00,2.59022698e-07,5.20771543e-07,7.84311375e-07,1.04574850e-06
0.00000000e+00,3.32042852e-07,6.66381283e-07,1.00019948e-06,1.33359931e-06
0.00000000e+00,1.21956841e-07,2.46913649e-07,3.71645915e-07,4.95527888e-07
0.00000000e+00,-8.87647293e-08,-1.70950682e-07,-2.52725279e-07,-3.36967040e-07
0.00000000e+00,1.05339484e-07,2.17132090e-07,3.29292078e-07,4.39056102e-07
0.00000000e+00,-4.83112377e-08,-9.12627708e-08,-1.34564563e-07,-1.79419420e-07
0.00000000e+00,-7.79956551e-08,-1.49529314e-07,-2.20691380e-07,-2.94255176e-07
0.00000000e+00,2.35416221e-07,4.72370170e-07,7.10244474e-07,9.46992633e-07
0.00000000e+00,0.00000000e+00,0.00000000e+00,0.00000000e+00,0.00000000e+00
0.00000000e+00,-2.39755051e-07,-4.77986784e-07,-7.15311086e-07,-9.53748114e-07
0.00000000e+00,-2.55025059e-08,-5.06494298e-08,-7.55504884e-08,-1.00733984e-07
0.00000000e+00,0.00000000e+00,0.00000000e+00,0.00000000e+00,0.00000000e+00
0.00000000e+00,-4.37289070e-08,-8.69425941e-08,-1.29895259e-07,-1.73193678e-07
0.00000000e+00,-9.13005730e-09,-1.67646754e-08,-2.35000093e-08,-3.13333452e-08
0.00000000e+00,-2.56668572e-07,-5.12941302e-07,-7.68942203e-07,-1.02525627e-06
0.00000000e+00,-2.91910558e-07,-5.83244983e-07,-8.74289868e-07,-1.16571982e-06
0.00000000e+00,-1.26640624e-08,-2.20880512e-08,-3.41978636e-08,-4.55971548e-08
0.00000000e+00,1.01600899e-07,2.06433135e-07,3.08564155e-07,4.11418870e-07
0.00000000e+00,2.31540741e-08,4.91138582e-08,7.52062474e-08,1.00274992e-07
0.00000000e+00,1.35378460e-07,2.73574168e-07,4.11883654e-07,5.49178201e-07
0.00000000e+00,-1.81033768e-08,-3.57308476e-08,-5.40944250e-08,-7.21259001e-08
0.00000000e+00,2.22458839e-07,4.45413700e-07,6.67612793e-07,8.90150391e-07
0.00000000e+00,-2.91353639e-07,-5.82642114e-07,-8.74378877e-07,-1.16583850e-06
0.00000000e+00,-4.08112998e-08,-8.14290699e-08,-1.23417193e-07,-1.64556259e-07
0.00000000e+00,1.88531167e-07,3.77264698e-07,5.64616553e-07,7.52822070e-07
0.00000000e+00,-6.32478541e-08,-1.26440492e-07,-1.90064848e-07,-2.53419798e-07
0.00000000e+00,-1.87708648e-07,-3.68179492e-07,-5.45213359e-07,-7.26951148e-07
0.00000000e+00,0.00000000e+00,0.00000000e+00,0.00000000e+00,0.00000000e+00
0.00000000e+00,-1.50823985e-07,-3.01393960e-07,-4.52075185e-07,-6.02766914e-07
0.00000000e+00,0.00000000e+00,0.00000000e+00,0.00000000e+00,0.00000000e+00
0.00000000e+00,-9.94579622e-08,-1.98619347e-07,-2.98039024e-07,-3.97385366e-07
0.00000000e+00,0.00000000e+00,0.00000000e+00,0.00000000e+00,0.00000000e+00
0.00000000e+00,-1.09288684e-07,-2.18334758e-07,-3.27172556e-07,-4.36230075e-07
0.00000000e+00,-2.49908015e-07,-4.99450728e-07,-7.52888932e-07,-1.00385191e-06
0.00000000e+00,-1.99676371e-07,-3.87863749e-07,-5.70501224e-07,-7.60668298e-07
0.00000000e+00,-1.55715958e-07,-3.05229712e-07,-4.51276766e-07,-6.01702357e-07
0.00000000e+00,3.92226316e-08,8.35764026e-08,1.30611587e-07,1.74148780e-07
0.00000000e+00,3.78714028e-08,8.19767883e-08,1.29289683e-07,1.72386242e-07
0.00000000e+00,-1.43426205e-07,-2.80619928e-07,-4.14632728e-07,-5.52843640e-07
0.00000000e+00,9.97971019e-10,6.32259003e-09,4.02410893e-09,5.36547492e-09
0.00000000e+00,2.61966082e-09,9.16604395e-09,9.27684689e-09,1.23691246e-08
0.00000000e+00,3.02277864e-07,6.08476761e-07,9.08259713e-07,1.21101295e-06
0.00000000e+00,3.10449431e-07,6.25082329e-07,9.32767596e-07,1.24369012e-06
0.00000000e+00,1.26059286e-08,2.94038294e-08,3.92290812e-08,5.23054375e-08
0.00000000e+00,-1.88601464e-07,-3.63734243e-07,-5.33441462e-07,-7.11255282e-07
0.00000000e+00,1.55043723e-07,3.15847618e-07,4.78532511e-07,6.38043342e-07
0.00000000e+00,2.60217491e-07,5.29789673e-07,8.04157903e-07,1.07221054e-06
0.00000000e+00,-1.47514567e-07,-2.92710983e-07,-4.41571056e-07,-5.88761409e-07
0.00000000e+00,4.66861668e-08,9.56808506e-08,1.41000813e-07,1.88001083e-07
0.00000000e+00,-4.69217959e-09,-8.09618556e-09,-1.30286576e-08,-1.73715468e-08
0.00000000e+00,1.89416989e-07,3.80134208e-07,5.69309343e-07,7.59079121e-07
0.00000000e+00,-8.68672646e-08,-1.67966586e-07,-2.47182643e-07,-3.29576863e-07
0.00000000e+00,-2.54235751e-07,-5.08214465e-07,-7.64494980e-07,-1.01932664e-06
0.00000000e+00,0.00000000e+00,0.00000000e+00,0.00000000e+00,0.00000000e+00
0.00000000e+00,-1.62276013e-07,-3.24191890e-07,-4.86176988e-07,-6.48235984e-07
0.00000000e+00,0.00000000e+00,0.00000000e+00,0.00000000e+00,0.00000000e+00
0.00000000e+00,4.58739118e-08,9.18382338e-08,1.37660781e-07,1.83547708e-07
0.00000000e+00,0.00000000e+00,0.00000000e+00,0.00000000e+00,0.00000000e+00
0.00000000e+00,4.23473775e-08,8.47926842e-08,1.27057549e-07,1.69410065e-07
0.00000000e+00,1.46014107e-09,7.84881848e-09,5.45168245e-09,7.26890790e-09
0.00000000e+00,2.58691115e-07,5.21943849e-07,7.77109918e-07,1.03614655e-06
0.00000000e+00,2.52262037e-07,5.08706002e-07,7.57541632e-07,1.01005551e-06
0.00000000e+00,2.16423928e-07,4.36831848e-07,6.49368955e-07,8.65825271e-07
0.00000000e+00,-1.12125721e-08,-1.67782189e-08,-3.20900952e-08,-4.27867939e-08
0.00000000e+00,-2.63788733e-08,-4.90695385e-08,-8.03496726e-08,-1.07132899e-07
0.00000000e+00,-1.15919449e-07,-2.23101337e-07,-3.29330111e-07,-4.39106813e-07
0.00000000e+00,-2.52876051e-07,-5.05261692e-07,-7.58400720e-07,-1.01120096e-06
0.00000000e+00,1.75706441e-07,3.51471526e-07,5.26789336e-07,7.02385781e-07
0.00000000e+00,2.06087135e-07,4.12559730e-07,6.19292003e-07,8.25722671e-07
0.00000000e+00,0.00000000e+00,0.00000000e+00,0.00000000e+00,0.00000000e+00
0.00000000e+00,1.46335271e-07,2.97388694e-07,4.37515175e-07,5.83353566e-07
0.00000000e+00,-3.77523429e-08,-7.07879371e-08,-1.14760137e-07,-1.53013517e-07
0.00000000e+00,1.41166756e-07,2.88425273e-07,4.23723370e-07,5.64964493e-07
0.00000000e+00,1.84357620e-07,3.73597007e-07,5.52897861e-07,7.37197147e-07
0.00000000e+00,-2.73756754e-07,-5.43199481e-07,-8.20221194e-07,-1.09362826e-06
0.00000000e+00,3.28165936e-08,8.50687205e-08,1.44338778e-07,1.92451709e-07
0.00000000e+00,2.64918062e-07,5.46315126e-07,8.32980947e-07,1.11064127e-06
0.00000000e+00,2.33677829e-07,4.73554299e-07,7.16893509e-07,9.55858010e-07
0.00000000e+00,2.33888060e-07,4.72333772e-07,7.13458712e-07,9.51278281e-07
0.00000000e+00,2.43449071e-07,4.92743955e-07,7.45487697e-07,9.93983596e-07
0.00000000e+00,3.76374653e-08,8.14734979e-08,1.28795901e-07,1.71727866e-07
0.00000000e+00,4.76719484e-08,9.98928854e-08,1.54807727e-07,2.06410301e-07
0.00000000e+00,4.01028852e-08,8.60429910e-08,1.35447531e-07,1.80596707e-07
0.00000000e+00,2.97591230e-07,6.01766285e-07,9.06358085e-07,1.20847744e-06
0.00000000e+00,1.16082376e-07,2.37008322e-07,3.57569591e-07,4.76759454e-07
0.00000000e+00,1.06616694e-07,2.19667151e-07,3.33051100e-07,4.44068134e-07
0.00000000e+00,-7.10055033e-08,-1.37149362e-07,-2.03649969e-07,-2.71533294e-07
0.00000000e+00,1.03639030e-07,2.13851273e-07,3.24472494e-07,4.32629990e-07
0.00000000e+00,-9.74517671e-08,-1.88459387e-07,-2.79124615e-07,-3.72166154e-07
0.00000000e+00,1.93989396e-07,4.05796557e-07,6.25012888e-07,8.33350522e-07
0.00000000e+00,-1.27019474e-09,1.24566510e-08,3.29154454e-08,4.38872654e-08
0.00000000e+00,2.22469979e-07,4.58522990e-07,7.00831210e-07,9.34441617e-07
0.00000000e+00,2.06893681e-07,4.28763250e-07,6.57340015e-07,8.76453358e-07
0.00000000e+00,2.24597150e-07,4.59955489e-07,7.00592463e-07,9.34123287e-07
0.00000000e+00,8.47171258e-09,3.47864272e-08,6.85350409e-08,9.13800597e-08
0.00000000e+00,-4.69655372e-09,-7.48628061e-09,-1.22926275e-08,-1.63901740e-08
0.00000000e+00,1.75677610e-07,3.53270518e-07,5.28840286e-07,7.05120378e-07
0.00000000e+00,5.83766642e-08,1.19619463e-07,1.76448879e-07,2.35265170e-07
0.00000000e+00,-1.22431382e-07,-2.41991490e-07,-3.65943888e-07,-4.87925187e-07
0.00000000e+00,1.09102128e-07,2.21128560e-07,3.31737685e-07,4.42316911e-07
0.00000000e+00,2.72142200e-07,5.48277444e-07,8.23396279e-07,1.09786170e-06
0.00000000e+00,2.76467486e-07,5.55875309e-07,8.33873010e-07,1.11183068e-06
0.00000000e+00,2.36958040e-07,4.77394020e-07,7.15952824e-07,9.54603762e-07
0.00000000e+00,-9.06927171e-08,-1.78222918e-07,-2.64725367e-07,-3.52967160e-07
0.00000000e+00,-1.10832797e-07,-2.19035701e-07,-3.25935354e-07,-4.34580474e-07
0.00000000e+00,2.99273255e-08,6.92227744e-08,1.13345560e-07,1.51127413e-07
0.00000000e+00,-1.97935307e-07,-3.86514985e-07,-5.70298189e-07,-7.60397585e-07
0.00000000e+00,2.41257685e-07,4.84807360e-07,7.25107140e-07,9.66809518e-07
0.00000000e+00,2.44293317e-07,4.91332804e-07,7.35424316e-07,9.80565752e-07
0.00000000e+00,-1.38298938e-07,-2.74442318e-07,-4.10870948e-07,-5.47827935e-07
0.00000000e+00,-2.21444832e-07,-4.31479144e-07,-6.37211471e-07,-8.49615296e-07
0.00000000e+00,5.60227250e-08,1.23469443e-07,1.95246116e-07,2.60328153e-07
0.00000000e+00,-2.29695224e-07,-4.58049404e-07,-6.88190688e-07,-9.17587584e-07
0.00000000e+00,2.98393498e-07,6.01641888e-07,9.04537362e-07,1.20604981e-06
0.00000000e+00,2.32144496e-07,4.79486244e-07,7.33335884e-07,9.77781182e-07
0.00000000e+00,7.85785471e-08,1.70126689e-07,2.65301607e-07,3.53735476e-07
0.00000000e+00,0.00000000e+00,0.00000000e+00,0.00000000e+00,0.00000000e+00
0.00000000e+00,0.00000000e+00,0.00000000e+00,0.00000000e+00,0.00000000e+00
0.00000000e+00,1.90205028e-07,3.80425895e-07,5.70538222e-07,7.60717630e-07
0.00000000e+00,1.94644845e-07,3.89416902e-07,5.83943174e-07,7.78590899e-07
0.00000000e+00,0.00000000e+00,0.00000000e+00,0.00000000e+00,0.00000000e+00
0.00000000e+00,0.00000000e+00,0.00000000e+00,0.00000000e+00,0.00000000e+00
0.00000000e+00,0.00000000e+00,0.00000000e+00,0.00000000e+00,0.00000000e+00
0.00000000e+00,5.81533203e-08,1.16729838e-07,1.74668652e-07,2.32891535e-07
0.00000000e+00,-1.95372475e-07,-3.89586447e-07,-5.83341736e-07,-7.77788980e-07
0.00000000e+00,-2.48219963e-08,-4.71400282e-08,-6.81851019e-08,-9.09134680e-08
0.00000000e+00,-2.50730010e-07,-4.98936219e-07,-7.45864866e-07,-9.94486487e-07
0.00000000e+00,2.44762640e-07,5.05697465e-07,7.72971276e-07,1.03062837e-06
0.00000000e+00,7.62575512e-08,1.53875139e-07,2.29876228e-07,3.06501636e-07
0.00000000e+00,-1.46835722e-07,-2.92226372e-07,-4.37807921e-07,-5.83743898e-07
0.00000000e+00,-1.51410954e-07,-3.01948230e-07,-4.52340905e-07,-6.03121210e-07
0.00000000e+00,9.44001696e-08,1.97517987e-07,3.01996155e-07,4.02661540e-07
0.00000000e+00,-1.14717874e-07,-2.20715933e-07,-3.25354528e-07,-4.33806038e-07
0.00000000e+00,-1.40466450e-07,-2.76377171e-07,-4.09612902e-07,-5.46150538e-07
0.00000000e+00,2.56018884e-07,5.12148987e-07,7.68130212e-07,1.02417362e-06
0.00000000e+00,2.95968182e-07,5.92659642e-07,8.88504392e-07,1.18467252e-06
0.00000000e+00,9.59974412e-08,1.92704685e-07,2.88572344e-07,3.84763124e-07
0.00000000e+00,2.53387585e-07,5.06965947e-07,7.60555149e-07,1.01407353e-06
0.00000000e+00,2.73470783e-07,5.47382448e-07,8.21500140e-07,1.09533352e-06
0.00000000e+00,2.48117113e-07,4.96303548e-07,7.44557661e-07,9.92743547e-07
0.00000000e+00,7.44559467e-08,1.49340512e-07,2.24434995e-07,2.99246659e-07
0.00000000e+00,-1.66227369e-07,-3.29725818e-07,-4.91428309e-07,-6.55237745e-07
0.00000000e+00,-1.45564810e-07,-2.87106627e-07,-4.26103826e-07,-5.68138435e-07
0.00000000e+00,3.14967276e-07,6.34309939e-07,9.53455794e-07,1.27127439e-06
0.00000000e+00,3.35883903e-07,6.74798228e-07,1.01349618e-06,1.35132824e-06
0.00000000e+00,-1.81813654e-07,-3.63439745e-07,-5.45046304e-07,-7.26728406e-07
0.00000000e+00,0.00000000e+00,0.00000000e+00,0.00000000e+00,0.00000000e+00
0.00000000e+00,-1.67698963e-07,-3.35339109e-07,-5.02926268e-07,-6.70568357e-07
0.00000000e+00,0.00000000e+00,0.00000000e+00,0.00000000e+00,0.00000000e+00
0.00000000e+00,-1.80942525e-07,-3.61846363e-07,-5.42748020e-07,-7.23664027e-07
0.00000000e+00,2.81706976e-08,5.63651248e-08,8.45580662e-08,1.12744088e-07
0.00000000e+00,0.00000000e+00,0.00000000e+00,0.00000000e+00,0.00000000e+00
0.00000000e+00,0.00000000e+00,0.00000000e+00,0.00000000e+00,0.00000000e+00
0.00000000e+00,3.34497462e-07,6.80399645e-07,1.03060070e-06,1.37413426e-06
0.00000000e+00,-3.19930631e-08,-6.10027072e-08,-9.89095620e-08,-1.31879416e-07
0.00000000e+00,1.82141414e-07,3.67976792e-07,5.45238985e-07,7.26985312e-07
0.00000000e+00,-2.33531418e-07,-4.64068732e-07,-7.03491017e-07,-9.37988023e-07
0.00000000e+00,1.74921971e-07,3.52823166e-07,5.21846262e-07,6.95795016e-07
0.00000000e+00,-1.34924067e-07,-2.69396931e-07,-4.03650169e-07,-5.38200226e-07
0.00000000e+00,4.06928204e-08,8.14355324e-08,1.22232337e-07,1.62976449e-07
0.00000000e+00,4.04475078e-08,8.10710526e-08,1.21711380e-07,1.62281840e-07
0.00000000e+00,-1.12854917e-07,-2.24979880e-07,-3.37947493e-07,-4.50596659e-07
0.00000000e+00,-1.65493423e-07,-3.30875320e-07,-4.96417194e-07,-6.61889592e-07
0.00000000e+00,2.44202067e-07,4.91597665e-07,7.40890863e-07,9.87854484e-07
0.00000000e+00,2.33127502e-08,4.98059069e-08,7.81951252e-08,1.04260168e-07
0.00000000e+00,0.00000000e+00,0.00000000e+00,0.00000000e+00,0.00000000e+00
0.00000000e+00,0.00000000e+00,0.00000000e+00,0.00000000e+00,0.00000000e+00
0.00000000e+00,0.00000000e+00,0.00000000e+00,0.00000000e+00,0.00000000e+00
0.00000000e+00,2.17129028e-07,4.34834908e-07,6.52830736e-07,8.70440981e-07
0.00000000e+00,0.00000000e+00,0.00000000e+00,0.00000000e+00,0.00000000e+00
0.00000000e+00,3.21456190e-07,6.52959510e-07,9.86757585e-07,1.31567678e-06
0.00000000e+00,2.09459206e-07,4.38317040e-07,6.74171861e-07,8.98895820e-07
0.00000000e+00,-2.35050213e-08,-4.59106503e-08,-6.78826693e-08,-9.05102250e-08
0.00000000e+00,-2.34528657e-07,-4.65369791e-07,-7.04787024e-07,-9.39716034e-07
0.00000000e+00,3.05242552e-07,6.23438999e-07,9.45260921e-07,1.26034790e-06
0.00000000e+00,2.19705576e-07,4.42652999e-07,6.62910031e-07,8.83880037e-07
0.00000000e+00,-9.64989427e-08,-1.90182590e-07,-2.83746417e-07,-3.78328560e-07
0.00000000e+00,-1.16697492e-07,-2.28259507e-07,-3.37162113e-07,-4.49549487e-07
0.00000000e+00,3.12734019e-07,6.31909343e-07,9.51425531e-07,1.26856737e-06
0.00000000e+00,3.03028296e-07,6.14777489e-07,9.27890934e-07,1.23718791e-06
0.00000000e+00,2.37526655e-08,5.14832534e-08,7.24049378e-08,9.65399145e-08
0.00000000e+00,-1.55476383e-07,-3.07586852e-07,-4.65101791e-07,-6.20135724e-07
0.00000000e+00,2.44719375e-07,4.93420371e-07,7.35329971e-07,9.80439959e-07
0.00000000e+00,4.65895757e-08,9.65408292e-08,1.41066573e-07,1.88088762e-07
0.00000000e+00,1.95586771e-07,3.93552899e-07,5.88311332e-07,7.84415105e-07
0.00000000e+00,-3.08874742e-09,-3.80846089e-09,-7.73236643e-09,-1.03098263e-08
0.00000000e+00,-5.53607070e-09,-8.18279451e-09,-1.58797311e-08,-2.11729789e-08
0.00000000e+00,-2.47456673e-07,-4.94596084e-07,-7.42801349e-07,-9.90401800e-07
0.00000000e+00,-2.19294960e-07,-4.37802861e-07,-6.57848857e-07,-8.77131811e-07
0.00000000e+00,2.17092518e-07,4.35336215e-07,6.54037271e-07,8.72049696e-07
0.00000000e+00,2.02725602e-07,4.07989371e-07,6.14541347e-07,8.19388464e-07
0.00000000e+00,1.97451460e-07,3.94880899e-07,5.91211240e-07,7.88281654e-07
0.00000000e+00,2.72829763e-07,5.51024751e-07,8.28867555e-07,1.10515674e-06
0.00000000e+00,1.11660488e-07,2.28672304e-07,3.45326123e-07,4.60434827e-07
0.00000000e+00,0.00000000e+00,0.00000000e+00,0.00000000e+00,0.00000000e+00
0.00000000e+00,2.00094750e-07,4.00212561e-07,6.00277422e-07,8.00369896e-07
0.00000000e+00,8.78284056e-09,1.74551731e-08,2.56377167e-08,3.41836227e-08
0.00000000e+00,2.48456485e-07,4.96796217e-07,7.44623572e-07,9.92831430e-07
0.00000000e+00,2.44887377e-07,4.93139523e-07,7.35990388e-07,9.81320515e-07
0.00000000e+00,-2.31974992e-07,-4.61051694e-07,-6.95175003e-07,-9.26900008e-07
0.00000000e+00,-2.03218337e-07,-4.04065930e-07,-6.08115431e-07,-8.10820579e-07
0.00000000e+00,-1.98928402e-07,-3.94648145e-07,-5.88464175e-07,-7.84618900e-07
0.00000000e+00,2.39815907e-07,4.81944210e-07,7.20412514e-07,9.60550017e-07
0.00000000e+00,-1.97180100e-07,-3.93063356e-07,-5.90481061e-07,-7.87308084e-07
0.00000000e+00,3.24859009e-07,6.60842886e-07,1.00036288e-06,1.33381717e-06
0.00000000e+00,0.00000000e+00,0.00000000e+00,0.00000000e+00,0.00000000e+00
0.00000000e+00,2.39158432e-07,4.78345554e-07,7.17527655e-07,9.56703539e-07
0.00000000e+00,0.00000000e+00,0.00000000e+00,0.00000000e+00,0.00000000e+00
0.00000000e+00,7.51857989e-08,1.52157756e-07,2.30266694e-07,3.07022257e-07
0.00000000e+00,-1.12706452e-07,-2.23607956e-07,-3.33379001e-07,-4.44505337e-07
0.00000000e+00,3.07759493e-07,6.17573701e-07,9.26378676e-07,1.23517157e-06
0.00000000e+00,1.19199427e-07,2.40432281e-07,3.60650528e-07,4.80867370e-07
0.00000000e+00,2.39230824e-07,4.85898888e-07,7.36670627e-07,9.82227503e-07
0.00000000e+00,2.41554461e-08,5.57471596e-08,9.14569586e-08,1.21942612e-07
0.00000000e+00,2.51822211e-07,5.08100422e-07,7.56616535e-07,1.00882204e-06
0.00000000e+00,2.74316535e-07,5.52605192e-07,8.24412830e-07,1.09921710e-06
0.00000000e+00,-1.26050319e-07,-2.44339527e-07,-3.61436296e-07,-4.81915063e-07
0.00000000e+00,-2.61640377e-07,-5.23080055e-07,-7.85909698e-07,-1.04787960e-06
0.00000000e+00,3.43784948e-08,7.62160718e-08,1.21976750e-07,1.62635665e-07
0.00000000e+00,2.87184863e-07,5.80828657e-07,8.74845290e-07,1.16646038e-06
0.00000000e+00,9.60469355e-08,1.99847789e-07,3.04840679e-07,4.06454237e-07
0.00000000e+00,2.31882660e-07,4.68684858e-07,6.96727205e-07,9.28969605e-07
0.00000000e+00,-2.45678366e-07,-4.87379456e-07,-7.36939858e-07,-9.82586480e-07
0.00000000e+00,2.60359720e-07,5.22522645e-07,7.85821265e-07,1.04776169e-06
0.00000000e+00,-1.82779243e-07,-3.63635389e-07,-5.46515216e-07,-7.28686959e-07
0.00000000e+00,2.37590853e-07,4.78056440e-07,7.14122290e-07,9.52163051e-07
0.00000000e+00,2.05044245e-07,4.13843820e-07,6.24603346e-07,8.32804458e-07
0.00000000e+00,2.24046164e-07,4.50726428e-07,6.78709810e-07,9.04946410e-07
0.00000000e+00,-1.71976441e-07,-3.42491464e-07,-5.13928581e-07,-6.85238112e-07
0.00000000e+00,-1.85096161e-07,-3.62733529e-07,-5.36474082e-07,-7.15298778e-07
0.00000000e+00,-1.75205003e-07,-3.42522855e-07,-5.05525922e-07,-6.74034563e-07
0.00000000e+00,-2.48056796e-07,-4.92713637e-07,-7.43801463e-07,-9.91735288e-07
0.00000000e+00,-1.65516386e-07,-3.25192500e-07,-4.81426475e-07,-6.41901967e-07
0.00000000e+00,-1.90480928e-07,-3.73533184e-07,-5.52491957e-07,-7.36655941e-07
0.00000000e+00,3.18571973e-07,6.44505313e-07,9.71632613e-07,1.29551015e-06
0.00000000e+00,3.10554436e-08,6.34231677e-08,9.66963671e-08,1.28928490e-07
0.00000000e+00,-2.01013451e-07,-4.00690536e-07,-5.99455071e-07,-7.99273428e-07
0.00000000e+00,3.02432893e-08,6.83699665e-08,1.10830962e-07,1.47774615e-07
0.00000000e+00,2.65962580e-07,5.33270251e-07,8.01494337e-07,1.06865912e-06
0.00000000e+00,1.33084794e-07,2.67621007e-07,4.01992177e-07,5.35989569e-07
0.00000000e+00,-9.77452974e-08,-1.93994776e-07,-2.90409524e-07,-3.87212699e-07
0.00000000e+00,-8.06005912e-08,-1.59262458e-07,-2.39475952e-07,-3.19301271e-07
0.00000000e+00,-1.16877168e-07,-2.32378133e-07,-3.49499608e-07,-4.65999478e-07
0.00000000e+00,2.38615732e-07,4.78104495e-07,7.17733007e-07,9.56977340e-07
0.00000000e+00,2.37735062e-07,4.77009030e-07,7.16942468e-07,9.55923288e-07
0.00000000e+00,3.16633327e-07,6.41019632e-07,9.66593687e-07,1.28879158e-06
0.00000000e+00,3.46279643e-07,6.94054610e-07,1.04166665e-06,1.38888886e-06
0.00000000e+00,1.96709295e-07,3.98554594e-07,6.03058226e-07,8.04077632e-07
0.00000000e+00,2.53215399e-07,5.13881987e-07,7.78444277e-07,1.03792570e-06
0.00000000e+00,-1.15097043e-07,-2.26411284e-07,-3.37817237e-07,-4.50422982e-07
0.00000000e+00,2.21424319e-07,4.49082740e-07,6.79924334e-07,9.06565775e-07
0.00000000e+00,-6.69129326e-08,-1.31770732e-07,-1.97634980e-07,-2.63513308e-07
0.00000000e+00,2.37954367e-07,4.83788480e-07,7.33930807e-07,9.78574409e-07
0.00000000e+00,-2.73960366e-08,-5.47897282e-08,-8.23028301e-08,-1.09737107e-07
0.00000000e+00,2.77402036e-07,5.59123869e-07,8.33250284e-07,1.11100037e-06
0.00000000e+00,3.33380223e-07,6.70525435e-07,1.00758107e-06,1.34344142e-06
0.00000000e+00,1.08422247e-07,2.20586932e-07,3.32653234e-07,4.43537646e-07
0.00000000e+00,-6.58650126e-09,-1.30670715e-08,-1.97121563e-08,-2.62828751e-08
0.00000000e+00,2.15335238e-07,4.30809877e-07,6.46135486e-07,8.61513980e-07
0.00000000e+00,1.89366050e-08,3.83378971e-08,5.75995385e-08,7.67993829e-08
0.00000000e+00,2.21821870e-07,4.44126059e-07,6.66283288e-07,8.88377716e-07
0.00000000e+00,5.15663028e-08,1.04118594e-07,1.55226341e-07,2.06968453e-07
0.00000000e+00,2.53906707e-07,5.08811974e-07,7.62262783e-07,1.01635038e-06
0.00000000e+00,-7.14254541e-09,-1.41561011e-08,-2.13082994e-08,-2.84110667e-08
0.00000000e+00,-1.82573318e-07,-3.64670807e-07,-5.46920696e-07,-7.29227596e-07
0.00000000e+00,-2.30511063e-07,-4.60880092e-07,-6.91394396e-07,-9.21859196e-07
0.00000000e+00,7.80918861e-08,1.59413530e-07,2.40614296e-07,3.20819063e-07
0.00000000e+00,6.12375897e-08,1.27632204e-07,1.93848324e-07,2.58464435e-07
0.00000000e+00,-1.53029406e-07,-3.05064194e-07,-4.58546436e-07,-6.11395249e-07
0.00000000e+00,0.00000000e+00,0.00000000e+00,0.00000000e+00,0.00000000e+00
0.00000000e+00,9.11838685e-08,1.88257326e-07,2.85369455e-07,3.80492610e-07
