0.00000000,0.00000000,0.00000000
0.00625000,0.00000000,0.00000000
0.00625000,0.00500000,0.00000000
0.00000000,0.00500000,0.00000000
0.00000000,0.00000000,0.00100000
0.00625000,0.00000000,0.00100000
0.00625000,0.00500000,0.00100000
0.00000000,0.00500000,0.00100000
0.00312500,0.00000000,0.00000000
0.00625000,0.00250000,0.00000000
0.00312500,0.00500000,0.00000000
0.00000000,0.00250000,0.00000000
0.00000000,0.00000000,0.00050000
0.00625000,0.00000000,0.00050000
0.00625000,0.00500000,0.00050000
0.00000000,0.00500000,0.00050000
0.00312500,0.00000000,0.00100000
0.00625000,0.00250000,0.00100000
0.00312500,0.00500000,0.00100000
0.00000000,0.00250000,0.00100000
0.00312500,0.00250000,0.00000000
0.00312500,0.00000000,0.00050000
0.00625000,0.00250000,0.00050000
0.00312500,0.00500000,0.00050000
0.00000000,0.00250000,0.00050000
0.00312500,0.00250000,0.00100000
0.00312500,0.00250000,0.00050000
0.01250000,0.00000000,0.00000000
0.01250000,0.00500000,0.00000000
0.01250000,0.00000000,0.00100000
0.01250000,0.00500000,0.00100000
0.00937500,0.00000000,0.00000000
0.01250000,0.00250000,0.00000000
0.00937500,0.00500000,0.00000000
0.01250000,0.00000000,0.00050000
0.01250000,0.00500000,0.00050000
0.00937500,0.00000000,0.00100000
0.01250000,0.00250000,0.00100000
0.00937500,0.00500000,0.00100000
0.00937500,0.00250000,0.00000000
0.00937500,0.00000000,0.00050000
0.01250000,0.00250000,0.00050000
0.00937500,0.00500000,0.00050000
0.00937500,0.00250000,0.00100000
0.00937500,0.00250000,0.00050000
0.01875000,0.00000000,0.00000000
0.01875000,0.00500000,0.00000000
0.01875000,0.00000000,0.00100000
0.01875000,0.00500000,0.00100000
0.01562500,0.00000000,0.00000000
0.01875000,0.00250000,0.00000000
0.01562500,0.00500000,0.00000000
0.01875000,0.00000000,0.00050000
0.01875000,0.00500000,0.00050000
0.01562500,0.00000000,0.00100000
0.01875000,0.00250000,0.00100000
0.01562500,0.00500000,0.00100000
0.01562500,0.00250000,0.00000000
0.01562500,0.00000000,0.00050000
0.01875000,0.00250000,0.00050000
0.01562500,0.00500000,0.00050000
0.01562500,0.00250000,0.00100000
0.01562500,0.00250000,0.00050000
0.02500000,0.00000000,0.00000000
0.02500000,0.00500000,0.00000000
0.02500000,0.00000000,0.00100000
0.02500000,0.00500000,0.00100000
0.02187500,0.00000000,0.00000000
0.02500000,0.00250000,0.00000000
0.02187500,0.00500000,0.00000000
0.02500000,0.00000000,0.00050000
0.02500000,0.00500000,0.00050000
0.02187500,0.00000000,0.00100000
0.02500000,0.00250000,0.00100000
0.02187500,0.00500000,0.00100000
0.02187500,0.00250000,0.00000000
0.02187500,0.00000000,0.00050000
0.02500000,0.00250000,0.00050000
0.02187500,0.00500000,0.00050000
0.02187500,0.00250000,0.00100000
0.02187500,0.00250000,0.00050000
0.00937500,0.01750000,0.00000000
0.00703125,0.01750000,0.00000000
0.00720966,0.01504059,0.00000000
0.00961288,0.01630411,0.00000000
0.00937500,0.01750000,0.00100000
0.00703125,0.01750000,0.00100000
0.00720966,0.01504059,0.00100000
0.00961288,0.01630411,0.00100000
0.00820313,0.01750000,0.00000000
0.00712045,0.01627029,0.00000000
0.00841127,0.01567235,0.00000000
0.00943505,0.01689034,0.00000000
0.00937500,0.01750000,0.00050000
0.00703125,0.01750000,0.00050000
0.00720966,0.01504059,0.00050000
0.00961288,0.01630411,0.00050000
0.00820313,0.01750000,0.00100000
0.00712045,0.01627029,0.00100000
0.00841127,0.01567235,0.00100000
0.00943505,0.01689034,0.00100000
0.00827775,0.01658032,0.00000000
0.00820313,0.01750000,0.00050000
0.00712045,0.01627029,0.00050000
0.00841127,0.01567235,0.00050000
0.00943505,0.01689034,0.00050000
0.00827775,0.01658032,0.00100000
0.00827775,0.01658032,0.00050000
0.00468750,0.01750000,0.00000000
0.00480644,0.01377706,0.00000000
0.00468750,0.01750000,0.00100000
0.00480644,0.01377706,0.00100000
0.00585938,0.01750000,0.00000000
0.00474697,0.01563853,0.00000000
0.00600805,0.01440882,0.00000000
0.00468750,0.01750000,0.00050000
0.00480644,0.01377706,0.00050000
0.00585938,0.01750000,0.00100000
0.00474697,0.01563853,0.00100000
0.00600805,0.01440882,0.00100000
0.00593371,0.01595441,0.00000000
0.00585938,0.01750000,0.00050000
0.00474697,0.01563853,0.00050000
0.00600805,0.01440882,0.00050000
0.00593371,0.01595441,0.00100000
0.00593371,0.01595441,0.00050000
0.00234375,0.01750000,0.00000000
0.00240322,0.01251353,0.00000000
0.00234375,0.01750000,0.00100000
0.00240322,0.01251353,0.00100000
0.00351563,0.01750000,0.00000000
0.00237348,0.01500676,0.00000000
0.00360483,0.01314529,0.00000000
0.00234375,0.01750000,0.00050000
0.00240322,0.01251353,0.00050000
0.00351563,0.01750000,0.00100000
0.00237348,0.01500676,0.00100000
0.00360483,0.01314529,0.00100000
0.00356023,0.01532265,0.00000000
0.00351563,0.01750000,0.00050000
0.00237348,0.01500676,0.00050000
0.00360483,0.01314529,0.00050000
0.00356023,0.01532265,0.00100000
0.00356023,0.01532265,0.00050000
0.00000000,0.01750000,0.00000000
0.00000000,0.01125000,0.00000000
0.00000000,0.01750000,0.00100000
0.00000000,0.01125000,0.00100000
0.00117188,0.01750000,0.00000000
0.00000000,0.01437500,0.00000000
0.00120161,0.01188176,0.00000000
0.00000000,0.01750000,0.00050000
0.00000000,0.01125000,0.00050000
0.00117188,0.01750000,0.00100000
0.00000000,0.01437500,0.00100000
0.00120161,0.01188176,0.00100000
0.00118674,0.01469088,0.00000000
0.00117188,0.01750000,0.00050000
0.00000000,0.01437500,0.00050000
0.00120161,0.01188176,0.00050000
0.00118674,0.01469088,0.00100000
0.00118674,0.01469088,0.00050000
0.00771772,0.01271772,0.00000000
0.01029029,0.01529029,0.00000000
0.00771772,0.01271772,0.00100000
0.01029029,0.01529029,0.00100000
0.00746369,0.01387915,0.00000000
0.00900400,0.01400400,0.00000000
0.00990166,0.01576384,0.00000000
0.00771772,0.01271772,0.00050000
0.01029029,0.01529029,0.00050000
0.00746369,0.01387915,0.00100000
0.00900400,0.01400400,0.00100000
0.00990166,0.01576384,0.00100000
0.00868267,0.01482150,0.00000000
0.00746369,0.01387915,0.00050000
0.00900400,0.01400400,0.00050000
0.00990166,0.01576384,0.00050000
0.00868267,0.01482150,0.00100000
0.00868267,0.01482150,0.00050000
0.00514515,0.01014515,0.00000000
0.00514515,0.01014515,0.00100000
0.00497579,0.01196110,0.00000000
0.00643143,0.01143143,0.00000000
0.00514515,0.01014515,0.00050000
0.00497579,0.01196110,0.00100000
0.00643143,0.01143143,0.00100000
0.00621974,0.01292013,0.00000000
0.00497579,0.01196110,0.00050000
0.00643143,0.01143143,0.00050000
0.00621974,0.01292013,0.00100000
0.00621974,0.01292013,0.00050000
0.00257257,0.00757257,0.00000000
0.00257257,0.00757257,0.00100000
0.00248790,0.01004305,0.00000000
0.00385886,0.00885886,0.00000000
0.00257257,0.00757257,0.00050000
0.00248790,0.01004305,0.00100000
0.00385886,0.00885886,0.00100000
0.00373184,0.01100208,0.00000000
0.00248790,0.01004305,0.00050000
0.00385886,0.00885886,0.00050000
0.00373184,0.01100208,0.00100000
0.00373184,0.01100208,0.00050000
0.00000000,0.00812500,0.00000000
0.00128629,0.00628629,0.00000000
0.00000000,0.00812500,0.00100000
0.00128629,0.00628629,0.00100000
0.00124395,0.00908403,0.00000000
0.00000000,0.00812500,0.00050000
0.00128629,0.00628629,0.00050000
0.00124395,0.00908403,0.00100000
0.00124395,0.00908403,0.00050000
0.01004059,0.01220966,0.00000000
0.01130411,0.01461288,0.00000000
0.01004059,0.01220966,0.00100000
0.01130411,0.01461288,0.00100000
0.00887915,0.01246369,0.00000000
0.01067235,0.01341127,0.00000000
0.01076384,0.01490166,0.00000000
0.01004059,0.01220966,0.00050000
0.01130411,0.01461288,0.00050000
0.00887915,0.01246369,0.00100000
0.01067235,0.01341127,0.00100000
0.01076384,0.01490166,0.00100000
0.00982150,0.01368267,0.00000000
0.00887915,0.01246369,0.00050000
0.01067235,0.01341127,0.00050000
0.01076384,0.01490166,0.00050000
0.00982150,0.01368267,0.00100000
0.00982150,0.01368267,0.00050000
0.00877706,0.00980644,0.00000000
0.00877706,0.00980644,0.00100000
0.00696110,0.00997579,0.00000000
0.00940882,0.01100805,0.00000000
0.00877706,0.00980644,0.00050000
0.00696110,0.00997579,0.00100000
0.00940882,0.01100805,0.00100000
0.00792013,0.01121974,0.00000000
0.00696110,0.00997579,0.00050000
0.00940882,0.01100805,0.00050000
0.00792013,0.01121974,0.00100000
0.00792013,0.01121974,0.00050000
0.00751353,0.00740322,0.00000000
0.00751353,0.00740322,0.00100000
0.00504305,0.00748790,0.00000000
0.00814529,0.00860483,0.00000000
0.00751353,0.00740322,0.00050000
0.00504305,0.00748790,0.00100000
0.00814529,0.00860483,0.00100000
0.00600208,0.00873184,0.00000000
0.00504305,0.00748790,0.00050000
0.00814529,0.00860483,0.00050000
0.00600208,0.00873184,0.00100000
0.00600208,0.00873184,0.00050000
0.00688176,0.00620161,0.00000000
0.00688176,0.00620161,0.00100000
0.00408403,0.00624395,0.00000000
0.00688176,0.00620161,0.00050000
0.00408403,0.00624395,0.00100000
0.00408403,0.00624395,0.00050000
0.01250000,0.01203125,0.00000000
0.01250000,0.01437500,0.00000000
0.01250000,0.01203125,0.00100000
0.01250000,0.01437500,0.00100000
0.01127029,0.01212045,0.00000000
0.01250000,0.01320312,0.00000000
0.01189034,0.01443505,0.00000000
0.01250000,0.01203125,0.00050000
0.01250000,0.01437500,0.00050000
0.01127029,0.01212045,0.00100000
0.01250000,0.01320312,0.00100000
0.01189034,0.01443505,0.00100000
0.01158032,0.01327775,0.00000000
0.01127029,0.01212045,0.00050000
0.01250000,0.01320312,0.00050000
0.01189034,0.01443505,0.00050000
0.01158032,0.01327775,0.00100000
0.01158032,0.01327775,0.00050000
0.01250000,0.00968750,0.00000000
0.01250000,0.00968750,0.00100000
0.01063853,0.00974697,0.00000000
0.01250000,0.01085937,0.00000000
0.01250000,0.00968750,0.00050000
0.01063853,0.00974697,0.00100000
0.01250000,0.01085937,0.00100000
0.01095441,0.01093371,0.00000000
0.01063853,0.00974697,0.00050000
0.01250000,0.01085937,0.00050000
0.01095441,0.01093371,0.00100000
0.01095441,0.01093371,0.00050000
0.01250000,0.00734375,0.00000000
0.01250000,0.00734375,0.00100000
0.01000676,0.00737348,0.00000000
0.01250000,0.00851562,0.00000000
0.01250000,0.00734375,0.00050000
0.01000676,0.00737348,0.00100000
0.01250000,0.00851562,0.00100000
0.01032265,0.00856023,0.00000000
0.01000676,0.00737348,0.00050000
0.01250000,0.00851562,0.00050000
0.01032265,0.00856023,0.00100000
0.01032265,0.00856023,0.00050000
0.01250000,0.00617187,0.00000000
0.01250000,0.00617187,0.00100000
0.00969088,0.00618674,0.00000000
0.01250000,0.00617187,0.00050000
0.00969088,0.00618674,0.00100000
0.00969088,0.00618674,0.00050000
0.01495941,0.01220966,0.00000000
0.01369589,0.01461288,0.00000000
0.01495941,0.01220966,0.00100000
0.01369589,0.01461288,0.00100000
0.01372971,0.01212045,0.00000000
0.01432765,0.01341127,0.00000000
0.01310966,0.01443505,0.00000000
0.01495941,0.01220966,0.00050000
0.01369589,0.01461288,0.00050000
0.01372971,0.01212045,0.00100000
0.01432765,0.01341127,0.00100000
0.01310966,0.01443505,0.00100000
0.01341968,0.01327775,0.00000000
0.01372971,0.01212045,0.00050000
0.01432765,0.01341127,0.00050000
0.01310966,0.01443505,0.00050000
0.01341968,0.01327775,0.00100000
0.01341968,0.01327775,0.00050000
0.01622294,0.00980644,0.00000000
0.01622294,0.00980644,0.00100000
0.01436147,0.00974697,0.00000000
0.01559118,0.01100805,0.00000000
0.01622294,0.00980644,0.00050000
0.01436147,0.00974697,0.00100000
0.01559118,0.01100805,0.00100000
0.01404559,0.01093371,0.00000000
0.01436147,0.00974697,0.00050000
0.01559118,0.01100805,0.00050000
0.01404559,0.01093371,0.00100000
0.01404559,0.01093371,0.00050000
0.01748647,0.00740322,0.00000000
0.01748647,0.00740322,0.00100000
0.01499324,0.00737348,0.00000000
0.01685471,0.00860483,0.00000000
0.01748647,0.00740322,0.00050000
0.01499324,0.00737348,0.00100000
0.01685471,0.00860483,0.00100000
0.01467735,0.00856023,0.00000000
0.01499324,0.00737348,0.00050000
0.01685471,0.00860483,0.00050000
0.01467735,0.00856023,0.00100000
0.01467735,0.00856023,0.00050000
0.01811824,0.00620161,0.00000000
0.01811824,0.00620161,0.00100000
0.01530912,0.00618674,0.00000000
0.01811824,0.00620161,0.00050000
0.01530912,0.00618674,0.00100000
0.01530912,0.00618674,0.00050000
0.01728228,0.01271772,0.00000000
0.01470971,0.01529029,0.00000000
0.01728228,0.01271772,0.00100000
0.01470971,0.01529029,0.00100000
0.01612085,0.01246369,0.00000000
0.01599600,0.01400400,0.00000000
0.01423616,0.01490166,0.00000000
0.01728228,0.01271772,0.00050000
0.01470971,0.01529029,0.00050000
0.01612085,0.01246369,0.00100000
0.01599600,0.01400400,0.00100000
0.01423616,0.01490166,0.00100000
0.01517850,0.01368267,0.00000000
0.01612085,0.01246369,0.00050000
0.01599600,0.01400400,0.00050000
0.01423616,0.01490166,0.00050000
0.01517850,0.01368267,0.00100000
0.01517850,0.01368267,0.00050000
0.01985485,0.01014515,0.00000000
0.01985485,0.01014515,0.00100000
0.01803890,0.00997579,0.00000000
0.01856857,0.01143143,0.00000000
0.01985485,0.01014515,0.00050000
0.01803890,0.00997579,0.00100000
0.01856857,0.01143143,0.00100000
0.01707987,0.01121974,0.00000000
0.01803890,0.00997579,0.00050000
0.01856857,0.01143143,0.00050000
0.01707987,0.01121974,0.00100000
0.01707987,0.01121974,0.00050000
0.02242743,0.00757257,0.00000000
0.02242743,0.00757257,0.00100000
0.01995695,0.00748790,0.00000000
0.02114114,0.00885886,0.00000000
0.02242743,0.00757257,0.00050000
0.01995695,0.00748790,0.00100000
0.02114114,0.00885886,0.00100000
0.01899792,0.00873184,0.00000000
0.01995695,0.00748790,0.00050000
0.02114114,0.00885886,0.00050000
0.01899792,0.00873184,0.00100000
0.01899792,0.00873184,0.00050000
0.02371371,0.00628629,0.00000000
0.02371371,0.00628629,0.00100000
0.02091597,0.00624395,0.00000000
0.02371371,0.00628629,0.00050000
0.02091597,0.00624395,0.00100000
0.02091597,0.00624395,0.00050000
0.01779034,0.01504059,0.00000000
0.01538712,0.01630411,0.00000000
0.01779034,0.01504059,0.00100000
0.01538712,0.01630411,0.00100000
0.01753631,0.01387915,0.00000000
0.01658873,0.01567235,0.00000000
0.01509834,0.01576384,0.00000000
0.01779034,0.01504059,0.00050000
0.01538712,0.01630411,0.00050000
0.01753631,0.01387915,0.00100000
0.01658873,0.01567235,0.00100000
0.01509834,0.01576384,0.00100000
0.01631733,0.01482150,0.00000000
0.01753631,0.01387915,0.00050000
0.01658873,0.01567235,0.00050000
0.01509834,0.01576384,0.00050000
0.01631733,0.01482150,0.00100000
0.01631733,0.01482150,0.00050000
0.02019356,0.01377706,0.00000000
0.02019356,0.01377706,0.00100000
0.02002421,0.01196110,0.00000000
0.01899195,0.01440882,0.00000000
0.02019356,0.01377706,0.00050000
0.02002421,0.01196110,0.00100000
0.01899195,0.01440882,0.00100000
0.01878026,0.01292013,0.00000000
0.02002421,0.01196110,0.00050000
0.01899195,0.01440882,0.00050000
0.01878026,0.01292013,0.00100000
0.01878026,0.01292013,0.00050000
0.02259678,0.01251353,0.00000000
0.02259678,0.01251353,0.00100000
0.02251210,0.01004305,0.00000000
0.02139517,0.01314529,0.00000000
0.02259678,0.01251353,0.00050000
0.02251210,0.01004305,0.00100000
0.02139517,0.01314529,0.00100000
0.02126816,0.01100208,0.00000000
0.02251210,0.01004305,0.00050000
0.02139517,0.01314529,0.00050000
0.02126816,0.01100208,0.00100000
0.02126816,0.01100208,0.00050000
0.02500000,0.01125000,0.00000000
0.02500000,0.01125000,0.00100000
0.02500000,0.00812500,0.00000000
0.02379839,0.01188176,0.00000000
0.02500000,0.01125000,0.00050000
0.02500000,0.00812500,0.00100000
0.02379839,0.01188176,0.00100000
0.02375605,0.00908403,0.00000000
0.02500000,0.00812500,0.00050000
0.02379839,0.01188176,0.00050000
0.02375605,0.00908403,0.00100000
0.02375605,0.00908403,0.00050000
0.01796875,0.01750000,0.00000000
0.01562500,0.01750000,0.00000000
0.01796875,0.01750000,0.00100000
0.01562500,0.01750000,0.00100000
0.01787955,0.01627029,0.00000000
0.01679687,0.01750000,0.00000000
0.01556495,0.01689034,0.00000000
0.01796875,0.01750000,0.00050000
0.01562500,0.01750000,0.00050000
0.01787955,0.01627029,0.00100000
0.01679687,0.01750000,0.00100000
0.01556495,0.01689034,0.00100000
0.01672225,0.01658032,0.00000000
0.01787955,0.01627029,0.00050000
0.01679687,0.01750000,0.00050000
0.01556495,0.01689034,0.00050000
0.01672225,0.01658032,0.00100000
0.01672225,0.01658032,0.00050000
0.02031250,0.01750000,0.00000000
0.02031250,0.01750000,0.00100000
0.02025303,0.01563853,0.00000000
0.01914063,0.01750000,0.00000000
0.02031250,0.01750000,0.00050000
0.02025303,0.01563853,0.00100000
0.01914063,0.01750000,0.00100000
0.01906629,0.01595441,0.00000000
0.02025303,0.01563853,0.00050000
0.01914063,0.01750000,0.00050000
0.01906629,0.01595441,0.00100000
0.01906629,0.01595441,0.00050000
0.02265625,0.01750000,0.00000000
0.02265625,0.01750000,0.00100000
0.02262652,0.01500676,0.00000000
0.02148438,0.01750000,0.00000000
0.02265625,0.01750000,0.00050000
0.02262652,0.01500676,0.00100000
0.02148438,0.01750000,0.00100000
0.02143977,0.01532265,0.00000000
0.02262652,0.01500676,0.00050000
0.02148438,0.01750000,0.00050000
0.02143977,0.01532265,0.00100000
0.02143977,0.01532265,0.00050000
0.02500000,0.01750000,0.00000000
0.02500000,0.01750000,0.00100000
0.02500000,0.01437500,0.00000000
0.02382813,0.01750000,0.00000000
0.02500000,0.01750000,0.00050000
0.02500000,0.01437500,0.00100000
0.02382813,0.01750000,0.00100000
0.02381326,0.01469088,0.00000000
0.02500000,0.01437500,0.00050000
0.02382813,0.01750000,0.00050000
0.02381326,0.01469088,0.00100000
0.02381326,0.01469088,0.00050000
0.00961288,0.01869589,0.00000000
0.00720966,0.01995941,0.00000000
0.00961288,0.01869589,0.00100000
0.00720966,0.01995941,0.00100000
0.00943505,0.01810966,0.00000000
0.00841127,0.01932765,0.00000000
0.00712045,0.01872971,0.00000000
0.00961288,0.01869589,0.00050000
0.00720966,0.01995941,0.00050000
0.00943505,0.01810966,0.00100000
0.00841127,0.01932765,0.00100000
0.00712045,0.01872971,0.00100000
0.00827775,0.01841968,0.00000000
0.00943505,0.01810966,0.00050000
0.00841127,0.01932765,0.00050000
0.00712045,0.01872971,0.00050000
0.00827775,0.01841968,0.00100000
0.00827775,0.01841968,0.00050000
0.00480644,0.02122294,0.00000000
0.00480644,0.02122294,0.00100000
0.00600805,0.02059118,0.00000000
0.00474697,0.01936147,0.00000000
0.00480644,0.02122294,0.00050000
0.00600805,0.02059118,0.00100000
0.00474697,0.01936147,0.00100000
0.00593371,0.01904559,0.00000000
0.00600805,0.02059118,0.00050000
0.00474697,0.01936147,0.00050000
0.00593371,0.01904559,0.00100000
0.00593371,0.01904559,0.00050000
0.00240322,0.02248647,0.00000000
0.00240322,0.02248647,0.00100000
0.00360483,0.02185471,0.00000000
0.00237348,0.01999324,0.00000000
0.00240322,0.02248647,0.00050000
0.00360483,0.02185471,0.00100000
0.00237348,0.01999324,0.00100000
0.00356023,0.01967735,0.00000000
0.00360483,0.02185471,0.00050000
0.00237348,0.01999324,0.00050000
0.00356023,0.01967735,0.00100000
0.00356023,0.01967735,0.00050000
0.00000000,0.02375000,0.00000000
0.00000000,0.02375000,0.00100000
0.00120161,0.02311824,0.00000000
0.00000000,0.02062500,0.00000000
0.00000000,0.02375000,0.00050000
0.00120161,0.02311824,0.00100000
0.00000000,0.02062500,0.00100000
0.00118674,0.02030912,0.00000000
0.00120161,0.02311824,0.00050000
0.00000000,0.02062500,0.00050000
0.00118674,0.02030912,0.00100000
0.00118674,0.02030912,0.00050000
0.01029029,0.01970971,0.00000000
0.00771772,0.02228228,0.00000000
0.01029029,0.01970971,0.00100000
0.00771772,0.02228228,0.00100000
0.00990166,0.01923616,0.00000000
0.00900400,0.02099600,0.00000000
0.00746369,0.02112085,0.00000000
0.01029029,0.01970971,0.00050000
0.00771772,0.02228228,0.00050000
0.00990166,0.01923616,0.00100000
0.00900400,0.02099600,0.00100000
0.00746369,0.02112085,0.00100000
0.00868267,0.02017850,0.00000000
0.00990166,0.01923616,0.00050000
0.00900400,0.02099600,0.00050000
0.00746369,0.02112085,0.00050000
0.00868267,0.02017850,0.00100000
0.00868267,0.02017850,0.00050000
0.00514515,0.02485485,0.00000000
0.00514515,0.02485485,0.00100000
0.00643143,0.02356857,0.00000000
0.00497579,0.02303890,0.00000000
0.00514515,0.02485485,0.00050000
0.00643143,0.02356857,0.00100000
0.00497579,0.02303890,0.00100000
0.00621974,0.02207987,0.00000000
0.00643143,0.02356857,0.00050000
0.00497579,0.02303890,0.00050000
0.00621974,0.02207987,0.00100000
0.00621974,0.02207987,0.00050000
0.00257257,0.02742743,0.00000000
0.00257257,0.02742743,0.00100000
0.00385886,0.02614114,0.00000000
0.00248790,0.02495695,0.00000000
0.00257257,0.02742743,0.00050000
0.00385886,0.02614114,0.00100000
0.00248790,0.02495695,0.00100000
0.00373184,0.02399792,0.00000000
0.00385886,0.02614114,0.00050000
0.00248790,0.02495695,0.00050000
0.00373184,0.02399792,0.00100000
0.00373184,0.02399792,0.00050000
0.00000000,0.03000000,0.00000000
0.00000000,0.03000000,0.00100000
0.00128629,0.02871371,0.00000000
0.00000000,0.02687500,0.00000000
0.00000000,0.03000000,0.00050000
0.00128629,0.02871371,0.00100000
0.00000000,0.02687500,0.00100000
0.00124395,0.02591597,0.00000000
0.00128629,0.02871371,0.00050000
0.00000000,0.02687500,0.00050000
0.00124395,0.02591597,0.00100000
0.00124395,0.02591597,0.00050000
0.01130411,0.02038712,0.00000000
0.01004059,0.02279034,0.00000000
0.01130411,0.02038712,0.00100000
0.01004059,0.02279034,0.00100000
0.01076384,0.02009834,0.00000000
0.01067235,0.02158873,0.00000000
0.00887915,0.02253631,0.00000000
0.01130411,0.02038712,0.00050000
0.01004059,0.02279034,0.00050000
0.01076384,0.02009834,0.00100000
0.01067235,0.02158873,0.00100000
0.00887915,0.02253631,0.00100000
0.00982150,0.02131733,0.00000000
0.01076384,0.02009834,0.00050000
0.01067235,0.02158873,0.00050000
0.00887915,0.02253631,0.00050000
0.00982150,0.02131733,0.00100000
0.00982150,0.02131733,0.00050000
0.00877706,0.02519356,0.00000000
0.00877706,0.02519356,0.00100000
0.00940882,0.02399195,0.00000000
0.00696110,0.02502421,0.00000000
0.00877706,0.02519356,0.00050000
0.00940882,0.02399195,0.00100000
0.00696110,0.02502421,0.00100000
0.00792013,0.02378026,0.00000000
0.00940882,0.02399195,0.00050000
0.00696110,0.02502421,0.00050000
0.00792013,0.02378026,0.00100000
0.00792013,0.02378026,0.00050000
0.00751353,0.02759678,0.00000000
0.00751353,0.02759678,0.00100000
0.00814529,0.02639517,0.00000000
0.00504305,0.02751210,0.00000000
0.00751353,0.02759678,0.00050000
0.00814529,0.02639517,0.00100000
0.00504305,0.02751210,0.00100000
0.00600208,0.02626816,0.00000000
0.00814529,0.02639517,0.00050000
0.00504305,0.02751210,0.00050000
0.00600208,0.02626816,0.00100000
0.00600208,0.02626816,0.00050000
0.00625000,0.03000000,0.00000000
0.00625000,0.03000000,0.00100000
0.00688176,0.02879839,0.00000000
0.00312500,0.03000000,0.00000000
0.00625000,0.03000000,0.00050000
0.00688176,0.02879839,0.00100000
0.00312500,0.03000000,0.00100000
0.00408403,0.02875605,0.00000000
0.00688176,0.02879839,0.00050000
0.00312500,0.03000000,0.00050000
0.00408403,0.02875605,0.00100000
0.00408403,0.02875605,0.00050000
0.01250000,0.02062500,0.00000000
0.01250000,0.02296875,0.00000000
0.01250000,0.02062500,0.00100000
0.01250000,0.02296875,0.00100000
0.01189034,0.02056495,0.00000000
0.01250000,0.02179688,0.00000000
0.01127029,0.02287955,0.00000000
0.01250000,0.02062500,0.00050000
0.01250000,0.02296875,0.00050000
0.01189034,0.02056495,0.00100000
0.01250000,0.02179688,0.00100000
0.01127029,0.02287955,0.00100000
0.01158032,0.02172225,0.00000000
0.01189034,0.02056495,0.00050000
0.01250000,0.02179688,0.00050000
0.01127029,0.02287955,0.00050000
0.01158032,0.02172225,0.00100000
0.01158032,0.02172225,0.00050000
0.01250000,0.02531250,0.00000000
0.01250000,0.02531250,0.00100000
0.01250000,0.02414062,0.00000000
0.01063853,0.02525303,0.00000000
0.01250000,0.02531250,0.00050000
0.01250000,0.02414062,0.00100000
0.01063853,0.02525303,0.00100000
0.01095441,0.02406629,0.00000000
0.01250000,0.02414062,0.00050000
0.01063853,0.02525303,0.00050000
0.01095441,0.02406629,0.00100000
0.01095441,0.02406629,0.00050000
0.01250000,0.02765625,0.00000000
0.01250000,0.02765625,0.00100000
0.01250000,0.02648438,0.00000000
0.01000676,0.02762652,0.00000000
0.01250000,0.02765625,0.00050000
0.01250000,0.02648438,0.00100000
0.01000676,0.02762652,0.00100000
0.01032265,0.02643977,0.00000000
0.01250000,0.02648438,0.00050000
0.01000676,0.02762652,0.00050000
0.01032265,0.02643977,0.00100000
0.01032265,0.02643977,0.00050000
0.01250000,0.03000000,0.00000000
0.01250000,0.03000000,0.00100000
0.01250000,0.02882812,0.00000000
0.00937500,0.03000000,0.00000000
0.01250000,0.03000000,0.00050000
0.01250000,0.02882812,0.00100000
0.00937500,0.03000000,0.00100000
0.00969088,0.02881326,0.00000000
0.01250000,0.02882812,0.00050000
0.00937500,0.03000000,0.00050000
0.00969088,0.02881326,0.00100000
0.00969088,0.02881326,0.00050000
0.01779034,0.01995941,0.00000000
0.01538712,0.01869589,0.00000000
0.01779034,0.01995941,0.00100000
0.01538712,0.01869589,0.00100000
0.01787955,0.01872971,0.00000000
0.01658873,0.01932765,0.00000000
0.01556495,0.01810966,0.00000000
0.01779034,0.01995941,0.00050000
0.01538712,0.01869589,0.00050000
0.01787955,0.01872971,0.00100000
0.01658873,0.01932765,0.00100000
0.01556495,0.01810966,0.00100000
0.01672225,0.01841968,0.00000000
0.01787955,0.01872971,0.00050000
0.01658873,0.01932765,0.00050000
0.01556495,0.01810966,0.00050000
0.01672225,0.01841968,0.00100000
0.01672225,0.01841968,0.00050000
0.02019356,0.02122294,0.00000000
0.02019356,0.02122294,0.00100000
0.02025303,0.01936147,0.00000000
0.01899195,0.02059118,0.00000000
0.02019356,0.02122294,0.00050000
0.02025303,0.01936147,0.00100000
0.01899195,0.02059118,0.00100000
0.01906629,0.01904559,0.00000000
0.02025303,0.01936147,0.00050000
0.01899195,0.02059118,0.00050000
0.01906629,0.01904559,0.00100000
0.01906629,0.01904559,0.00050000
0.02259678,0.02248647,0.00000000
0.02259678,0.02248647,0.00100000
0.02262652,0.01999324,0.00000000
0.02139517,0.02185471,0.00000000
0.02259678,0.02248647,0.00050000
0.02262652,0.01999324,0.00100000
0.02139517,0.02185471,0.00100000
0.02143977,0.01967735,0.00000000
0.02262652,0.01999324,0.00050000
0.02139517,0.02185471,0.00050000
0.02143977,0.01967735,0.00100000
0.02143977,0.01967735,0.00050000
0.02500000,0.02375000,0.00000000
0.02500000,0.02375000,0.00100000
0.02500000,0.02062500,0.00000000
0.02379839,0.02311824,0.00000000
0.02500000,0.02375000,0.00050000
0.02500000,0.02062500,0.00100000
0.02379839,0.02311824,0.00100000
0.02381326,0.02030912,0.00000000
0.02500000,0.02062500,0.00050000
0.02379839,0.02311824,0.00050000
0.02381326,0.02030912,0.00100000
0.02381326,0.02030912,0.00050000
0.01728228,0.02228228,0.00000000
0.01470971,0.01970971,0.00000000
0.01728228,0.02228228,0.00100000
0.01470971,0.01970971,0.00100000
0.01753631,0.02112085,0.00000000
0.01599600,0.02099600,0.00000000
0.01509834,0.01923616,0.00000000
0.01728228,0.02228228,0.00050000
0.01470971,0.01970971,0.00050000
0.01753631,0.02112085,0.00100000
0.01599600,0.02099600,0.00100000
0.01509834,0.01923616,0.00100000
0.01631733,0.02017850,0.00000000
0.01753631,0.02112085,0.00050000
0.01599600,0.02099600,0.00050000
0.01509834,0.01923616,0.00050000
0.01631733,0.02017850,0.00100000
0.01631733,0.02017850,0.00050000
0.01985485,0.02485485,0.00000000
0.01985485,0.02485485,0.00100000
0.02002421,0.02303890,0.00000000
0.01856857,0.02356857,0.00000000
0.01985485,0.02485485,0.00050000
0.02002421,0.02303890,0.00100000
0.01856857,0.02356857,0.00100000
0.01878026,0.02207987,0.00000000
0.02002421,0.02303890,0.00050000
0.01856857,0.02356857,0.00050000
0.01878026,0.02207987,0.00100000
0.01878026,0.02207987,0.00050000
0.02242743,0.02742743,0.00000000
0.02242743,0.02742743,0.00100000
0.02251210,0.02495695,0.00000000
0.02114114,0.02614114,0.00000000
0.02242743,0.02742743,0.00050000
0.02251210,0.02495695,0.00100000
0.02114114,0.02614114,0.00100000
0.02126816,0.02399792,0.00000000
0.02251210,0.02495695,0.00050000
0.02114114,0.02614114,0.00050000
0.02126816,0.02399792,0.00100000
0.02126816,0.02399792,0.00050000
0.02500000,0.03000000,0.00000000
0.02500000,0.03000000,0.00100000
0.02500000,0.02687500,0.00000000
0.02371371,0.02871371,0.00000000
0.02500000,0.03000000,0.00050000
0.02500000,0.02687500,0.00100000
0.02371371,0.02871371,0.00100000
0.02375605,0.02591597,0.00000000
0.02500000,0.02687500,0.00050000
0.02371371,0.02871371,0.00050000
0.02375605,0.02591597,0.00100000
0.02375605,0.02591597,0.00050000
0.01495941,0.02279034,0.00000000
0.01369589,0.02038712,0.00000000
0.01495941,0.02279034,0.00100000
0.01369589,0.02038712,0.00100000
0.01612085,0.02253631,0.00000000
0.01432765,0.02158873,0.00000000
0.01423616,0.02009834,0.00000000
0.01495941,0.02279034,0.00050000
0.01369589,0.02038712,0.00050000
0.01612085,0.02253631,0.00100000
0.01432765,0.02158873,0.00100000
0.01423616,0.02009834,0.00100000
0.01517850,0.02131733,0.00000000
0.01612085,0.02253631,0.00050000
0.01432765,0.02158873,0.00050000
0.01423616,0.02009834,0.00050000
0.01517850,0.02131733,0.00100000
0.01517850,0.02131733,0.00050000
0.01622294,0.02519356,0.00000000
0.01622294,0.02519356,0.00100000
0.01803890,0.02502421,0.00000000
0.01559118,0.02399195,0.00000000
0.01622294,0.02519356,0.00050000
0.01803890,0.02502421,0.00100000
0.01559118,0.02399195,0.00100000
0.01707987,0.02378026,0.00000000
0.01803890,0.02502421,0.00050000
0.01559118,0.02399195,0.00050000
0.01707987,0.02378026,0.00100000
0.01707987,0.02378026,0.00050000
0.01748647,0.02759678,0.00000000
0.01748647,0.02759678,0.00100000
0.01995695,0.02751210,0.00000000
0.01685471,0.02639517,0.00000000
0.01748647,0.02759678,0.00050000
0.01995695,0.02751210,0.00100000
0.01685471,0.02639517,0.00100000
0.01899792,0.02626816,0.00000000
0.01995695,0.02751210,0.00050000
0.01685471,0.02639517,0.00050000
0.01899792,0.02626816,0.00100000
0.01899792,0.02626816,0.00050000
0.01875000,0.03000000,0.00000000
0.01875000,0.03000000,0.00100000
0.02187500,0.03000000,0.00000000
0.01811824,0.02879839,0.00000000
0.01875000,0.03000000,0.00050000
0.02187500,0.03000000,0.00100000
0.01811824,0.02879839,0.00100000
0.02091597,0.02875605,0.00000000
0.02187500,0.03000000,0.00050000
0.01811824,0.02879839,0.00050000
0.02091597,0.02875605,0.00100000
0.02091597,0.02875605,0.00050000
0.01372971,0.02287955,0.00000000
0.01310966,0.02056495,0.00000000
0.01372971,0.02287955,0.00100000
0.01310966,0.02056495,0.00100000
0.01341968,0.02172225,0.00000000
0.01372971,0.02287955,0.00050000
0.01310966,0.02056495,0.00050000
0.01341968,0.02172225,0.00100000
0.01341968,0.02172225,0.00050000
0.01436147,0.02525303,0.00000000
0.01436147,0.02525303,0.00100000
0.01404559,0.02406629,0.00000000
0.01436147,0.02525303,0.00050000
0.01404559,0.02406629,0.00100000
0.01404559,0.02406629,0.00050000
0.01499324,0.02762652,0.00000000
0.01499324,0.02762652,0.00100000
0.01467735,0.02643977,0.00000000
0.01499324,0.02762652,0.00050000
0.01467735,0.02643977,0.00100000
0.01467735,0.02643977,0.00050000
0.01562500,0.03000000,0.00000000
0.01562500,0.03000000,0.00100000
0.01530912,0.02881326,0.00000000
0.01562500,0.03000000,0.00050000
0.01530912,0.02881326,0.00100000
0.01530912,0.02881326,0.00050000
0.00625000,0.03500000,0.00000000
0.00000000,0.03500000,0.00000000
0.00625000,0.03500000,0.00100000
0.00000000,0.03500000,0.00100000
0.00625000,0.03250000,0.00000000
0.00312500,0.03500000,0.00000000
0.00000000,0.03250000,0.00000000
0.00625000,0.03500000,0.00050000
0.00000000,0.03500000,0.00050000
0.00625000,0.03250000,0.00100000
0.00312500,0.03500000,0.00100000
0.00000000,0.03250000,0.00100000
0.00312500,0.03250000,0.00000000
0.00625000,0.03250000,0.00050000
0.00312500,0.03500000,0.00050000
0.00000000,0.03250000,0.00050000
0.00312500,0.03250000,0.00100000
0.00312500,0.03250000,0.00050000
0.01250000,0.03500000,0.00000000
0.01250000,0.03500000,0.00100000
0.01250000,0.03250000,0.00000000
0.00937500,0.03500000,0.00000000
0.01250000,0.03500000,0.00050000
0.01250000,0.03250000,0.00100000
0.00937500,0.03500000,0.00100000
0.00937500,0.03250000,0.00000000
0.01250000,0.03250000,0.00050000
0.00937500,0.03500000,0.00050000
0.00937500,0.03250000,0.00100000
0.00937500,0.03250000,0.00050000
0.01875000,0.03500000,0.00000000
0.01875000,0.03500000,0.00100000
0.01875000,0.03250000,0.00000000
0.01562500,0.03500000,0.00000000
0.01875000,0.03500000,0.00050000
0.01875000,0.03250000,0.00100000
0.01562500,0.03500000,0.00100000
0.01562500,0.03250000,0.00000000
0.01875000,0.03250000,0.00050000
0.01562500,0.03500000,0.00050000
0.01562500,0.03250000,0.00100000
0.01562500,0.03250000,0.00050000
0.02500000,0.03500000,0.00000000
0.02500000,0.03500000,0.00100000
0.02500000,0.03250000,0.00000000
0.02187500,0.03500000,0.00000000
0.02500000,0.03500000,0.00050000
0.02500000,0.03250000,0.00100000
0.02187500,0.03500000,0.00100000
0.02187500,0.03250000,0.00000000
0.02500000,0.03250000,0.00050000
0.02187500,0.03500000,0.00050000
0.02187500,0.03250000,0.00100000
0.02187500,0.03250000,0.00050000
