0.018106279999999999,0.03149851,0
0.01614581,0.027806290000000001,0
0.02066987,0.0275,0
0.018106279999999999,0.03149851,0.002
0.02066987,0.0275,0.002
0.01614581,0.027806290000000001,0.002
0,0.012500000000000001,0.001
0,0.014999999999999999,0.002
0,0.01,0.002
0.0039377700000000002,0.01226843,0.002
0.014999999999999999,0,0
0.018106279999999999,0.0035014899999999999,0
0.017500000000000002,0,0.001
0.02,0,0
0.025000000000000001,0.0074999999999999997,0.001
0.025000000000000001,0.01,0
0.025000000000000001,0.0050000000000000001,0
0.02066987,0.0074999999999999997,0
0.02066987,0.0074999999999999997,0.002
0.025000000000000001,0.0050000000000000001,0.002
0.025000000000000001,0.01,0.002
0.025000000000000001,0,0.002
0.025000000000000001,0.0025000000000000001,0.001
0.021868189999999999,0.00310005,0.002
0.025000000000000001,0,0
0.021868189999999999,0.00310005,0
0.02,0,0.002
0.022499999999999999,0,0.001
0.02,0.035000000000000003,0.002
0.025000000000000001,0.035000000000000003,0.002
0.021868189999999999,0.031899950000000003,0.002
0.022499999999999999,0.035000000000000003,0.001
0,0.0074999999999999997,0.001
0,0.0050000000000000001,0.002
0.0046745399999999996,0.0078389600000000007,0.002
0,0.01,0
0,0.0050000000000000001,0
0.0046745399999999996,0.0078389600000000007,0
0.025000000000000001,0.029999999999999999,0.002
0,0.014999999999999999,0
0.0039377700000000002,0.01226843,0
0.025000000000000001,0.029999999999999999,0
0.025000000000000001,0.035000000000000003,0
0.021868189999999999,0.031899950000000003,0
0.02095619,0.012995919999999999,0.002
0.025000000000000001,0.012500000000000001,0.001
0.025000000000000001,0.014999999999999999,0.002
0.018106279999999999,0.0035014899999999999,0.002
0.014999999999999999,0,0.002
0.02095619,0.012995919999999999,0
0.025000000000000001,0.014999999999999999,0
0.0036602499999999999,0.0036602499999999999,0
0,0,0
0,0.0025000000000000001,0.001
0.02,0.035000000000000003,0
0.0036602499999999999,0.0036602499999999999,0.002
0,0,0.002
0.016886060000000001,0.019373370000000001,0.002
0.015315530000000001,0.01885589,0.0010022099999999999
0.01444841,0.019943220000000001,0
0.016886060000000001,0.019373370000000001,0
0.016886060000000001,0.015626629999999999,0.002
0.01444841,0.015056780000000001,0.002
0.015315530000000001,0.01614411,0.00099778999999999992
0.016886060000000001,0.015626629999999999,0
0.01444841,0.019943220000000001,0.002
0.01444841,0.015056780000000001,0
0.015625,0.017500000000000002,0.002
0.015625,0.017500000000000002,0
0.0094088799999999997,0.013627169999999999,0
0.01180462,0.01445335,0
0.01055159,0.015056780000000001,0.0010022099999999999
0.0094088799999999997,0.013627169999999999,0.002
0.01180462,0.01445335,0.002
0.0096844700000000006,0.01614411,0.002
0.01319538,0.02054665,0.0010022099999999999
0.01180462,0.02054665,0
0.01180462,0.02054665,0.002
0.01366965,0.022617470000000001,0
0.01319538,0.01445335,0.0010022099999999999
0.01366965,0.012382529999999999,0
0.0093749999999999997,0.017500000000000002,0.00099778999999999992
0.0071331600000000004,0.014531870000000001,0
0.0096844700000000006,0.01614411,0
0.01055159,0.019943220000000001,0.00099778999999999992
0.0094951500000000008,0.021267970000000001,0.002
0.01366965,0.012382529999999999,0.002
0.01366965,0.022617470000000001,0.002
0.0094951500000000008,0.021267970000000001,0
0.0096844700000000006,0.01885589,0.002
0.0096844700000000006,0.01885589,0
0.0069759799999999997,0.01763783,0.002
0.0071331600000000004,0.014531870000000001,0.002
0.0069759799999999997,0.01763783,0
0.0170651,0.013144350000000001,0.002
0.0170651,0.021855650000000001,0
0.0050000000000000001,0,0
0.018127810000000001,0.017500000000000002,0.002
0.0050000000000000001,0,0.002
0.018068500000000001,0.01025479,0
0.018068500000000001,0.01025479,0.002
0.018068500000000001,0.02474521,0
0.018068500000000001,0.02474521,0.002
0.02095619,0.022004079999999999,0
0.018995629999999999,0.0153574,0.002
0.021234550000000001,0.017500000000000002,0.002
0.018995629999999999,0.0153574,0
0.018995629999999999,0.0196426,0.002
0.02095619,0.022004079999999999,0.002
0.018995629999999999,0.0196426,0
0.0170651,0.013144350000000001,0
0.0170651,0.021855650000000001,0.002
0.00375195,0.019664569999999999,0
0.0039226599999999997,0.023205759999999999,0
0,0.02,0.002
0.00375195,0.019664569999999999,0.002
0.00363314,0.01651712,0.002
0.01085154,0.011614309999999999,0
0.01085154,0.023385690000000001,0
0.0155055,0.01043995,0.002
0.0155055,0.01043995,0
0.0155055,0.02456005,0
0.0155055,0.02456005,0.002
0.018127810000000001,0.017500000000000002,0
0.01183187,0.029553940000000001,0
0.01,0.035000000000000003,0
0.0074163600000000003,0.03078117,0
0.0074163600000000003,0.03078117,0.002
0.01183187,0.00544606,0
0.0074163600000000003,0.0042188299999999998,0
0.01,0,0
0.0074163600000000003,0.0042188299999999998,0.002
0,0.029999999999999999,0.002
0,0.025000000000000001,0
0.0046745399999999996,0.027161040000000001,0
0,0.025000000000000001,0.002
0.025000000000000001,0.02,0.002
0.021234550000000001,0.017500000000000002,0
0.0046745399999999996,0.027161040000000001,0.002
0,0.029999999999999999,0
0.025000000000000001,0.025000000000000001,0.002
0.025000000000000001,0.025000000000000001,0
0.01614581,0.0071937099999999999,0.002
0.012921459999999999,0.0092524900000000004,0.002
0.012921459999999999,0.025747510000000001,0.002
0.0069881300000000004,0.020645739999999999,0
0.01085154,0.023385690000000001,0.002
0.0093314699999999997,0.0083676800000000006,0
0.0093314699999999997,0.0083676800000000006,0.002
0.0093314699999999997,0.026632320000000001,0
0.0093314699999999997,0.026632320000000001,0.002
0.01614581,0.0071937099999999999,0
0.012921459999999999,0.0092524900000000004,0
0.01183187,0.029553940000000001,0.002
0.012921459999999999,0.025747510000000001,0
0.0050000000000000001,0.035000000000000003,0
0.01085154,0.011614309999999999,0.002
0.0069881300000000004,0.020645739999999999,0.002
0.01,0.035000000000000003,0.002
0.0050000000000000001,0.035000000000000003,0.002
0.0039226599999999997,0.023205759999999999,0.002
0.01,0,0.002
0.01183187,0.00544606,0.002
0.0075706000000000002,0.01139221,0.002
0.00754391,0.023716419999999998,0.002
0,0.02,0
0.00363314,0.01651712,0
0.014671419999999999,0.00346584,0.002
0.014999999999999999,0.035000000000000003,0
0,0.035000000000000003,0.002
0.0036602499999999999,0.03133975,0.002
0.025000000000000001,0.02,0
0.00754391,0.023716419999999998,0
0.0075706000000000002,0.01139221,0
0.0036602499999999999,0.03133975,0
0,0.035000000000000003,0
0.014999999999999999,0.035000000000000003,0.002
0.014671419999999999,0.031534159999999999,0.002
0.014671419999999999,0.00346584,0
0.014671419999999999,0.031534159999999999,0
