-7.185673173260504143e+00,2.271167997955134155e+01,-1.457493056748760019e+01,1.000000000000000000e+00
-9.346422071757837458e+00,2.283220745631016158e+01,-1.329311455064456027e+01,1.000000000000000000e+00
-8.304053541015516515e+00,2.500000000000000000e+01,-1.396800611354204058e+01,1.000000000000000000e+00
-5.364812830628113538e+00,2.312590586776926926e+01,-1.533888142246128972e+01,1.000000000000000000e+00
-5.736820487571023364e+00,2.054857173412144888e+01,-1.520366372600319949e+01,1.000000000000000000e+00
-6.074527417412470598e+00,2.500000000000000000e+01,-1.507191483040904956e+01,1.000000000000000000e+00
-8.287641945618078765e+00,2.051350830334421005e+01,-1.397774985400839931e+01,1.000000000000000000e+00
4.902959727171865900e+00,2.100347892882444967e+01,1.549269137089263104e+01,1.000000000000000000e+00
3.673047573179686776e+00,2.246990934916728833e+01,1.582944160497011943e+01,1.000000000000000000e+00
3.465238636310028042e+00,1.997905609767382984e+01,1.587622817905513095e+01,1.000000000000000000e+00
6.074527417412482144e+00,2.284598573793804022e+01,1.507191483040904068e+01,1.000000000000000000e+00
4.928112376077652179e+00,1.877872392148393033e+01,1.548470885773286021e+01,1.000000000000000000e+00
6.938988637125813597e+00,2.002426886160930053e+01,1.469397620434437890e+01,1.000000000000000000e+00
7.947033024026991299e+00,2.500000000000000000e+01,-4.538567760887828761e+00,1.000000000000000000e+00
9.422896340602205711e+00,2.500000000000000000e+01,-6.568734384103589896e+00,1.000000000000000000e+00
6.870088007997358304e+00,2.500000000000000000e+01,-6.790294721470157668e+00,1.000000000000000000e+00
8.993143653604949606e+00,2.500000000000000000e+01,-2.288761107435377973e+00,1.000000000000000000e+00
1.041446018430738008e+01,2.500000000000000000e+01,-4.339656853549267446e+00,1.000000000000000000e+00
5.455211352095292732e+00,2.500000000000000000e+01,-4.743948304370768199e+00,1.000000000000000000e+00
6.519958872286812479e+00,2.500000000000000000e+01,-2.495459710329895664e+00,1.000000000000000000e+00
1.209356726813897076e+01,2.500000000000000000e+01,-6.234734258162723641e+00,1.000000000000000000e+00
8.460439870477888036e+00,2.500000000000000000e+01,-8.871709177969927751e+00,1.000000000000000000e+00
1.094222122276029019e+01,2.500000000000000000e+01,-8.639127060805463998e+00,1.000000000000000000e+00
5.791657430631695469e+00,2.500000000000000000e+01,-9.212446015567042679e+00,1.000000000000000000e+00
4.390463572910058510e+00,2.500000000000000000e+01,-6.992441468116727954e+00,1.000000000000000000e+00
1.292755851005718881e+01,1.948893053799288122e+00,-9.845848412861538890e+00,1.000000000000000000e+00
1.342806818174415895e+01,4.330671678877261677e+00,-9.151474466250233419e+00,1.000000000000000000e+00
1.427582407730102965e+01,2.154014262060262919e+00,-7.762947050827552431e+00,1.000000000000000000e+00
1.201580877160771976e+01,3.263571618073308755e+00,-1.093996524510727042e+01,1.000000000000000000e+00
1.213148985119442003e+01,0.000000000000000000e+00,-1.081154262769041097e+01,1.000000000000000000e+00
1.126827813787394916e+01,1.817502002029073083e+00,-1.170847589601276084e+01,1.000000000000000000e+00
1.363968817464420979e+01,0.000000000000000000e+00,-8.832972687519811572e+00,1.000000000000000000e+00
1.448790011914733888e+01,4.807892314173297876e+00,-7.359568610836548785e+00,1.000000000000000000e+00
1.197540135502861069e+01,5.064424400591509112e+00,-1.098418237221046034e+01,1.000000000000000000e+00
1.338684761579149907e+01,6.162593520635079258e+00,-9.211667108161114115e+00,1.000000000000000000e+00
1.529352577966789006e+01,1.558384827246914961e+00,-5.492774274138130686e+00,1.000000000000000000e+00
1.482818376774394942e+01,0.000000000000000000e+00,-6.647365354034237228e+00,1.000000000000000000e+00
1.535192655531831107e+01,3.852592308288767864e+00,-5.327368115693957407e+00,1.000000000000000000e+00
1.209893253234731070e+01,1.627164194762888272e+01,1.084796439788165934e+01,1.000000000000000000e+00
1.342885535516296969e+01,1.751407819013547851e+01,9.150319330499396386e+00,1.000000000000000000e+00
1.209997381435569075e+01,1.876073470681426159e+01,1.084680292491324849e+01,1.000000000000000000e+00
1.055663055149227958e+01,1.752006801046739071e+01,1.235394881806218059e+01,1.000000000000000000e+00
1.055349626434596999e+01,1.502813528243377839e+01,1.235662642465310945e+01,1.000000000000000000e+00
1.342803069553406026e+01,1.502478959710138895e+01,9.151529469973590736e+00,1.000000000000000000e+00
1.209746287628972006e+01,1.378039402286448123e+01,1.084960330872940126e+01,1.000000000000000000e+00
1.055296216474159010e+01,1.253617315552124900e+01,1.235708256626671009e+01,1.000000000000000000e+00
8.824144339545521021e+00,1.628106993523616097e+01,1.364540130134935936e+01,1.000000000000000000e+00
8.823048318274871349e+00,1.378622840586714027e+01,1.364611000884086955e+01,1.000000000000000000e+00
1.621523987809147016e+01,8.801389168673701136e+00,-1.062306780526356853e+00,1.000000000000000000e+00
1.621526258812849264e+01,6.311267084267782046e+00,-1.061960073656565084e+00,1.000000000000000000e+00
1.589587144970745136e+01,7.528403948186260131e+00,-3.373984418217653936e+00,1.000000000000000000e+00
1.593271083480176920e+01,1.004271292045967101e+01,-3.195500814362334907e+00,1.000000000000000000e+00
1.621538668149347018e+01,1.128736117687856044e+01,-1.060063568680714052e+00,1.000000000000000000e+00
1.621308598344941032e+01,7.555698611247598784e+00,1.094688491433233990e+00,1.000000000000000000e+00
1.621309203946853117e+01,1.004380956793082014e+01,1.094598793952443971e+00,1.000000000000000000e+00
-7.898186144545588760e+00,2.500000000000000000e+01,7.084784183277163194e+00,1.000000000000000000e+00
-8.976518700922804683e+00,2.500000000000000000e+01,4.842731445319833128e+00,1.000000000000000000e+00
-9.912026325328552545e+00,2.500000000000000000e+01,6.651285197365504942e+00,1.000000000000000000e+00
-5.513673519529738165e+00,2.500000000000000000e+01,7.331968402429441589e+00,1.000000000000000000e+00
-6.578417955992907018e+00,2.500000000000000000e+01,5.083481014111500329e+00,1.000000000000000000e+00
-9.468989190417554269e+00,2.500000000000000000e+01,8.716603353976548618e+00,1.000000000000000000e+00
-6.979918811809590729e+00,2.500000000000000000e+01,9.690210779922173501e+00,1.000000000000000000e+00
-4.460289025300717469e+00,0.000000000000000000e+00,-5.531801402884621410e+00,1.000000000000000000e+00
-3.397987196289392386e+00,0.000000000000000000e+00,-3.299284613714831060e+00,1.000000000000000000e+00
-5.877482486942025020e+00,0.000000000000000000e+00,-3.502823334388029952e+00,1.000000000000000000e+00
-6.946282749024242698e+00,0.000000000000000000e+00,-5.731300645637801949e+00,1.000000000000000000e+00
-5.515100672967910178e+00,0.000000000000000000e+00,-7.708766624717310556e+00,1.000000000000000000e+00
-3.050540550607206303e+00,0.000000000000000000e+00,-7.475695182456904675e+00,1.000000000000000000e+00
-1.982606487458236977e+00,0.000000000000000000e+00,-5.325717103871252966e+00,1.000000000000000000e+00
-8.045873396107579012e+00,0.000000000000000000e+00,-7.948609830182220115e+00,1.000000000000000000e+00
-6.449198795477409263e+00,0.000000000000000000e+00,-1.017915999369748015e+01,1.000000000000000000e+00
-4.147215733570149609e+00,0.000000000000000000e+00,-9.222981662009106074e+00,1.000000000000000000e+00
1.911650152175951911e+00,0.000000000000000000e+00,-7.194972973362590452e+00,1.000000000000000000e+00
4.959635584123346930e-01,0.000000000000000000e+00,-5.148246007259102974e+00,1.000000000000000000e+00
-6.104682255811078040e-01,0.000000000000000000e+00,-7.389893314273803249e+00,1.000000000000000000e+00
8.254636332044991143e-01,0.000000000000000000e+00,-9.433312838822660140e+00,1.000000000000000000e+00
3.195446022750365156e+00,0.000000000000000000e+00,-9.179245802022009570e+00,1.000000000000000000e+00
4.390463572910058510e+00,0.000000000000000000e+00,-6.992441468116727954e+00,1.000000000000000000e+00
2.975587252376966862e+00,0.000000000000000000e+00,-4.946094972793185995e+00,1.000000000000000000e+00
-9.188653127615837857e-01,0.000000000000000000e+00,-3.100234849878668264e+00,1.000000000000000000e+00
1.560723430826784996e+00,0.000000000000000000e+00,-2.899390146329867690e+00,1.000000000000000000e+00
-1.527693690457235043e+01,1.711650464275376038e+00,-5.538745238202905874e+00,1.000000000000000000e+00
-1.595276019994889083e+01,1.740868699173663048e+00,-3.093855523925884921e+00,1.000000000000000000e+00
-1.569299949939410865e+01,3.325386516919594637e+00,-4.218088039860727001e+00,1.000000000000000000e+00
-1.482818376774397962e+01,4.038559227156510723e+00,-6.647365354034170615e+00,1.000000000000000000e+00
-1.426422756352278043e+01,2.018160549949505889e+00,-7.784234838186526950e+00,1.000000000000000000e+00
-1.482818376774392988e+01,0.000000000000000000e+00,-6.647365354034289631e+00,1.000000000000000000e+00
-1.566911930111353968e+01,0.000000000000000000e+00,-4.305949410695777857e+00,1.000000000000000000e+00
-1.614278395859471971e+01,0.000000000000000000e+00,-1.863605662724028056e+00,1.000000000000000000e+00
-1.623936611770912819e+01,2.698811880960499288e+00,-5.877823534275848916e-01,1.000000000000000000e+00
-1.604853734063297921e+01,4.348987515379781676e+00,-2.550872248135735099e+00,1.000000000000000000e+00
-1.557149031216725987e+01,5.053594920249450340e+00,-4.646632055379587456e+00,1.000000000000000000e+00
-1.623807544207566878e+01,0.000000000000000000e+00,6.224194224630583694e-01,1.000000000000000000e+00
-1.614278395859471971e+01,2.154014262061961116e+00,1.863605662723993861e+00,1.000000000000000000e+00
-1.416079903894411984e+01,0.000000000000000000e+00,-6.215070808780810419e-01,1.000000000000000000e+00
-1.396695933673414025e+01,0.000000000000000000e+00,1.667730739528829886e+00,1.000000000000000000e+00
-1.595276019994890149e+01,0.000000000000000000e+00,3.093855523925836959e+00,1.000000000000000000e+00
-1.617071101792062038e+01,4.556459129683295473e+00,1.603310691943632182e+00,1.000000000000000000e+00
-1.624472371613201105e+01,5.593954894062868277e+00,-4.140668865512164842e-01,1.000000000000000000e+00
-1.565287661121404028e+01,1.883034450849313979e+00,4.364625275336772248e+00,1.000000000000000000e+00
-1.590930305656969956e+01,3.686749095895017980e+00,3.310071940943595248e+00,1.000000000000000000e+00
-1.427306127989584006e+01,0.000000000000000000e+00,-2.686874162890401152e+00,1.000000000000000000e+00
-1.229651077573782914e+01,0.000000000000000000e+00,-2.070863044408584930e+00,1.000000000000000000e+00
-1.161023076041430002e+01,0.000000000000000000e+00,4.994820775024220172e-01,1.000000000000000000e+00
-1.615474253526728887e+01,1.376065259985470135e+01,1.756927323262395868e+00,1.000000000000000000e+00
-1.586406289436158978e+01,1.436667945181241990e+01,3.520512531399349054e+00,1.000000000000000000e+00
-1.612477879697302896e+01,1.615480551025099842e+01,2.013456915031745176e+00,1.000000000000000000e+00
-1.615465135248170014e+01,1.126308956411626916e+01,1.757765536060244882e+00,1.000000000000000000e+00
-1.578017284420158894e+01,1.251566353784690122e+01,3.879258306316124116e+00,1.000000000000000000e+00
-1.624536092773040963e+01,1.465680221610093881e+01,-3.882632196977074956e-01,1.000000000000000000e+00
-1.624515611504882173e+01,1.251672231780165845e+01,-3.967402143618726784e-01,1.000000000000000000e+00
-1.624765453304249974e+01,1.726982422638916148e+01,-2.760836375150723110e-01,1.000000000000000000e+00
-1.616808306376697146e+01,1.919852757923784736e+01,1.629598123198424009e+00,1.000000000000000000e+00
-1.575655498945284094e+01,1.830088279857361044e+01,3.974100510096456595e+00,1.000000000000000000e+00
-1.562499270227916881e+01,1.613614810550869194e+01,4.463418314893054628e+00,1.000000000000000000e+00
-1.512770829656293969e+01,1.375974553950860013e+01,5.934217867090894494e+00,1.000000000000000000e+00
-9.407333825894159673e+00,8.789561433980248140e+00,-1.325007812385223893e+01,1.000000000000000000e+00
-9.406887650291162473e+00,6.301259169414337613e+00,-1.325039488976837099e+01,1.000000000000000000e+00
-1.107749302605873076e+01,7.544611245598169980e+00,-1.188913992926402940e+01,1.000000000000000000e+00
-7.572144584550886570e+00,1.003384944597654993e+01,-1.437793887838783924e+01,1.000000000000000000e+00
-7.596761063746487963e+00,7.554417254096787993e+00,-1.436494766229049880e+01,1.000000000000000000e+00
-9.408050487747305013e+00,1.127732548793068013e+01,-1.324956927677264851e+01,1.000000000000000000e+00
-1.107804465949381978e+01,1.003257543513739947e+01,-1.188862593079034013e+01,1.000000000000000000e+00
-9.401354820382103128e+00,4.081806865060711331e+00,-1.325432108941376086e+01,1.000000000000000000e+00
-1.107482016539568015e+01,5.059441170593089510e+00,-1.189162975811747991e+01,1.000000000000000000e+00
-7.570871271755466481e+00,5.057951185796689231e+00,-1.437860939682652095e+01,1.000000000000000000e+00
-1.255331815417935992e+01,8.787897439499959162e+00,-1.031875493070509897e+01,1.000000000000000000e+00
-1.255282648769488141e+01,6.299935494911901301e+00,-1.031935304027465961e+01,1.000000000000000000e+00
-9.325744455962116319e+00,0.000000000000000000e+00,-5.847094335597518899e+00,1.000000000000000000e+00
-1.040188816703478025e+01,0.000000000000000000e+00,-7.681976778749468160e+00,1.000000000000000000e+00
-9.653839960705425938e+00,0.000000000000000000e+00,-1.006098710518052997e+01,1.000000000000000000e+00
-4.279947828405336274e+00,1.750095027222813115e+01,1.567624146873633073e+01,1.000000000000000000e+00
-2.160651927734272171e+00,1.625144154973871125e+01,1.610571585640260039e+01,1.000000000000000000e+00
-2.159980436631246725e+00,1.874968353811551935e+01,1.610580592560863877e+01,1.000000000000000000e+00
-6.323352342316376884e+00,1.874681686677449832e+01,1.496922560304713912e+01,1.000000000000000000e+00
-6.323118629834059590e+00,1.625196016955062106e+01,1.496932432653677125e+01,1.000000000000000000e+00
-4.279727092961057799e+00,1.999851485293477893e+01,1.567630173254442028e+01,1.000000000000000000e+00
-4.281162438911516155e+00,1.500600148162120995e+01,1.567590980363350894e+01,1.000000000000000000e+00
-2.160254032566278237e+00,2.125000000000001776e+01,1.610576923076886047e+01,1.000000000000000000e+00
-3.980102097228898626e-15,2.000000000000002132e+01,1.625000000000000000e+01,1.000000000000000000e+00
-3.980102097228898626e-15,1.750000000000001776e+01,1.625000000000000000e+01,1.000000000000000000e+00
-7.290560346467869657e+00,0.000000000000000000e+00,-1.457512442287618004e+00,1.000000000000000000e+00
-8.341163368832097191e+00,0.000000000000000000e+00,-3.680509821647991231e+00,1.000000000000000000e+00
-4.813434562088716895e+00,0.000000000000000000e+00,-1.257662718226402854e+00,1.000000000000000000e+00
-9.767738088134334973e+00,0.000000000000000000e+00,-1.655362173209951049e+00,1.000000000000000000e+00
-1.079757309481358973e+01,0.000000000000000000e+00,-3.896250966927766957e+00,1.000000000000000000e+00
2.089140252787792917e+00,2.112601877806105932e+01,1.611514793615565111e+01,1.000000000000000000e+00
1.816305600498274053e+00,2.317668022463634969e+01,1.614817432298767841e+01,1.000000000000000000e+00
-3.980102097228898626e-15,2.250000000000001066e+01,1.625000000000000000e+01,1.000000000000000000e+00
2.160254032563548865e+00,1.875000000000002132e+01,1.610576923076922995e+01,1.000000000000000000e+00
2.480550868556706590e+00,2.500000000000000000e+01,1.605955688643065926e+01,1.000000000000000000e+00
-3.980102097228898626e-15,2.500000000000000000e+01,1.625000000000000000e+01,1.000000000000000000e+00
-1.938589539409719009e+00,2.290714138849460113e+01,1.613395086758637831e+01,1.000000000000000000e+00
6.980306076620067302e+00,1.377015071830092907e+01,-1.467439358463241916e+01,1.000000000000000000e+00
4.977370769443600018e+00,1.501307345481068900e+01,-1.546894567265294995e+01,1.000000000000000000e+00
6.979564017104642915e+00,1.625791389233615192e+01,-1.467474654401696910e+01,1.000000000000000000e+00
6.981007649863288478e+00,1.128220955227451938e+01,-1.467405984015842080e+01,1.000000000000000000e+00
4.977963970328211474e+00,1.252547690705108963e+01,-1.546875478860900976e+01,1.000000000000000000e+00
8.860657580686497781e+00,1.252676243311049831e+01,-1.362171968724297955e+01,1.000000000000000000e+00
8.859926341809615025e+00,1.501474683820177169e+01,-1.362219531564968023e+01,1.000000000000000000e+00
1.057997928643199970e+01,1.572767394490995052e+01,-1.233395874399901082e+01,1.000000000000000000e+00
1.058452398681052919e+01,1.377136145485487084e+01,-1.233005887952820956e+01,1.000000000000000000e+00
8.856521628107916655e+00,1.748861192524685038e+01,-1.362440914868811959e+01,1.000000000000000000e+00
-7.572792464370119880e+00,1.252178433748076003e+01,-1.437759765369650111e+01,1.000000000000000000e+00
-5.603739688060506374e+00,1.127845355547411010e+01,-1.525321610377481996e+01,1.000000000000000000e+00
-5.573443737204478943e+00,8.845077941129826371e+00,-1.526431213347709992e+01,1.000000000000000000e+00
-5.631678699998936999e+00,6.411629436942875238e+00,-1.524292278468858086e+01,1.000000000000000000e+00
1.336303889238663878e+01,1.910511938990515901e+01,-9.246171724587529894e+00,1.000000000000000000e+00
1.212078184598792951e+01,2.074197166635130785e+01,-1.082354597356935955e+01,1.000000000000000000e+00
1.363089045845002012e+01,2.129386758352792697e+01,-8.846543127670617679e+00,1.000000000000000000e+00
1.197677499876007090e+01,1.810955287105890932e+01,-1.098268458206260867e+01,1.000000000000000000e+00
1.449048070680357014e+01,2.020106188169047101e+01,-7.354486310120760706e+00,1.000000000000000000e+00
1.328951815005324022e+01,1.681473117582488896e+01,-9.351535025834285975e+00,1.000000000000000000e+00
1.441971571753236958e+01,1.794810403667841925e+01,-7.492282604490437592e+00,1.000000000000000000e+00
1.427582407730283087e+01,2.285474895988340904e+01,-7.762947050824235973e+00,1.000000000000000000e+00
1.289343394550064126e+01,2.305782181942856823e+01,-9.890493470652097940e+00,1.000000000000000000e+00
8.251422860992722264e+00,1.968994989184669864e+00,1.399916143092459109e+01,1.000000000000000000e+00
1.037392289733781148e+01,2.657317582985891935e+00,1.250776653604033051e+01,1.000000000000000000e+00
8.933570119819195909e+00,4.521524508066963044e+00,1.357401285229514087e+01,1.000000000000000000e+00
7.210447365338083614e+00,0.000000000000000000e+00,1.456269030061715952e+01,1.000000000000000000e+00
9.348928228552571440e+00,0.000000000000000000e+00,1.329135211245916892e+01,1.000000000000000000e+00
6.094600366679499892e+00,1.685462184167153099e+00,1.506380915872443005e+01,1.000000000000000000e+00
6.297761605941669671e+00,3.653098939691731939e+00,1.498000997178329996e+01,1.000000000000000000e+00
6.882267620751864712e+00,0.000000000000000000e+00,1.222654276387286920e+01,1.000000000000000000e+00
7.428108437972750444e+00,0.000000000000000000e+00,1.007571909272300026e+01,1.000000000000000000e+00
9.152314667385830660e+00,0.000000000000000000e+00,1.109783200000626913e+01,1.000000000000000000e+00
5.454696062097544207e+00,0.000000000000000000e+00,1.366953248649917896e+01,1.000000000000000000e+00
4.247032254505366033e+00,0.000000000000000000e+00,1.205387265263932939e+01,1.000000000000000000e+00
5.434106285558130800e+00,0.000000000000000000e+00,1.026736556597690964e+01,1.000000000000000000e+00
1.076166505898135917e+01,0.000000000000000000e+00,9.251624618850467385e+00,1.000000000000000000e+00
1.126827813787391008e+01,0.000000000000000000e+00,1.170847589601279992e+01,1.000000000000000000e+00
8.849823412840271075e+00,0.000000000000000000e+00,8.492340368075472767e+00,1.000000000000000000e+00
-1.481999214760801031e+01,6.298313799346782815e+00,-6.665608205170546086e+00,1.000000000000000000e+00
-1.367060485301911932e+01,4.797198018847337764e+00,-8.785047692107891493e+00,1.000000000000000000e+00
-1.604942635542528961e+01,6.296780996883336812e+00,-2.545272806946281996e+00,1.000000000000000000e+00
-1.557173368703262106e+01,7.541666616653902366e+00,-4.645816395439394064e+00,1.000000000000000000e+00
-1.482031735746923928e+01,8.786392619483136102e+00,-6.664885102077598766e+00,1.000000000000000000e+00
-1.380235097049333959e+01,7.952850386228815793e+00,-8.576573190227056998e+00,1.000000000000000000e+00
8.856513259672230021e+00,5.629276700676215661e+00,-1.362441458857040111e+01,1.000000000000000000e+00
6.982236909982506567e+00,6.306528225916428809e+00,-1.467347497128331923e+01,1.000000000000000000e+00
8.861799076057947033e+00,7.551085028482708239e+00,-1.362097709915035892e+01,1.000000000000000000e+00
1.058673226242459009e+01,3.819932785480284032e+00,-1.232816288032156038e+01,1.000000000000000000e+00
8.379989434651223590e+00,3.560927768985385988e+00,-1.392258155210929083e+01,1.000000000000000000e+00
6.822316930518509182e+00,4.350739872411502951e+00,-1.474850811775755943e+01,1.000000000000000000e+00
1.058505413472219026e+01,6.307452362655656231e+00,-1.232960376350354004e+01,1.000000000000000000e+00
4.979474592469248506e+00,7.550168282734657232e+00,-1.546826857741205963e+01,1.000000000000000000e+00
6.981624460256348641e+00,8.794222866327636723e+00,-1.467376638412750012e+01,1.000000000000000000e+00
4.951296347558168165e+00,5.711061510119539442e+00,-1.547731128066683937e+01,1.000000000000000000e+00
8.861264763412924239e+00,1.003872348923800040e+01,-1.362132470770360015e+01,1.000000000000000000e+00
1.058563015368221016e+01,8.795640531463146061e+00,-1.232910922368091988e+01,1.000000000000000000e+00
1.217929777490166998e+01,2.500000000000000000e+01,-3.867606103794790862e+00,1.000000000000000000e+00
1.357614754789968892e+01,2.500000000000000000e+01,-4.814304236767233292e+00,1.000000000000000000e+00
1.482818376774394942e+01,2.500000000000000000e+01,-6.647365354034237228e+00,1.000000000000000000e+00
1.363968817464420979e+01,2.500000000000000000e+01,-8.832972687519811572e+00,1.000000000000000000e+00
1.138602587687746848e+01,2.500000000000000000e+01,-2.107033037613345261e+00,1.000000000000000000e+00
1.370761364471239041e+01,2.500000000000000000e+01,-2.462328129861921067e+00,1.000000000000000000e+00
1.566911930111355034e+01,2.500000000000000000e+01,-4.305949410695712132e+00,1.000000000000000000e+00
-1.177934940431159916e+01,2.500000000000000000e+01,7.712075596743502182e+00,1.000000000000000000e+00
-1.103529263158474016e+01,2.500000000000000000e+01,9.846814927992051381e+00,1.000000000000000000e+00
-9.223155786118224952e+00,2.500000000000000000e+01,1.089479131119643007e+01,1.000000000000000000e+00
1.217929777490166998e+01,0.000000000000000000e+00,-3.867606103794790862e+00,1.000000000000000000e+00
1.357614754789968892e+01,0.000000000000000000e+00,-4.814304236767233292e+00,1.000000000000000000e+00
1.370761364471239041e+01,0.000000000000000000e+00,-2.462328129861921067e+00,1.000000000000000000e+00
1.138602587687746848e+01,0.000000000000000000e+00,-2.107033037613345261e+00,1.000000000000000000e+00
1.041446018430738008e+01,0.000000000000000000e+00,-4.339656853549267446e+00,1.000000000000000000e+00
1.209356726813897076e+01,0.000000000000000000e+00,-6.234734258162723641e+00,1.000000000000000000e+00
1.566911930111355034e+01,0.000000000000000000e+00,-4.305949410695712132e+00,1.000000000000000000e+00
1.614278395859473036e+01,0.000000000000000000e+00,-1.863605662723966994e+00,1.000000000000000000e+00
1.456890970479043013e+01,0.000000000000000000e+00,-4.625421506261981897e-01,1.000000000000000000e+00
1.258256154896656831e+01,0.000000000000000000e+00,-1.910508740880199896e-01,1.000000000000000000e+00
-1.862739659213991095e+00,0.000000000000000000e+00,-9.761415779870306508e+00,1.000000000000000000e+00
-4.280432503207254769e+00,2.249543521139115754e+01,1.567610913414061891e+01,1.000000000000000000e+00
-6.323697970694927228e+00,2.124254795181944999e+01,1.496907959680317113e+01,1.000000000000000000e+00
9.332144895240819693e+00,1.777438353290158091e+00,-1.330314142051532933e+01,1.000000000000000000e+00
1.033893968780662043e+01,0.000000000000000000e+00,-1.253669917210654994e+01,1.000000000000000000e+00
8.304053541015573359e+00,0.000000000000000000e+00,-1.396800611354199972e+01,1.000000000000000000e+00
7.210447365338124470e+00,2.154014262061968221e+00,-1.456269030061713998e+01,1.000000000000000000e+00
8.081948442514990560e+00,0.000000000000000000e+00,-1.149008954589420028e+01,1.000000000000000000e+00
8.460439870477888036e+00,0.000000000000000000e+00,-8.871709177969927751e+00,1.000000000000000000e+00
5.791657430631695469e+00,0.000000000000000000e+00,-9.212446015567042679e+00,1.000000000000000000e+00
6.514803658118309748e+00,0.000000000000000000e+00,-1.314868051683049011e+01,1.000000000000000000e+00
5.711865259642623371e+00,0.000000000000000000e+00,-1.158008177616479983e+01,1.000000000000000000e+00
9.991007814950842558e+00,0.000000000000000000e+00,-1.046983351689330988e+01,1.000000000000000000e+00
-6.946282749024242698e+00,2.500000000000000000e+01,-5.731300645637801949e+00,1.000000000000000000e+00
-8.045873396107579012e+00,2.500000000000000000e+01,-7.948609830182220115e+00,1.000000000000000000e+00
-9.325744455962116319e+00,2.500000000000000000e+01,-5.847094335597518899e+00,1.000000000000000000e+00
-5.515100672967910178e+00,2.500000000000000000e+01,-7.708766624717310556e+00,1.000000000000000000e+00
-4.460289025300717469e+00,2.500000000000000000e+01,-5.531801402884621410e+00,1.000000000000000000e+00
-5.877482486942025020e+00,2.500000000000000000e+01,-3.502823334388029952e+00,1.000000000000000000e+00
-8.341163368832097191e+00,2.500000000000000000e+01,-3.680509821647991231e+00,1.000000000000000000e+00
-1.040188816703478025e+01,2.500000000000000000e+01,-7.681976778749468160e+00,1.000000000000000000e+00
-6.449198795477409263e+00,2.500000000000000000e+01,-1.017915999369748015e+01,1.000000000000000000e+00
-9.653839960705425938e+00,2.500000000000000000e+01,-1.006098710518052997e+01,1.000000000000000000e+00
-1.079757309481358973e+01,2.500000000000000000e+01,-3.896250966927766957e+00,1.000000000000000000e+00
-1.124894238711745054e+01,2.500000000000000000e+01,-5.675436604110374539e+00,1.000000000000000000e+00
-8.304053541015552042e+00,2.284598573793802956e+01,1.396800611354201038e+01,1.000000000000000000e+00
-8.259140131116835093e+00,1.982841436951562031e+01,1.399460983002296999e+01,1.000000000000000000e+00
-6.096771965707747043e+00,2.331156904431238175e+01,1.506293037885258990e+01,1.000000000000000000e+00
-7.210447365338100489e+00,2.500000000000000000e+01,1.456269030061715064e+01,1.000000000000000000e+00
-1.029804323866386007e+01,2.309199470828195189e+01,1.257031445329072028e+01,1.000000000000000000e+00
-1.007460753150983024e+01,2.092814941441536902e+01,1.275008953247173871e+01,1.000000000000000000e+00
-9.348928228552594533e+00,2.500000000000000000e+01,1.329135211245916004e+01,1.000000000000000000e+00
-7.178676629199242321e+00,2.500000000000000000e+01,1.207504245348753003e+01,1.000000000000000000e+00
-5.377339268686307960e+00,2.500000000000000000e+01,1.334207484841292057e+01,1.000000000000000000e+00
-5.451322887599794775e+00,2.500000000000000000e+01,1.122476330653250010e+01,1.000000000000000000e+00
-4.176652520407394320e+00,0.000000000000000000e+00,-1.119892373820607112e+01,1.000000000000000000e+00
-2.329012267912454082e+00,0.000000000000000000e+00,-1.190487143350072863e+01,1.000000000000000000e+00
-3.131253618001474948e-01,0.000000000000000000e+00,-1.208209575595452101e+01,1.000000000000000000e+00
-1.796162389135667947e+00,1.756774111170131158e+00,-1.615042725973075832e+01,1.000000000000000000e+00
-3.702619519675957260e+00,0.000000000000000000e+00,-1.582255063801392048e+01,1.000000000000000000e+00
-3.436835299712887704e+00,3.169599831551010993e+00,-1.588240105030241978e+01,1.000000000000000000e+00
-1.243925358593026109e+00,0.000000000000000000e+00,-1.620231926923579024e+01,1.000000000000000000e+00
-1.276935556672381900e+00,4.032809400976587355e+00,-1.619975109636273913e+01,1.000000000000000000e+00
1.336988752693510085e-01,2.363359345343782003e+00,-1.624944997871471841e+01,1.000000000000000000e+00
-2.144383156935908641e+00,0.000000000000000000e+00,-1.388314334999055966e+01,1.000000000000000000e+00
-4.167298458596777166e+00,0.000000000000000000e+00,-1.349079693076891928e+01,1.000000000000000000e+00
-2.228866507277982023e-01,0.000000000000000000e+00,-1.447931217958828931e+01,1.000000000000000000e+00
-5.043013041275468566e+00,1.818693426751678999e+00,-1.544767035722621884e+01,1.000000000000000000e+00
-5.431029768250153822e+00,3.902762375199063882e+00,-1.531556122564174061e+01,1.000000000000000000e+00
-3.468949170050088959e+00,5.339399524280233678e+00,-1.587541784192178795e+01,1.000000000000000000e+00
-1.367684247977117096e+01,2.500000000000000000e+01,3.955243861939844674e+00,1.000000000000000000e+00
-1.143708818644521941e+01,2.500000000000000000e+01,4.900231407510478476e+00,1.000000000000000000e+00
-1.214592608609081914e+01,2.500000000000000000e+01,2.736967563788125890e+00,1.000000000000000000e+00
-1.396695933673414025e+01,2.500000000000000000e+01,1.667730739528829886e+00,1.000000000000000000e+00
-1.595276019994890149e+01,2.500000000000000000e+01,3.093855523925836959e+00,1.000000000000000000e+00
-1.529352577966787941e+01,2.500000000000000000e+01,5.492774274138152002e+00,1.000000000000000000e+00
-1.329252598549973996e+01,2.500000000000000000e+01,5.964654438231248967e+00,1.000000000000000000e+00
-1.003850966708928993e+01,2.500000000000000000e+01,2.662149732459055063e+00,1.000000000000000000e+00
-1.161023076041430002e+01,2.500000000000000000e+01,4.994820775024220172e-01,1.000000000000000000e+00
3.572004599973606975e+00,1.254149384073954998e+01,1.585254815913730120e+01,1.000000000000000000e+00
2.160254032563791782e+00,1.375000000000001954e+01,1.610576923076920153e+01,1.000000000000000000e+00
2.159858646103002933e+00,1.124931057323592043e+01,1.610582225870054884e+01,1.000000000000000000e+00
3.528538137951794162e+00,9.997133302541563182e+00,1.586227974185992018e+01,1.000000000000000000e+00
4.924157437115849412e+00,1.129348268554219992e+01,1.548596698738883148e+01,1.000000000000000000e+00
4.928343377145822046e+00,1.378845764553667941e+01,1.548463533819711913e+01,1.000000000000000000e+00
3.570429950723025048e+00,1.503610174577833014e+01,1.585290288770420020e+01,1.000000000000000000e+00
-3.980102097228898626e-15,1.500000000000001954e+01,1.625000000000000000e+01,1.000000000000000000e+00
-3.980102097228898626e-15,1.250000000000001954e+01,1.625000000000000000e+01,1.000000000000000000e+00
2.159711645658604962e+00,1.625094574794826841e+01,1.610584197139679929e+01,1.000000000000000000e+00
-3.980102097228898626e-15,1.000000000000001954e+01,1.625000000000000000e+01,1.000000000000000000e+00
2.160254032565406934e+00,8.750000000000014211e+00,1.610576923076897771e+01,1.000000000000000000e+00
2.889474942907818367e+00,6.305959013863710716e+00,-1.599104232232244982e+01,1.000000000000000000e+00
2.889795350696410026e+00,3.818098822402513193e+00,-1.599098442345228044e+01,1.000000000000000000e+00
7.486898523324824195e-01,5.061747563314837883e+00,-1.623274356062506030e+01,1.000000000000000000e+00
7.488661218902280536e-01,7.548737930826350251e+00,-1.623273542972610173e+01,1.000000000000000000e+00
2.888943052850446058e+00,8.793478948863446831e+00,-1.599113842218205939e+01,1.000000000000000000e+00
4.902959727171907645e+00,2.154014262061969109e+00,-1.549269137089260973e+01,1.000000000000000000e+00
2.480550868556740340e+00,1.727910545394530928e+00,-1.605955688643065926e+01,1.000000000000000000e+00
-1.309609332508899016e+01,2.500000000000000000e+01,-4.572445615745533765e+00,1.000000000000000000e+00
-1.260242214167432095e+01,2.500000000000000000e+01,-6.923007395139477715e+00,1.000000000000000000e+00
-1.482818376774392988e+01,2.500000000000000000e+01,-6.647365354034289631e+00,1.000000000000000000e+00
-1.566911930111353968e+01,2.500000000000000000e+01,-4.305949410695777857e+00,1.000000000000000000e+00
-1.427306127989584006e+01,2.500000000000000000e+01,-2.686874162890401152e+00,1.000000000000000000e+00
-1.229651077573782914e+01,2.500000000000000000e+01,-2.070863044408584930e+00,1.000000000000000000e+00
-9.767738088134334973e+00,2.500000000000000000e+01,-1.655362173209951049e+00,1.000000000000000000e+00
5.455211352095292732e+00,0.000000000000000000e+00,-4.743948304370768199e+00,1.000000000000000000e+00
4.040335539068925286e+00,0.000000000000000000e+00,-2.697590107980369911e+00,1.000000000000000000e+00
3.195446022750365156e+00,2.500000000000000000e+01,-9.179245802022009570e+00,1.000000000000000000e+00
4.029361217992880384e+00,2.500000000000000000e+01,-1.091530263471577911e+01,1.000000000000000000e+00
2.260968004017259947e+00,2.500000000000000000e+01,-1.148942523396518034e+01,1.000000000000000000e+00
8.254636332044991143e-01,2.500000000000000000e+01,-9.433312838822660140e+00,1.000000000000000000e+00
1.911650152175951911e+00,2.500000000000000000e+01,-7.194972973362590452e+00,1.000000000000000000e+00
8.081948442514990560e+00,2.500000000000000000e+01,-1.149008954589420028e+01,1.000000000000000000e+00
5.711865259642623371e+00,2.500000000000000000e+01,-1.158008177616479983e+01,1.000000000000000000e+00
4.198454147823380112e+00,2.500000000000000000e+01,-1.309450252623969035e+01,1.000000000000000000e+00
6.822030203327653197e+00,0.000000000000000000e+00,8.294514765683466351e+00,1.000000000000000000e+00
-1.301150644295000047e+00,6.305387925003243410e+00,-1.619782414402781967e+01,1.000000000000000000e+00
7.475163432073731462e-01,1.003667289699900955e+01,-1.623279764293997829e+01,1.000000000000000000e+00
-1.405990065762869001e+00,8.791291180599385413e+00,-1.618906087254526938e+01,1.000000000000000000e+00
-3.612332728194261211e+00,7.685907223248319653e+00,-1.584340721754056958e+01,1.000000000000000000e+00
4.959635584123346930e-01,2.500000000000000000e+01,-5.148246007259102974e+00,1.000000000000000000e+00
2.975587252376966862e+00,2.500000000000000000e+01,-4.946094972793185995e+00,1.000000000000000000e+00
-1.982606487458236977e+00,2.500000000000000000e+01,-5.325717103871252966e+00,1.000000000000000000e+00
-9.188653127615837857e-01,2.500000000000000000e+01,-3.100234849878668264e+00,1.000000000000000000e+00
-6.104682255811078040e-01,2.500000000000000000e+01,-7.389893314273803249e+00,1.000000000000000000e+00
1.560723430826784996e+00,2.500000000000000000e+01,-2.899390146329867690e+00,1.000000000000000000e+00
4.040335539068925286e+00,2.500000000000000000e+01,-2.697590107980369911e+00,1.000000000000000000e+00
-3.716496052166859076e+00,1.469338538034354968e+01,-1.581929698482925950e+01,1.000000000000000000e+00
-1.407832426973075979e+00,1.376761411287754022e+01,-1.618890076124883137e+01,1.000000000000000000e+00
-3.536860294492288670e+00,1.252304174532039127e+01,-1.586042620036561068e+01,1.000000000000000000e+00
-3.384789303330530075e+00,1.712904198010224022e+01,-1.589357421639510015e+01,1.000000000000000000e+00
-1.005444382190425090e+00,1.626212236892984819e+01,-1.621886499093945844e+01,1.000000000000000000e+00
-5.604422733307701243e+00,1.376637232225066931e+01,-1.525296514866483122e+01,1.000000000000000000e+00
-5.596800378453083091e+00,1.580416154547797980e+01,-1.525576368208905897e+01,1.000000000000000000e+00
-1.143708818644521941e+01,0.000000000000000000e+00,4.900231407510478476e+00,1.000000000000000000e+00
-9.912026325328552545e+00,0.000000000000000000e+00,6.651285197365504942e+00,1.000000000000000000e+00
-1.177934940431159916e+01,0.000000000000000000e+00,7.712075596743502182e+00,1.000000000000000000e+00
-1.329252598549973996e+01,0.000000000000000000e+00,5.964654438231248967e+00,1.000000000000000000e+00
-8.976518700922804683e+00,0.000000000000000000e+00,4.842731445319833128e+00,1.000000000000000000e+00
-1.214592608609081914e+01,0.000000000000000000e+00,2.736967563788125890e+00,1.000000000000000000e+00
-1.003850966708928993e+01,0.000000000000000000e+00,2.662149732459055063e+00,1.000000000000000000e+00
-1.367684247977117096e+01,0.000000000000000000e+00,3.955243861939844674e+00,1.000000000000000000e+00
-7.898186144545588760e+00,0.000000000000000000e+00,7.084784183277163194e+00,1.000000000000000000e+00
-9.468989190417554269e+00,0.000000000000000000e+00,8.716603353976548618e+00,1.000000000000000000e+00
-1.427582407730282021e+01,0.000000000000000000e+00,7.762947050824260842e+00,1.000000000000000000e+00
-1.103529263158474016e+01,0.000000000000000000e+00,9.846814927992051381e+00,1.000000000000000000e+00
-1.292350915819318935e+01,0.000000000000000000e+00,9.851162928207861214e+00,1.000000000000000000e+00
-2.333699973372616032e+00,0.000000000000000000e+00,-1.054754661775155089e+00,1.000000000000000000e+00
1.458566519834181008e-01,0.000000000000000000e+00,-8.529981600230468475e-01,1.000000000000000000e+00
-1.269022255609179917e+00,0.000000000000000000e+00,1.193138577932022049e+00,1.000000000000000000e+00
-3.748630641480411807e+00,0.000000000000000000e+00,9.909818029206927115e-01,1.000000000000000000e+00
1.566581142754407097e+01,1.972349925697689077e+00,4.317968540486329942e+00,1.000000000000000000e+00
1.482818376774392100e+01,1.775684772570282899e+00,6.647365354034307394e+00,1.000000000000000000e+00
1.529352577966785987e+01,0.000000000000000000e+00,5.492774274138206181e+00,1.000000000000000000e+00
1.595276019994888017e+01,0.000000000000000000e+00,3.093855523925904016e+00,1.000000000000000000e+00
1.603587478802364785e+01,1.709271423989646044e+00,2.629300245850132889e+00,1.000000000000000000e+00
1.595139765806648846e+01,4.050248168287771122e+00,3.100872901979526031e+00,1.000000000000000000e+00
1.526290960677233066e+01,3.636538908357694222e+00,5.577283418968142392e+00,1.000000000000000000e+00
1.295714338297386981e+01,0.000000000000000000e+00,6.012636923101529085e+00,1.000000000000000000e+00
1.358174000603555065e+01,0.000000000000000000e+00,3.801722834813474172e+00,1.000000000000000000e+00
1.427582407730280067e+01,0.000000000000000000e+00,7.762947050824302586e+00,1.000000000000000000e+00
1.150464394893685949e+01,0.000000000000000000e+00,2.329488244838578748e+00,1.000000000000000000e+00
1.417351392960282830e+01,0.000000000000000000e+00,1.581854491079800917e+00,1.000000000000000000e+00
1.169872010037512133e+01,0.000000000000000000e+00,4.485890680379353235e+00,1.000000000000000000e+00
1.775614253866198977e+00,2.500000000000000000e+01,-1.387439188150150038e+01,1.000000000000000000e+00
-3.131253618001474948e-01,2.500000000000000000e+01,-1.208209575595452101e+01,1.000000000000000000e+00
3.702619519676016768e+00,2.500000000000000000e+01,-1.582255063801389916e+01,1.000000000000000000e+00
1.243925358593080954e+00,2.500000000000000000e+01,-1.620231926923577959e+01,1.000000000000000000e+00
-2.228866507277982023e-01,2.500000000000000000e+01,-1.447931217958828931e+01,1.000000000000000000e+00
-2.144383156935908641e+00,2.500000000000000000e+01,-1.388314334999055966e+01,1.000000000000000000e+00
-2.329012267912454082e+00,2.500000000000000000e+01,-1.190487143350072863e+01,1.000000000000000000e+00
-1.862739659213991095e+00,2.500000000000000000e+01,-9.761415779870306508e+00,1.000000000000000000e+00
1.452168666457279045e+01,1.626870997571161226e+01,7.292675532064266442e+00,1.000000000000000000e+00
1.452220818800118884e+01,1.875821143021233794e+01,7.291636945456841268e+00,1.000000000000000000e+00
1.342967860405978087e+01,2.000390063690633013e+01,9.149111027398179274e+00,1.000000000000000000e+00
1.210533083106249030e+01,2.097676491366699025e+01,1.084082402174889026e+01,1.000000000000000000e+00
1.055944936149004043e+01,2.000235374789816234e+01,1.235153954704138890e+01,1.000000000000000000e+00
-1.380837020131115089e+01,1.003121179883649994e+01,-8.566878800563388907e+00,1.000000000000000000e+00
-1.255380342982764930e+01,1.127592259974944966e+01,-1.031816453858181859e+01,1.000000000000000000e+00
-3.050540550607206303e+00,2.500000000000000000e+01,-7.475695182456904675e+00,1.000000000000000000e+00
-3.397987196289392386e+00,2.500000000000000000e+01,-3.299284613714831060e+00,1.000000000000000000e+00
8.205638337877196875e+00,0.000000000000000000e+00,6.230743062538468990e+00,1.000000000000000000e+00
1.065335360123567021e+01,0.000000000000000000e+00,6.606139294919161742e+00,1.000000000000000000e+00
9.675992034375530793e+00,0.000000000000000000e+00,4.263848283487932989e+00,1.000000000000000000e+00
7.218724261390104147e+00,0.000000000000000000e+00,4.036811246978738055e+00,1.000000000000000000e+00
8.649275559952661396e+00,0.000000000000000000e+00,2.001651214743811025e+00,1.000000000000000000e+00
-4.147215733570149609e+00,2.500000000000000000e+01,-9.222981662009106074e+00,1.000000000000000000e+00
-1.240472933459428084e+01,4.334908010347405138e+00,-1.049691336229160932e+01,1.000000000000000000e+00
-1.292350915819315915e+01,2.154014262061969998e+00,-9.851162928207889635e+00,1.000000000000000000e+00
4.978620022425938707e+00,1.003780002448276143e+01,-1.546854365065760106e+01,1.000000000000000000e+00
2.888054036039748862e+00,1.128114573698055878e+01,-1.599129900555031014e+01,1.000000000000000000e+00
2.887369104426636746e+00,1.376895314150561056e+01,-1.599142269014244100e+01,1.000000000000000000e+00
-1.124894238711745054e+01,0.000000000000000000e+00,-5.675436604110374539e+00,1.000000000000000000e+00
-1.309609332508899016e+01,0.000000000000000000e+00,-4.572445615745533765e+00,1.000000000000000000e+00
-1.260242214167432095e+01,0.000000000000000000e+00,-6.923007395139477715e+00,1.000000000000000000e+00
-1.010175724606193981e+01,1.886014110253817933e+01,1.272858988818617121e+01,1.000000000000000000e+00
-8.255010819712794046e+00,1.744773269913147828e+01,1.399704598715116965e+01,1.000000000000000000e+00
-2.683913760682049787e+00,0.000000000000000000e+00,3.239323211357619137e+00,1.000000000000000000e+00
1.210588308612939867e+00,0.000000000000000000e+00,1.395184294842487072e+00,1.000000000000000000e+00
-2.042910755716610960e-01,0.000000000000000000e+00,3.441477143537730043e+00,1.000000000000000000e+00
5.146758016360253318e-01,0.000000000000000000e+00,9.915207974974963534e+00,1.000000000000000000e+00
-1.947490776547059932e+00,0.000000000000000000e+00,9.704123299674762393e+00,1.000000000000000000e+00
-5.544245350595943256e-01,0.000000000000000000e+00,7.736263160656235982e+00,1.000000000000000000e+00
1.925200016861184027e+00,0.000000000000000000e+00,7.938410323669410573e+00,1.000000000000000000e+00
2.987406636271753069e+00,0.000000000000000000e+00,1.012113744647676050e+01,1.000000000000000000e+00
1.658637601189380195e+00,0.000000000000000000e+00,1.193187449676108081e+01,1.000000000000000000e+00
-9.206579793079839868e-01,0.000000000000000000e+00,1.215517216553282864e+01,1.000000000000000000e+00
-3.356270928930618958e+00,0.000000000000000000e+00,1.148663062403706014e+01,1.000000000000000000e+00
-4.364408799373213022e+00,0.000000000000000000e+00,9.529857826802823340e+00,1.000000000000000000e+00
-3.019962782244785870e+00,0.000000000000000000e+00,7.525682801210654027e+00,1.000000000000000000e+00
4.931974718485376386e+00,1.628399423436743021e+01,1.548347911085300055e+01,1.000000000000000000e+00
3.569487545755859692e+00,1.753240795348914816e+01,1.585311510904698018e+01,1.000000000000000000e+00
-1.003287113565401967e+01,9.016878850922648070e+00,1.278295727816379035e+01,1.000000000000000000e+00
-1.164037664483893941e+01,1.001089330719832837e+01,1.133861241802929953e+01,1.000000000000000000e+00
-1.164062917238697992e+01,7.518887834655286539e+00,1.133835316397285986e+01,1.000000000000000000e+00
-1.002939014855168942e+01,6.724467087382477892e+00,1.278568861063549988e+01,1.000000000000000000e+00
-8.252272053529507545e+00,7.507665609457570000e+00,1.399866086290171019e+01,1.000000000000000000e+00
-8.252644475781604427e+00,1.000995115011456882e+01,1.399844131167292893e+01,1.000000000000000000e+00
-1.003603957760397947e+01,1.125758143659258081e+01,1.278046985039152084e+01,1.000000000000000000e+00
-1.164107815112776123e+01,1.251328798057882885e+01,1.133789219737671949e+01,1.000000000000000000e+00
-1.303991059624372895e+01,1.126317056264672090e+01,9.696557721272558439e+00,1.000000000000000000e+00
-1.303958734598413116e+01,8.763347961646545059e+00,9.696992412415850637e+00,1.000000000000000000e+00
1.622993100744395178e+01,1.773468355042240097e+00,-8.073657743609561344e-01,1.000000000000000000e+00
1.621539266307242855e+01,3.823739231831471130e+00,-1.059972066790775935e+00,1.000000000000000000e+00
1.621408009928518013e+01,3.294707666376258004e+00,1.079864127547704999e+00,1.000000000000000000e+00
1.623807544207565812e+01,0.000000000000000000e+00,6.224194224631165451e-01,1.000000000000000000e+00
1.595276019994890149e+01,2.154014262061966001e+00,-3.093855523925820972e+00,1.000000000000000000e+00
6.074527417412521224e+00,0.000000000000000000e+00,-1.507191483040903002e+01,1.000000000000000000e+00
3.702619519676016768e+00,0.000000000000000000e+00,-1.582255063801389916e+01,1.000000000000000000e+00
-1.003542524003857928e+01,1.625118857717419019e+01,1.278095224353791082e+01,1.000000000000000000e+00
-1.003603321911309010e+01,1.375870676501623002e+01,1.278047484348131135e+01,1.000000000000000000e+00
-8.253302407281857711e+00,1.500433789234149984e+01,1.399805341374134038e+01,1.000000000000000000e+00
-1.153196755283835095e+01,1.749224871603707854e+01,1.144885253465532138e+01,1.000000000000000000e+00
-1.164048607758074105e+01,1.500561534753252069e+01,1.133850007177531971e+01,1.000000000000000000e+00
-6.323797097050726457e+00,1.375653504806493999e+01,1.496903772041920000e+01,1.000000000000000000e+00
-8.253685760567831764e+00,1.251107681301425067e+01,1.399782738019724881e+01,1.000000000000000000e+00
2.625462895880652070e+00,0.000000000000000000e+00,-6.511767800448375887e-01,1.000000000000000000e+00
3.690207437344816377e+00,0.000000000000000000e+00,1.597260175271515870e+00,1.000000000000000000e+00
5.105082967447357234e+00,0.000000000000000000e+00,-4.491015021794740880e-01,1.000000000000000000e+00
-4.280045728116740555e+00,7.499999763979567469e+00,1.567621473970134005e+01,1.000000000000000000e+00
-6.322298605932687998e+00,8.746780430912659554e+00,1.496967068233038134e+01,1.000000000000000000e+00
-6.322603504349630477e+00,6.251893009836711812e+00,1.496954190771332982e+01,1.000000000000000000e+00
-4.276719510442553940e+00,9.991974976836511146e+00,1.567712251113067090e+01,1.000000000000000000e+00
-4.280593775068329165e+00,5.002805151181171084e+00,1.567606509723808905e+01,1.000000000000000000e+00
-2.159741599159617831e+00,6.250032425748459630e+00,1.610583795475601931e+01,1.000000000000000000e+00
-2.159760273946152775e+00,8.749139044025582734e+00,1.610583545051557053e+01,1.000000000000000000e+00
-6.319388029060736045e+00,1.124013355767191946e+01,1.497089960350291982e+01,1.000000000000000000e+00
-1.291861859360876963e+01,1.853522881203276285e+01,9.857575443934774029e+00,1.000000000000000000e+00
-1.276277799129785961e+01,1.635952912938936166e+01,1.005852861729004921e+01,1.000000000000000000e+00
-1.421457574918369993e+01,1.931256612992518029e+01,7.874537209939309612e+00,1.000000000000000000e+00
-1.403289319366311005e+01,1.703916767453559089e+01,8.193925104322314468e+00,1.000000000000000000e+00
-1.321771177602875014e+01,2.084710521313938969e+01,9.452755968807769804e+00,1.000000000000000000e+00
-1.167636967396119019e+01,1.979523765394904089e+01,1.130154375459385996e+01,1.000000000000000000e+00
-1.303987420235475980e+01,1.375900792038370035e+01,9.696606663506710078e+00,1.000000000000000000e+00
-1.428194199370715012e+01,1.474146286988318977e+01,7.751685809447140585e+00,1.000000000000000000e+00
-1.107912627823533924e+01,1.500858245682079151e+01,-1.188761796622499034e+01,1.000000000000000000e+00
-9.409240311934714995e+00,1.625310466551882271e+01,-1.324872434433831003e+01,1.000000000000000000e+00
-9.408665596940128495e+00,1.376520375837246846e+01,-1.324913248801427024e+01,1.000000000000000000e+00
-1.255427907416650868e+01,1.376393453737690997e+01,-1.031758580909045975e+01,1.000000000000000000e+00
-1.255473989699851955e+01,1.625197602474941760e+01,-1.031702506145611942e+01,1.000000000000000000e+00
-1.107859150931444070e+01,1.252053804840805995e+01,-1.188811634237089976e+01,1.000000000000000000e+00
-1.083052177045822084e+01,1.672687377011790133e+01,-1.211454902914799092e+01,1.000000000000000000e+00
-7.573441001332270162e+00,1.500971179241768994e+01,-1.437725604555122949e+01,1.000000000000000000e+00
-7.517679655960918694e+00,1.768854134085134788e+01,-1.440649133517080038e+01,1.000000000000000000e+00
-9.480477623602437731e+00,1.817981583191658856e+01,-1.319784240049765067e+01,1.000000000000000000e+00
-1.107637573346668880e+01,2.568734355875866182e+00,-1.189018084854347990e+01,1.000000000000000000e+00
-7.283323645599470098e+00,2.520128679197839006e+00,-1.452637933806808945e+01,1.000000000000000000e+00
-9.348928228552560782e+00,1.703368650368421111e+00,-1.329135211245917958e+01,1.000000000000000000e+00
-1.604973760402917904e+01,1.127317664418214882e+01,-2.543309427067763195e+00,1.000000000000000000e+00
-1.557216338472479045e+01,1.251791487264167912e+01,-4.644375902038560433e+00,1.000000000000000000e+00
-1.557197895698862844e+01,1.002974686991379905e+01,-4.644994226379987268e+00,1.000000000000000000e+00
-1.624513699668716171e+01,1.002821297695040847e+01,-3.975222746790088024e-01,1.000000000000000000e+00
-1.604985343935051034e+01,1.376156251103085992e+01,-2.542578332199128432e+00,1.000000000000000000e+00
-1.604958208968792022e+01,8.784644022753965942e+00,-2.544290617513794039e+00,1.000000000000000000e+00
-1.557234404785413950e+01,1.500582654493127066e+01,-4.643770112232290970e+00,1.000000000000000000e+00
-1.606872252755498920e+01,1.603730784323306935e+01,-2.420466139496042057e+00,1.000000000000000000e+00
-5.163524109575047483e+00,2.500000000000000000e+01,3.037151391395430888e+00,1.000000000000000000e+00
-7.643149830206303008e+00,2.500000000000000000e+01,2.835018936394105182e+00,1.000000000000000000e+00
-4.098795975151365845e+00,2.500000000000000000e+01,5.285630863104339383e+00,1.000000000000000000e+00
-1.176105865896125025e+01,2.500000000000000000e+01,-8.948428769724452891e+00,1.000000000000000000e+00
-8.195861894390599645e+00,0.000000000000000000e+00,-1.186679731901218027e+01,1.000000000000000000e+00
-6.233277486948077595e+00,0.000000000000000000e+00,-1.258913421053425985e+01,1.000000000000000000e+00
1.231429905573737038e+01,0.000000000000000000e+00,7.896902163180669731e+00,1.000000000000000000e+00
1.452005976302539914e+01,3.823291373068402166e+00,7.295914231826651886e+00,1.000000000000000000e+00
1.367472238023635001e+01,1.636477639255988104e+00,8.778637013993863647e+00,1.000000000000000000e+00
1.307029749046258971e+01,3.597400981937410869e+00,9.655559202387363982e+00,1.000000000000000000e+00
1.213148985119437917e+01,2.154014262061962892e+00,1.081154262769045005e+01,1.000000000000000000e+00
1.292350915819315915e+01,0.000000000000000000e+00,9.851162928207889635e+00,1.000000000000000000e+00
1.231429905573737038e+01,2.500000000000000000e+01,7.896902163180669731e+00,1.000000000000000000e+00
1.295714338297386981e+01,2.500000000000000000e+01,6.012636923101529085e+00,1.000000000000000000e+00
1.065335360123567021e+01,2.500000000000000000e+01,6.606139294919161742e+00,1.000000000000000000e+00
1.427582407730280067e+01,2.500000000000000000e+01,7.762947050824302586e+00,1.000000000000000000e+00
1.292350915819315915e+01,2.500000000000000000e+01,9.851162928207889635e+00,1.000000000000000000e+00
1.076166505898135917e+01,2.500000000000000000e+01,9.251624618850467385e+00,1.000000000000000000e+00
1.359836094208810131e+01,2.246121023954146878e+01,8.896464448796100655e+00,1.000000000000000000e+00
1.213148985119437917e+01,2.333212817849742748e+01,1.081154262769046071e+01,1.000000000000000000e+00
1.444837137023043994e+01,2.061693988985031822e+01,7.436871973343727404e+00,1.000000000000000000e+00
1.482818376774132041e+01,2.284598573794228926e+01,6.647365354040106311e+00,1.000000000000000000e+00
1.126827813787391008e+01,2.500000000000000000e+01,1.170847589601279992e+01,1.000000000000000000e+00
1.055932028126886024e+01,2.249622025167553829e+01,1.235164989779033995e+01,1.000000000000000000e+00
-1.826523280892814904e+00,1.832701424580135185e+00,1.614702179054566145e+01,1.000000000000000000e+00
-3.980102097228898626e-15,0.000000000000000000e+00,1.625000000000000000e+01,1.000000000000000000e+00
-3.980102097228898626e-15,2.500000000000003109e+00,1.625000000000000000e+01,1.000000000000000000e+00
-3.838117755898760031e+00,2.407314312186486838e+00,1.579022964025078934e+01,1.000000000000000000e+00
-2.480550868556719912e+00,0.000000000000000000e+00,1.605955688643065926e+01,1.000000000000000000e+00
-2.159760273946109699e+00,3.750860955974437250e+00,1.610583545051557763e+01,1.000000000000000000e+00
-3.980102097228898626e-15,5.000000000000006217e+00,1.625000000000000000e+01,1.000000000000000000e+00
7.188193308848481955e+00,5.544166189509918574e+00,1.457368782959981957e+01,1.000000000000000000e+00
5.709645193296647214e+00,5.898542567022821537e+00,1.521389009315713103e+01,1.000000000000000000e+00
8.830932469438860011e+00,6.752385959956968442e+00,1.364100918994670941e+01,1.000000000000000000e+00
6.933527311967360163e+00,7.552915097323273486e+00,1.469655398432580107e+01,1.000000000000000000e+00
1.054434842771352976e+01,5.655308369082976405e+00,1.236443351856343931e+01,1.000000000000000000e+00
-8.304053541015516515e+00,0.000000000000000000e+00,-1.396800611354204058e+01,1.000000000000000000e+00
-1.033893968780657957e+01,0.000000000000000000e+00,-1.253669917210658902e+01,1.000000000000000000e+00
-3.153885265920189696e+00,0.000000000000000000e+00,1.370798597494944993e+01,1.000000000000000000e+00
-5.377339268686307960e+00,0.000000000000000000e+00,1.334207484841292057e+01,1.000000000000000000e+00
-5.451322887599794775e+00,0.000000000000000000e+00,1.122476330653250010e+01,1.000000000000000000e+00
9.957949509518976283e-01,0.000000000000000000e+00,1.404778384201599017e+01,1.000000000000000000e+00
-1.111859832566598927e+00,0.000000000000000000e+00,1.444409977378579057e+01,1.000000000000000000e+00
-4.902959727171875670e+00,0.000000000000000000e+00,1.549269137089262038e+01,1.000000000000000000e+00
8.985178348405503002e+00,2.064506841531651915e+01,1.353990657454270874e+01,1.000000000000000000e+00
8.825126407862878608e+00,1.877642002981098912e+01,1.364476617187855112e+01,1.000000000000000000e+00
9.348928228552571440e+00,2.500000000000000000e+01,1.329135211245916892e+01,1.000000000000000000e+00
8.304053541015527173e+00,2.284598573793797982e+01,1.396800611354202992e+01,1.000000000000000000e+00
-1.615424023605286052e+01,8.780125648053822118e+00,1.761539779820700868e+00,1.000000000000000000e+00
-1.577965002510983972e+01,1.001937193786401004e+01,3.881384428918490226e+00,1.000000000000000000e+00
-1.194964210007580085e+01,2.237497367521262248e+01,1.101220021976062924e+01,1.000000000000000000e+00
-1.126827813787393850e+01,2.500000000000000000e+01,1.170847589601278038e+01,1.000000000000000000e+00
-1.292350915819318935e+01,2.500000000000000000e+01,9.851162928207861214e+00,1.000000000000000000e+00
-1.362831336046936848e+01,2.288557395378586889e+01,8.850512694124107682e+00,1.000000000000000000e+00
1.453692704154217985e+01,1.004145661067249939e+01,-7.262248425169694599e+00,1.000000000000000000e+00
1.530243539537855035e+01,8.355202995402503774e+00,-5.467903708942386309e+00,1.000000000000000000e+00
1.444092717610630849e+01,7.107523491808346527e+00,-7.451316816133532583e+00,1.000000000000000000e+00
1.536979820140032871e+01,1.128601175931698997e+01,-5.275585583442961024e+00,1.000000000000000000e+00
1.453660246048120896e+01,1.252931177399907980e+01,-7.262898106536514575e+00,1.000000000000000000e+00
1.344847952344901110e+01,8.797242923875874254e+00,-9.121452653353665951e+00,1.000000000000000000e+00
1.344812959622911031e+01,1.128483100896979074e+01,-9.121968557445629955e+00,1.000000000000000000e+00
1.531486174205719131e+01,6.041260946999489789e+00,-5.433001916222113259e+00,1.000000000000000000e+00
4.280434030186060390e+00,2.504467500431970972e+00,1.567610871719207033e+01,1.000000000000000000e+00
4.275293770658890935e+00,5.003036088952916849e+00,1.567751138333393968e+01,1.000000000000000000e+00
1.452117164347009926e+01,1.377905208254381009e+01,7.293700987899075727e+00,1.000000000000000000e+00
1.342748947895205092e+01,1.253524059046821115e+01,9.152323546107400176e+00,1.000000000000000000e+00
1.452074364098763049e+01,1.128989735656572968e+01,7.294553044067699332e+00,1.000000000000000000e+00
1.535852826919871994e+01,1.253335169421868933e+01,5.308305699959618096e+00,1.000000000000000000e+00
1.535886737182618944e+01,1.502208713210824875e+01,5.307324472335636756e+00,1.000000000000000000e+00
1.209749940304151927e+01,1.129086549804448936e+01,1.084956258074075919e+01,1.000000000000000000e+00
1.342727810329276927e+01,1.004561293113655118e+01,9.152633650312594682e+00,1.000000000000000000e+00
-1.420802691111277127e+01,5.013876615328795694e+00,7.886347145104338097e+00,1.000000000000000000e+00
-1.376671267382393005e+01,2.567097086732720079e+00,8.633662152086769126e+00,1.000000000000000000e+00
-1.303915053667654966e+01,4.353375797541463754e+00,9.697579764141549319e+00,1.000000000000000000e+00
-1.303885156369589993e+01,6.257620842751317802e+00,9.697981743636402641e+00,1.000000000000000000e+00
-1.420751016751545137e+01,7.502856775821703295e+00,7.887278037443918421e+00,1.000000000000000000e+00
-1.479948016121927168e+01,2.360420834156256031e+00,6.711027265454776902e+00,1.000000000000000000e+00
-1.519516262602512136e+01,4.098729577962007653e+00,5.759299676926818989e+00,1.000000000000000000e+00
-1.512655712049432033e+01,6.259286631615998076e+00,5.937151647079826233e+00,1.000000000000000000e+00
-1.204735707328519112e+01,2.699745205602021692e+00,1.090521377822394911e+01,1.000000000000000000e+00
-1.164034050149600041e+01,5.011092289153131318e+00,1.133864952316773866e+01,1.000000000000000000e+00
-1.615478903859857240e+01,6.760489501692842573e+00,1.756499677875174026e+00,1.000000000000000000e+00
-1.624495333032904298e+01,7.888072711443880891e+00,-4.049583872837368981e-01,1.000000000000000000e+00
-1.578134496691579969e+01,5.593470293757651923e+00,3.874487196417281787e+00,1.000000000000000000e+00
-1.577948073880386026e+01,7.515956522415272900e+00,3.882072592535863897e+00,1.000000000000000000e+00
-6.979918811809590729e+00,0.000000000000000000e+00,9.690210779922173501e+00,1.000000000000000000e+00
-9.223155786118224952e+00,0.000000000000000000e+00,1.089479131119643007e+01,1.000000000000000000e+00
-1.623269324184803963e+01,1.963363818203951183e+01,-7.497800451204255090e-01,1.000000000000000000e+00
-1.604431588630840722e+01,1.831148941623326110e+01,-2.577290775281586122e+00,1.000000000000000000e+00
-1.621527240655482061e+01,2.094354719895643058e+01,1.061810143680065099e+00,1.000000000000000000e+00
-1.622085085949101924e+01,2.224985715190484115e+01,-9.728809763528944998e-01,1.000000000000000000e+00
-1.588883997057096842e+01,2.069554231977202008e+01,3.406943555385994138e+00,1.000000000000000000e+00
-1.614275909551713895e+01,2.291725138137010731e+01,1.863821017184462026e+00,1.000000000000000000e+00
-1.623807544207566878e+01,2.500000000000000000e+01,6.224194224630583694e-01,1.000000000000000000e+00
-1.614278395859471971e+01,2.500000000000000000e+01,-1.863605662724028056e+00,1.000000000000000000e+00
-1.589852272898820118e+01,2.300289360402394934e+01,-3.361469178178741135e+00,1.000000000000000000e+00
-1.595858082501310982e+01,2.085387144997574183e+01,-3.063690266904250059e+00,1.000000000000000000e+00
1.535965663245479895e+01,2.000110663839668135e+01,5.305039880442679490e+00,1.000000000000000000e+00
1.566380418435429966e+01,2.267839939577234176e+01,4.325244325376847776e+00,1.000000000000000000e+00
1.595276019994888017e+01,2.098883311358023107e+01,3.093855523925908013e+00,1.000000000000000000e+00
1.592643947409386840e+01,1.875587835456643759e+01,3.226612105293221067e+00,1.000000000000000000e+00
1.535921102390413040e+01,1.751174589609506071e+01,5.306329873196915514e+00,1.000000000000000000e+00
1.529352577966785987e+01,2.500000000000000000e+01,5.492774274138206181e+00,1.000000000000000000e+00
1.344777564132115977e+01,1.377261291278123956e+01,-9.122490356294665759e+00,1.000000000000000000e+00
1.536956246155513028e+01,1.377386611891276047e+01,-5.276272333793581737e+00,1.000000000000000000e+00
1.433264201427117079e+01,1.551313366012223938e+01,-7.657536998980087439e+00,1.000000000000000000e+00
1.527626217932973063e+01,1.663816156821608061e+01,-5.540605908055551865e+00,1.000000000000000000e+00
1.593242518713864797e+01,1.501841962702330946e+01,-3.196924718574086999e+00,1.000000000000000000e+00
1.593256802059018007e+01,1.253056636364683030e+01,-3.196212800998552872e+00,1.000000000000000000e+00
-6.074527417412470598e+00,0.000000000000000000e+00,-1.507191483040904956e+01,1.000000000000000000e+00
-8.693363841951281756e+00,0.000000000000000000e+00,5.918919171509628985e-01,1.000000000000000000e+00
4.198454147823380112e+00,0.000000000000000000e+00,-1.309450252623969035e+01,1.000000000000000000e+00
1.775614253866198977e+00,0.000000000000000000e+00,-1.387439188150150038e+01,1.000000000000000000e+00
2.260968004017259947e+00,0.000000000000000000e+00,-1.148942523396518034e+01,1.000000000000000000e+00
4.029361217992880384e+00,0.000000000000000000e+00,-1.091530263471577911e+01,1.000000000000000000e+00
-7.290560346467869657e+00,2.500000000000000000e+01,-1.457512442287618004e+00,1.000000000000000000e+00
-4.813434562088716895e+00,2.500000000000000000e+01,-1.257662718226402854e+00,1.000000000000000000e+00
4.279849807609067192e+00,7.497239929048172158e+00,1.567626823017228155e+01,1.000000000000000000e+00
5.191742202956986851e+00,9.286270992400588398e+00,1.539832175589390140e+01,1.000000000000000000e+00
2.159858646103010926e+00,6.250689426764139967e+00,1.610582225870054884e+01,1.000000000000000000e+00
7.583633535243101242e+00,2.500000000000000000e+01,-2.462061790649948401e-01,1.000000000000000000e+00
1.005457655632073966e+01,2.500000000000000000e+01,-3.990213051145444223e-02,1.000000000000000000e+00
5.105082967447357234e+00,2.500000000000000000e+01,-4.491015021794740880e-01,1.000000000000000000e+00
6.788759909008306614e+00,2.061711986664553109e+01,-1.476398451969662062e+01,1.000000000000000000e+00
8.858253090614647718e+00,1.999072625528999225e+01,-1.362328345820552045e+01,1.000000000000000000e+00
6.978591846357530493e+00,1.874583244274601057e+01,-1.467520888580303051e+01,1.000000000000000000e+00
4.948384861663541301e+00,1.935974825015420819e+01,-1.547824238280493958e+01,1.000000000000000000e+00
4.902959727171907645e+00,2.284598573793804022e+01,-1.549269137089260973e+01,1.000000000000000000e+00
7.210447365338124470e+00,2.284598573793802956e+01,-1.456269030061713998e+01,1.000000000000000000e+00
6.074527417412521224e+00,2.500000000000000000e+01,-1.507191483040903002e+01,1.000000000000000000e+00
8.304053541015573359e+00,2.500000000000000000e+01,-1.396800611354199972e+01,1.000000000000000000e+00
9.348928228552612296e+00,2.284598573793802956e+01,-1.329135211245914050e+01,1.000000000000000000e+00
1.593262711389808928e+01,5.067739155708712140e+00,-3.195918216957265745e+00,1.000000000000000000e+00
-1.557676746445739902e+01,1.701755421143927904e+01,-4.628910817700133684e+00,1.000000000000000000e+00
-3.019962782244785870e+00,2.500000000000000000e+01,7.525682801210654027e+00,1.000000000000000000e+00
-4.364408799373213022e+00,2.500000000000000000e+01,9.529857826802823340e+00,1.000000000000000000e+00
-1.947490776547059932e+00,2.500000000000000000e+01,9.704123299674762393e+00,1.000000000000000000e+00
-5.544245350595943256e-01,2.500000000000000000e+01,7.736263160656235982e+00,1.000000000000000000e+00
-1.619172559897921193e+00,2.500000000000000000e+01,5.487770442666940696e+00,1.000000000000000000e+00
4.754774627195977210e+00,0.000000000000000000e+00,3.845608280069467977e+00,1.000000000000000000e+00
6.169830308498571725e+00,0.000000000000000000e+00,1.799383409136195988e+00,1.000000000000000000e+00
5.818624677167667514e+00,0.000000000000000000e+00,6.093467451484065656e+00,1.000000000000000000e+00
3.340076626152830741e+00,0.000000000000000000e+00,5.892066013269959157e+00,1.000000000000000000e+00
2.275331179330025932e+00,0.000000000000000000e+00,3.643605589158072977e+00,1.000000000000000000e+00
7.583633535243101242e+00,0.000000000000000000e+00,-2.462061790649948401e-01,1.000000000000000000e+00
-1.482092716900266005e+01,1.376269066575001077e+01,-6.663528933764669482e+00,1.000000000000000000e+00
-1.482121541027949974e+01,1.625078238950710841e+01,-6.662887794499739336e+00,1.000000000000000000e+00
-1.380918817879068072e+01,1.500735504669344955e+01,-8.565560217682660848e+00,1.000000000000000000e+00
-1.426175433772683121e+01,1.850308569665546798e+01,-7.788765191628900020e+00,1.000000000000000000e+00
-1.364864704680915075e+01,1.697556734104379217e+01,-8.819123187235110350e+00,1.000000000000000000e+00
-1.501405066682164957e+01,1.798696777285456250e+01,-6.216171054122647810e+00,1.000000000000000000e+00
8.604527660683931600e-01,0.000000000000000000e+00,5.689925887012180716e+00,1.000000000000000000e+00
4.398366404762210635e+00,0.000000000000000000e+00,8.136090963573785473e+00,1.000000000000000000e+00
1.617648440199279136e+01,2.230461552637459022e+01,1.543972924660273138e+00,1.000000000000000000e+00
1.621336658282906029e+01,1.999885534304566193e+01,1.090524667672458037e+00,1.000000000000000000e+00
9.422896340602205711e+00,0.000000000000000000e+00,-6.568734384103589896e+00,1.000000000000000000e+00
8.993143653604949606e+00,0.000000000000000000e+00,-2.288761107435377973e+00,1.000000000000000000e+00
7.947033024026991299e+00,0.000000000000000000e+00,-4.538567760887828761e+00,1.000000000000000000e+00
1.005457655632073966e+01,0.000000000000000000e+00,-3.990213051145444223e-02,1.000000000000000000e+00
6.519958872286812479e+00,0.000000000000000000e+00,-2.495459710329895664e+00,1.000000000000000000e+00
1.621310336265378993e+01,5.074536301044688891e+00,1.094431063112073943e+00,1.000000000000000000e+00
1.592707004589093067e+01,6.678997852721619388e+00,3.223498061622501965e+00,1.000000000000000000e+00
1.592567071861877182e+01,8.799819947431128497e+00,3.230404334155214219e+00,1.000000000000000000e+00
1.535571726430990047e+01,5.601452746944788785e+00,5.316431820175528955e+00,1.000000000000000000e+00
1.535809142760161983e+01,7.555910658808065783e+00,5.309569445956015876e+00,1.000000000000000000e+00
-1.176105865896125025e+01,0.000000000000000000e+00,-8.948428769724452891e+00,1.000000000000000000e+00
-1.363968817464416894e+01,0.000000000000000000e+00,-8.832972687519863086e+00,1.000000000000000000e+00
-1.213148985119437029e+01,0.000000000000000000e+00,-1.081154262769046071e+01,1.000000000000000000e+00
-1.482063978407039073e+01,1.127454122515809054e+01,-6.664168094430848122e+00,1.000000000000000000e+00
-7.643149830206303008e+00,0.000000000000000000e+00,2.835018936394105182e+00,1.000000000000000000e+00
-6.578417955992907018e+00,0.000000000000000000e+00,5.083481014111500329e+00,1.000000000000000000e+00
8.821983870832216468e+00,1.129087606282229928e+01,1.364679818062742989e+01,1.000000000000000000e+00
1.055221470273685114e+01,1.004430038549656068e+01,1.235772086055290053e+01,1.000000000000000000e+00
1.529352577966789006e+01,2.346254251687962977e+01,-5.492774274138133350e+00,1.000000000000000000e+00
1.535229766018405861e+01,2.115388161593612182e+01,-5.326298579042221704e+00,1.000000000000000000e+00
-1.416079903894411984e+01,2.500000000000000000e+01,-6.215070808780810419e-01,1.000000000000000000e+00
-6.227871170073123075e+00,0.000000000000000000e+00,7.890991866798180432e-01,1.000000000000000000e+00
1.925200016861184027e+00,2.500000000000000000e+01,7.938410323669410573e+00,1.000000000000000000e+00
8.604527660683931600e-01,2.500000000000000000e+01,5.689925887012180716e+00,1.000000000000000000e+00
5.146758016360253318e-01,2.500000000000000000e+01,9.915207974974963534e+00,1.000000000000000000e+00
2.987406636271753069e+00,2.500000000000000000e+01,1.012113744647676050e+01,1.000000000000000000e+00
4.398366404762210635e+00,2.500000000000000000e+01,8.136090963573785473e+00,1.000000000000000000e+00
3.340076626152830741e+00,2.500000000000000000e+01,5.892066013269959157e+00,1.000000000000000000e+00
-5.513673519529738165e+00,0.000000000000000000e+00,7.331968402429441589e+00,1.000000000000000000e+00
-5.163524109575047483e+00,0.000000000000000000e+00,3.037151391395430888e+00,1.000000000000000000e+00
-4.098795975151365845e+00,0.000000000000000000e+00,5.285630863104339383e+00,1.000000000000000000e+00
-1.529352577966787941e+01,0.000000000000000000e+00,5.492774274138152002e+00,1.000000000000000000e+00
-8.195861894390599645e+00,2.500000000000000000e+01,-1.186679731901218027e+01,1.000000000000000000e+00
-6.233277486948077595e+00,2.500000000000000000e+01,-1.258913421053425985e+01,1.000000000000000000e+00
-1.033893968780657957e+01,2.500000000000000000e+01,-1.253669917210658902e+01,1.000000000000000000e+00
-1.126830781608859056e+01,2.284576750476603024e+01,-1.170844733352277878e+01,1.000000000000000000e+00
-1.212888174926807139e+01,2.071562491887405244e+01,-1.081446843410584968e+01,1.000000000000000000e+00
-1.292419059823376948e+01,2.284712193292670790e+01,-9.850268898894373848e+00,1.000000000000000000e+00
-1.213148985119437029e+01,2.500000000000000000e+01,-1.081154262769046071e+01,1.000000000000000000e+00
-1.033936159584096082e+01,2.069140923916152275e+01,-1.253635121518414941e+01,1.000000000000000000e+00
9.957949509518976283e-01,2.500000000000000000e+01,1.404778384201599017e+01,1.000000000000000000e+00
3.232016663520275834e+00,2.500000000000000000e+01,1.395552119287231996e+01,1.000000000000000000e+00
1.658637601189380195e+00,2.500000000000000000e+01,1.193187449676108081e+01,1.000000000000000000e+00
-9.206579793079839868e-01,2.500000000000000000e+01,1.215517216553282864e+01,1.000000000000000000e+00
-1.111859832566598927e+00,2.500000000000000000e+01,1.444409977378579057e+01,1.000000000000000000e+00
-8.693363841951281756e+00,2.500000000000000000e+01,5.918919171509628985e-01,1.000000000000000000e+00
-6.227871170073123075e+00,2.500000000000000000e+01,7.890991866798180432e-01,1.000000000000000000e+00
-3.748630641480411807e+00,2.500000000000000000e+01,9.909818029206927115e-01,1.000000000000000000e+00
6.870088007997358304e+00,0.000000000000000000e+00,-6.790294721470157668e+00,1.000000000000000000e+00
-4.176652520407394320e+00,2.500000000000000000e+01,-1.119892373820607112e+01,1.000000000000000000e+00
1.094222122276029019e+01,0.000000000000000000e+00,-8.639127060805463998e+00,1.000000000000000000e+00
1.621516091288993877e+01,1.875384547821986203e+01,-1.063511433453464994e+00,1.000000000000000000e+00
1.621508443156101009e+01,2.124177296953083882e+01,-1.064676888707444036e+00,1.000000000000000000e+00
1.621326654127948075e+01,1.751005271755219894e+01,1.092011017081491175e+00,1.000000000000000000e+00
1.452024563334198959e+01,6.311891720091552749e+00,7.295544307823287333e+00,1.000000000000000000e+00
1.342305452398660925e+01,5.639772032724336803e+00,9.158826739603856737e+00,1.000000000000000000e+00
1.243925358593080954e+00,0.000000000000000000e+00,-1.620231926923577959e+01,1.000000000000000000e+00
-1.619172559897921193e+00,0.000000000000000000e+00,5.487770442666940696e+00,1.000000000000000000e+00
1.210588308612939867e+00,2.500000000000000000e+01,1.395184294842487072e+00,1.000000000000000000e+00
2.275331179330025932e+00,2.500000000000000000e+01,3.643605589158072977e+00,1.000000000000000000e+00
3.690207437344816377e+00,2.500000000000000000e+01,1.597260175271515870e+00,1.000000000000000000e+00
1.458566519834181008e-01,2.500000000000000000e+01,-8.529981600230468475e-01,1.000000000000000000e+00
-1.269022255609179917e+00,2.500000000000000000e+01,1.193138577932022049e+00,1.000000000000000000e+00
2.625462895880652070e+00,2.500000000000000000e+01,-6.511767800448375887e-01,1.000000000000000000e+00
-2.042910755716610960e-01,2.500000000000000000e+01,3.441477143537730043e+00,1.000000000000000000e+00
4.754774627195977210e+00,2.500000000000000000e+01,3.845608280069467977e+00,1.000000000000000000e+00
6.169830308498571725e+00,2.500000000000000000e+01,1.799383409136195988e+00,1.000000000000000000e+00
4.902959727171866788e+00,2.500000000000000000e+01,1.549269137089263104e+01,1.000000000000000000e+00
3.232016663520275834e+00,0.000000000000000000e+00,1.395552119287231996e+01,1.000000000000000000e+00
2.480550868556706590e+00,0.000000000000000000e+00,1.605955688643065926e+01,1.000000000000000000e+00
-1.292050370871629994e+01,1.851209781021625034e+01,-9.855104459773535552e+00,1.000000000000000000e+00
-1.364680435573012929e+01,2.068649262189810045e+01,-8.821974318508592816e+00,1.000000000000000000e+00
-1.135866175442916948e+01,1.857937480873435021e+01,-1.162081336002208864e+01,1.000000000000000000e+00
-1.501869688031014860e+01,1.765082857638780922e+01,6.204937067961473041e+00,1.000000000000000000e+00
-1.499711220855041027e+01,1.572413693537235879e+01,6.256926194558179333e+00,1.000000000000000000e+00
-1.512697024772595000e+01,1.126262610452037016e+01,5.936098982026315696e+00,1.000000000000000000e+00
-1.420916357460227886e+01,1.251449265808127009e+01,7.884298986605965176e+00,1.000000000000000000e+00
-1.512676161400673003e+01,8.759792675867819511e+00,5.936630616183935949e+00,1.000000000000000000e+00
-1.420840583170594051e+01,1.001500149048284882e+01,7.885664443884537356e+00,1.000000000000000000e+00
1.212391484984796897e+01,7.552343350807511513e+00,-1.082003644696430023e+01,1.000000000000000000e+00
1.212342935860434956e+01,1.004020448732920023e+01,-1.082058041820909011e+01,1.000000000000000000e+00
1.028665989120876034e+01,1.792996250061532137e+01,-1.257963148437175072e+01,1.000000000000000000e+00
4.976314935316901611e+00,1.750094042692508722e+01,-1.546928536373099128e+01,1.000000000000000000e+00
1.064586057790816120e+01,1.974597225357949171e+01,-1.227713942886293985e+01,1.000000000000000000e+00
1.038330768197696052e+01,2.133697905708354980e+01,-1.249997686323452051e+01,1.000000000000000000e+00
7.210447365338083614e+00,2.500000000000000000e+01,1.456269030061715952e+01,1.000000000000000000e+00
-1.380879971892279023e+01,1.251928310255132892e+01,-8.566186451547617153e+00,1.000000000000000000e+00
-1.427582407730282021e+01,2.500000000000000000e+01,7.762947050824260842e+00,1.000000000000000000e+00
2.887312239086043952e+00,1.625210866360959017e+01,-1.599143295749395932e+01,1.000000000000000000e+00
7.459303290754916160e-01,1.501217161343648954e+01,-1.623287060085693057e+01,1.000000000000000000e+00
2.884779100170662414e+00,1.873809552023542935e+01,-1.599189011790721970e+01,1.000000000000000000e+00
8.494992583803882003e-01,1.737179156004447123e+01,-1.622778022435635137e+01,1.000000000000000000e+00
7.466575811160292009e-01,1.252429397238593900e+01,-1.623283716595967974e+01,1.000000000000000000e+00
-2.683913760682049787e+00,2.500000000000000000e+01,3.239323211357619137e+00,1.000000000000000000e+00
-4.167298458596777166e+00,2.500000000000000000e+01,-1.349079693076891928e+01,1.000000000000000000e+00
2.884399833046019879e+00,2.123176182631033271e+01,-1.599195852930853867e+01,1.000000000000000000e+00
2.182357533021871965e-01,2.245475886326057946e+01,-1.624853449256211135e+01,1.000000000000000000e+00
2.480550868556740340e+00,2.330001844942986011e+01,-1.605955688643065926e+01,1.000000000000000000e+00
7.412534890313247082e-01,1.973254673929424996e+01,-1.623308483514452050e+01,1.000000000000000000e+00
6.936899567063579575e+00,1.503509652267335994e+01,1.469496255172068011e+01,1.000000000000000000e+00
6.935979432001283307e+00,1.254145247487289971e+01,1.469539687517337079e+01,1.000000000000000000e+00
6.938123712772337193e+00,1.753022340305073001e+01,1.469438461951592956e+01,1.000000000000000000e+00
6.937701412404175372e+00,1.005149036641022953e+01,1.469458400609983961e+01,1.000000000000000000e+00
1.205739514374490007e+01,4.418827727689443208e+00,1.089411411486022985e+01,1.000000000000000000e+00
1.258256154896656831e+01,2.500000000000000000e+01,-1.910508740880199896e-01,1.000000000000000000e+00
1.150464394893685949e+01,2.500000000000000000e+01,2.329488244838578748e+00,1.000000000000000000e+00
1.417351392960282830e+01,2.500000000000000000e+01,1.581854491079800917e+00,1.000000000000000000e+00
1.456890970479043013e+01,2.500000000000000000e+01,-4.625421506261981897e-01,1.000000000000000000e+00
9.675992034375530793e+00,2.500000000000000000e+01,4.263848283487932989e+00,1.000000000000000000e+00
1.169872010037512133e+01,2.500000000000000000e+01,4.485890680379353235e+00,1.000000000000000000e+00
8.649275559952661396e+00,2.500000000000000000e+01,2.001651214743811025e+00,1.000000000000000000e+00
1.358174000603555065e+01,2.500000000000000000e+01,3.801722834813474172e+00,1.000000000000000000e+00
1.592619399345593045e+01,1.626649375932191077e+01,3.227823551994165818e+00,1.000000000000000000e+00
4.902959727171866788e+00,0.000000000000000000e+00,1.549269137089263104e+01,1.000000000000000000e+00
1.938588256456895031e+00,2.092852540665926853e+00,1.613395102174068896e+01,1.000000000000000000e+00
2.160254032555636083e+00,3.750000000000003997e+00,1.610576923077029221e+01,1.000000000000000000e+00
5.434106285558130800e+00,2.500000000000000000e+01,1.026736556597690964e+01,1.000000000000000000e+00
4.247032254505366033e+00,2.500000000000000000e+01,1.205387265263932939e+01,1.000000000000000000e+00
7.428108437972750444e+00,2.500000000000000000e+01,1.007571909272300026e+01,1.000000000000000000e+00
6.822030203327653197e+00,2.500000000000000000e+01,8.294514765683466351e+00,1.000000000000000000e+00
6.882267620751864712e+00,2.500000000000000000e+01,1.222654276387286920e+01,1.000000000000000000e+00
5.818624677167667514e+00,2.500000000000000000e+01,6.093467451484065656e+00,1.000000000000000000e+00
-3.980102097228898626e-15,7.500000000000012434e+00,1.625000000000000000e+01,1.000000000000000000e+00
-2.160254032564189242e+00,1.125000000000001954e+01,1.610576923076914824e+01,1.000000000000000000e+00
9.991007814950842558e+00,2.500000000000000000e+01,-1.046983351689330988e+01,1.000000000000000000e+00
-1.484704501929432929e+01,2.039061386885324012e+01,-6.605130899160691627e+00,1.000000000000000000e+00
-1.427576452247109096e+01,2.284662684725173065e+01,-7.763056569351780567e+00,1.000000000000000000e+00
-1.550274132189158038e+01,1.950529567337316905e+01,-4.871089355217708139e+00,1.000000000000000000e+00
-1.549337702855219945e+01,2.104940046005274823e+01,-4.900792614580934625e+00,1.000000000000000000e+00
8.821605773763213421e+00,8.800239883963810072e+00,1.364704259436115130e+01,1.000000000000000000e+00
-6.504885024459208687e+00,4.411697491743869826e+00,1.489123805526478961e+01,1.000000000000000000e+00
-6.074527417412496355e+00,2.154014262061969998e+00,1.507191483040904068e+01,1.000000000000000000e+00
-2.333699973372616032e+00,2.500000000000000000e+01,-1.054754661775155089e+00,1.000000000000000000e+00
8.205638337877196875e+00,2.500000000000000000e+01,6.230743062538468990e+00,1.000000000000000000e+00
7.218724261390104147e+00,2.500000000000000000e+01,4.036811246978738055e+00,1.000000000000000000e+00
-2.160450965660430267e+00,1.375131189747773952e+01,1.610574281506373140e+01,1.000000000000000000e+00
-4.285441064159442703e+00,1.251266021705303011e+01,1.567474066406255062e+01,1.000000000000000000e+00
-3.702619519675957260e+00,2.500000000000000000e+01,-1.582255063801392048e+01,1.000000000000000000e+00
1.212246388946046061e+01,1.501591710986262918e+01,-1.082166203726244902e+01,1.000000000000000000e+00
-1.529352577966787052e+01,2.284598573793804022e+01,-5.492774274138183976e+00,1.000000000000000000e+00
-1.363968817464416894e+01,2.500000000000000000e+01,-8.832972687519863086e+00,1.000000000000000000e+00
1.621319211360135881e+01,1.502033028739952947e+01,1.093115495935758963e+00,1.000000000000000000e+00
1.592595044470619037e+01,1.377667142383961085e+01,3.229024997234099192e+00,1.000000000000000000e+00
1.621311721178372167e+01,1.253182774853062043e+01,1.094225880228766989e+00,1.000000000000000000e+00
1.621523645826702875e+01,1.626595989371308093e+01,-1.062358980047495072e+00,1.000000000000000000e+00
1.621531291367377037e+01,1.377569621491254992e+01,-1.061191364290485994e+00,1.000000000000000000e+00
1.593137079450963967e+01,1.751414883698976865e+01,-3.202174980828691897e+00,1.000000000000000000e+00
1.592579735897466087e+01,1.128822469020420094e+01,3.229779943103835649e+00,1.000000000000000000e+00
1.212294743383321993e+01,1.252805813509495003e+01,-1.082112034479408891e+01,1.000000000000000000e+00
5.454696062097544207e+00,2.500000000000000000e+01,1.366953248649917896e+01,1.000000000000000000e+00
-4.902959727171875670e+00,2.500000000000000000e+01,1.549269137089262038e+01,1.000000000000000000e+00
1.595276019994888017e+01,2.500000000000000000e+01,3.093855523925904016e+00,1.000000000000000000e+00
-1.486391327427216069e+01,2.268437602874345060e+01,6.567083231916267749e+00,1.000000000000000000e+00
-1.566911930111379903e+01,2.284598573793770981e+01,4.305949410694812407e+00,1.000000000000000000e+00
-1.427171032668128881e+01,2.129981615946343254e+01,7.770507341949983271e+00,1.000000000000000000e+00
-1.515430672459380901e+01,2.014519216019169079e+01,5.865960083134797109e+00,1.000000000000000000e+00
-3.356270928930618958e+00,2.500000000000000000e+01,1.148663062403706014e+01,1.000000000000000000e+00
1.623807544207565812e+01,2.500000000000000000e+01,6.224194224631165451e-01,1.000000000000000000e+00
1.058507621574496049e+01,1.128349871976593022e+01,-1.232958480675122104e+01,1.000000000000000000e+00
1.595276019994890149e+01,2.284598573793804022e+01,-3.093855523925820972e+00,1.000000000000000000e+00
1.623807544207566878e+01,2.330172705764057994e+01,-6.224194224630351657e-01,1.000000000000000000e+00
1.593181451979667074e+01,1.999680389331972208e+01,-3.199966579012373025e+00,1.000000000000000000e+00
1.614278395859473036e+01,2.500000000000000000e+01,-1.863605662723966994e+00,1.000000000000000000e+00
-1.126827813787393850e+01,0.000000000000000000e+00,1.170847589601278038e+01,1.000000000000000000e+00
-7.210447365338100489e+00,0.000000000000000000e+00,1.456269030061715064e+01,1.000000000000000000e+00
-7.178676629199242321e+00,0.000000000000000000e+00,1.207504245348753003e+01,1.000000000000000000e+00
-9.880096529288737273e+00,4.492547853190273166e+00,1.290140273659948100e+01,1.000000000000000000e+00
-8.297287710748769030e+00,2.878971677001772811e+00,1.397202621830697034e+01,1.000000000000000000e+00
-8.271335304042452208e+00,5.489091099781838068e+00,1.398740548808466144e+01,1.000000000000000000e+00
-1.033893968780660977e+01,2.154014262066092034e+00,1.253669917210656060e+01,1.000000000000000000e+00
-3.969113024396090150e+00,2.134993775840455044e+01,-1.575781208796352217e+01,1.000000000000000000e+00
-2.325217125844197152e+00,2.293253915833309975e+01,-1.608278164117391995e+01,1.000000000000000000e+00
-1.698583900852663975e+00,2.073861049573181248e+01,-1.616098118097301750e+01,1.000000000000000000e+00
-3.554520169202532109e+00,1.916432770630256144e+01,-1.585647774150150013e+01,1.000000000000000000e+00
-1.243925358593026109e+00,2.500000000000000000e+01,-1.620231926923579024e+01,1.000000000000000000e+00
-3.536148068195583249e+00,1.003513796543024839e+01,-1.586058500938085025e+01,1.000000000000000000e+00
9.152314667385830660e+00,2.500000000000000000e+01,1.109783200000626913e+01,1.000000000000000000e+00
-9.348928228552594533e+00,0.000000000000000000e+00,1.329135211245916004e+01,1.000000000000000000e+00
1.033893968780662043e+01,2.500000000000000000e+01,-1.253669917210654994e+01,1.000000000000000000e+00
1.213148985119442003e+01,2.500000000000000000e+01,-1.081154262769041097e+01,1.000000000000000000e+00
1.209776215903328911e+01,6.312618864263033203e+00,1.084926959492952037e+01,1.000000000000000000e+00
1.342707652208471991e+01,7.556405536392611033e+00,9.152929370976337964e+00,1.000000000000000000e+00
1.531857286471474033e+01,1.899938167767268027e+01,-5.422529427160844406e+00,1.000000000000000000e+00
1.129885794258569121e+01,2.304754558210754922e+01,-1.167896866993265093e+01,1.000000000000000000e+00
6.514803658118309748e+00,2.500000000000000000e+01,-1.314868051683049011e+01,1.000000000000000000e+00
8.849823412840271075e+00,2.500000000000000000e+01,8.492340368075472767e+00,1.000000000000000000e+00
1.209758373709532009e+01,8.801665534703452920e+00,1.084946854569231078e+01,1.000000000000000000e+00
1.055145996144657872e+01,7.552575636615960875e+00,1.235836529165527153e+01,1.000000000000000000e+00
-1.406918630986107033e+00,1.127972988005194033e+01,-1.618898020153784145e+01,1.000000000000000000e+00
1.452043602453018956e+01,8.800565302211820651e+00,7.295165361904131451e+00,1.000000000000000000e+00
1.535830508488249002e+01,1.004462304897034919e+01,5.308951395489773795e+00,1.000000000000000000e+00
-2.480550868556719912e+00,2.500000000000000000e+01,1.605955688643065926e+01,1.000000000000000000e+00
-5.448175367234531663e+00,1.795863395246055916e+01,-1.530947044047765004e+01,1.000000000000000000e+00
-1.216696998492061921e+00,1.840471197075506993e+01,-1.620438670279935067e+01,1.000000000000000000e+00
-3.153885265920189696e+00,2.500000000000000000e+01,1.370798597494944993e+01,1.000000000000000000e+00
