2.186381230051860432e-05,-1.008224787257293103e-04,-3.375074927834723998e-05
1.709823170655437255e-05,-1.098512379150223074e-04,-3.609879707362478055e-05
2.137699377327540156e-05,-1.193063200591645411e-04,-3.281286800386094355e-05
2.582994400368253859e-05,-1.098970406791595394e-04,-3.018669740869264011e-05
1.711348751817826270e-05,-9.122019777146749442e-05,-3.579491110936531818e-05
2.612844682995882768e-05,-9.113513298348368207e-05,-3.025137808805545089e-05
2.159949157396048313e-05,-8.166580265287069383e-05,-3.278237956200002703e-05
0.000000000000000000e+00,0.000000000000000000e+00,0.000000000000000000e+00
0.000000000000000000e+00,0.000000000000000000e+00,0.000000000000000000e+00
0.000000000000000000e+00,0.000000000000000000e+00,0.000000000000000000e+00
0.000000000000000000e+00,0.000000000000000000e+00,0.000000000000000000e+00
0.000000000000000000e+00,0.000000000000000000e+00,0.000000000000000000e+00
0.000000000000000000e+00,0.000000000000000000e+00,0.000000000000000000e+00
0.000000000000000000e+00,0.000000000000000000e+00,0.000000000000000000e+00
0.000000000000000000e+00,0.000000000000000000e+00,0.000000000000000000e+00
0.000000000000000000e+00,0.000000000000000000e+00,0.000000000000000000e+00
0.000000000000000000e+00,0.000000000000000000e+00,0.000000000000000000e+00
0.000000000000000000e+00,0.000000000000000000e+00,0.000000000000000000e+00
0.000000000000000000e+00,0.000000000000000000e+00,0.000000000000000000e+00
-3.745719755643248686e-05,-8.150935441046982513e-05,-1.126342871678496831e-05
-3.459770736840106460e-05,-6.215597129153117623e-05,-1.030323486946858800e-05
-3.720102208269346708e-05,-7.163938003503090679e-05,-5.754488742300034055e-06
-3.955514137613344610e-05,-9.059423933815707473e-05,-6.212390787978482032e-06
-3.847433534522022521e-05,-1.006869553312680774e-04,-1.154923063109754531e-05
-3.631812753995692836e-05,-9.102221603071177598e-05,-1.641886025460383334e-05
-3.472253384073566585e-05,-7.237175719496960968e-05,-1.571965912178357395e-05
-3.141781875298731809e-05,-5.530317471276541616e-05,-1.410355683962984330e-05
-3.072920822321977067e-05,-4.792181474728486758e-05,-9.194917260086218826e-06
-3.333445860828045739e-05,-5.294639443659548435e-05,-5.302188437811651655e-06
0.000000000000000000e+00,0.000000000000000000e+00,0.000000000000000000e+00
0.000000000000000000e+00,0.000000000000000000e+00,0.000000000000000000e+00
0.000000000000000000e+00,0.000000000000000000e+00,0.000000000000000000e+00
0.000000000000000000e+00,0.000000000000000000e+00,0.000000000000000000e+00
0.000000000000000000e+00,0.000000000000000000e+00,0.000000000000000000e+00
0.000000000000000000e+00,0.000000000000000000e+00,0.000000000000000000e+00
0.000000000000000000e+00,0.000000000000000000e+00,0.000000000000000000e+00
0.000000000000000000e+00,0.000000000000000000e+00,0.000000000000000000e+00
0.000000000000000000e+00,0.000000000000000000e+00,0.000000000000000000e+00
0.000000000000000000e+00,0.000000000000000000e+00,0.000000000000000000e+00
0.000000000000000000e+00,-2.000000000000000367e-04,0.000000000000000000e+00
0.000000000000000000e+00,-2.000000000000000638e-04,0.000000000000000000e+00
0.000000000000000000e+00,-2.000000000000000638e-04,0.000000000000000000e+00
0.000000000000000000e+00,-2.000000000000000367e-04,0.000000000000000000e+00
0.000000000000000000e+00,-2.000000000000000638e-04,0.000000000000000000e+00
0.000000000000000000e+00,-2.000000000000000638e-04,0.000000000000000000e+00
0.000000000000000000e+00,-2.000000000000000638e-04,0.000000000000000000e+00
1.026299800448049532e-05,-5.332958025884632682e-05,3.228248864570833540e-05
7.995584609393110230e-06,-6.333831564193020481e-05,3.541914949629806604e-05
6.542806888950518200e-06,-4.327782953425094099e-05,2.935236753705633430e-05
1.551888879972845628e-05,-6.343376047698662745e-05,3.278642710746960460e-05
1.152873317967322901e-05,-7.242303389075459036e-05,3.598561489078577156e-05
8.596726153192531966e-06,-3.585980501956393909e-05,2.588896565146273985e-05
1.319554531766624824e-05,-4.432526609279410020e-05,2.808573774206520480e-05
0.000000000000000000e+00,0.000000000000000000e+00,0.000000000000000000e+00
0.000000000000000000e+00,0.000000000000000000e+00,0.000000000000000000e+00
0.000000000000000000e+00,0.000000000000000000e+00,0.000000000000000000e+00
0.000000000000000000e+00,0.000000000000000000e+00,0.000000000000000000e+00
0.000000000000000000e+00,0.000000000000000000e+00,0.000000000000000000e+00
0.000000000000000000e+00,0.000000000000000000e+00,0.000000000000000000e+00
0.000000000000000000e+00,0.000000000000000000e+00,0.000000000000000000e+00
0.000000000000000000e+00,0.000000000000000000e+00,0.000000000000000000e+00
0.000000000000000000e+00,0.000000000000000000e+00,0.000000000000000000e+00
0.000000000000000000e+00,0.000000000000000000e+00,0.000000000000000000e+00
0.000000000000000000e+00,0.000000000000000000e+00,0.000000000000000000e+00
0.000000000000000000e+00,0.000000000000000000e+00,0.000000000000000000e+00
0.000000000000000000e+00,0.000000000000000000e+00,0.000000000000000000e+00
0.000000000000000000e+00,0.000000000000000000e+00,0.000000000000000000e+00
0.000000000000000000e+00,0.000000000000000000e+00,0.000000000000000000e+00
0.000000000000000000e+00,0.000000000000000000e+00,0.000000000000000000e+00
0.000000000000000000e+00,0.000000000000000000e+00,0.000000000000000000e+00
0.000000000000000000e+00,0.000000000000000000e+00,0.000000000000000000e+00
0.000000000000000000e+00,0.000000000000000000e+00,0.000000000000000000e+00
0.000000000000000000e+00,0.000000000000000000e+00,0.000000000000000000e+00
0.000000000000000000e+00,0.000000000000000000e+00,0.000000000000000000e+00
0.000000000000000000e+00,0.000000000000000000e+00,0.000000000000000000e+00
0.000000000000000000e+00,0.000000000000000000e+00,0.000000000000000000e+00
0.000000000000000000e+00,0.000000000000000000e+00,0.000000000000000000e+00
0.000000000000000000e+00,0.000000000000000000e+00,0.000000000000000000e+00
0.000000000000000000e+00,0.000000000000000000e+00,0.000000000000000000e+00
0.000000000000000000e+00,0.000000000000000000e+00,0.000000000000000000e+00
0.000000000000000000e+00,0.000000000000000000e+00,0.000000000000000000e+00
-8.022266014861555329e-06,-6.275178265117203002e-05,-3.548497147633563616e-05
-1.309468289652072278e-05,-7.202758568591013705e-05,-3.549846114079033927e-05
-8.386310465410428780e-06,-8.171483535425667129e-05,-3.784080242136834125e-05
-3.023350858140510450e-06,-5.335681446775508892e-05,-3.357160477286103662e-05
-6.683486334007091595e-06,-4.404100725014436710e-05,-2.994815891833640855e-05
-3.203841200699947886e-06,-7.212923430289099969e-05,-3.754749716049345592e-05
-1.160966764421803299e-05,-5.321001132167404714e-05,-3.139015754597010113e-05
-1.686900172068319398e-05,-6.262357812223212053e-05,-3.201232279996766856e-05
-1.815732514040881444e-05,-8.141394117757163001e-05,-3.439661388638968012e-05
-1.367957354206526158e-05,-9.087171284599791928e-05,-3.743198275791920026e-05
-8.761732766242709631e-06,-1.001586518391926609e-04,-3.892680348684025995e-05
-3.585099649067980415e-06,-9.093314983439321588e-05,-3.951408608640434361e-05
-9.585880013867489018e-06,-1.826049606951681947e-04,1.194777525861720497e-05
0.000000000000000000e+00,-2.000000000000000096e-04,0.000000000000000000e+00
-1.510807570297392228e-05,-1.757085442732999106e-04,1.419278892106102430e-05
-1.715410150660291632e-05,-1.631043236617918553e-04,2.189283280604181680e-05
-9.657723848846861835e-06,-1.793784381072648516e-04,1.573115287528635610e-05
0.000000000000000000e+00,-2.000000000000000096e-04,0.000000000000000000e+00
-1.442846545881957538e-05,-1.808058982345849659e-04,9.261999155109131737e-06
-2.110573654597009424e-05,-1.644231298392039443e-04,1.623257636813017039e-05
-2.152408433931187026e-05,-1.565852342171869787e-04,2.123560753636697431e-05
0.000000000000000000e+00,-2.000000000000000096e-04,0.000000000000000000e+00
0.000000000000000000e+00,-2.000000000000000367e-04,0.000000000000000000e+00
0.000000000000000000e+00,-2.000000000000000638e-04,0.000000000000000000e+00
0.000000000000000000e+00,-2.000000000000000367e-04,0.000000000000000000e+00
0.000000000000000000e+00,-2.000000000000000638e-04,0.000000000000000000e+00
-2.201751948763648403e-05,-4.792116295001453595e-05,-2.334470848500991923e-05
-1.437142430472731270e-05,-2.457028455565135735e-05,-1.523162531053280713e-05
-2.136802786326266426e-05,-3.857869659004007414e-05,-1.775809348357598795e-05
-2.617086122924175960e-05,-5.304517011687791191e-05,-2.133391118554645252e-05
-2.475964085210877728e-05,-6.232094871872365734e-05,-2.640732991077246765e-05
-1.728841223283322106e-05,-3.959001932754858673e-05,-2.311722783019521640e-05
-2.014590066861182289e-05,-5.642769650657658971e-05,-2.823596582803315761e-05
-9.733257961717084456e-06,-1.938852444290697355e-05,-1.396894758495245554e-05
-1.368224042866218893e-05,-1.927154223341743334e-05,-1.018110891280686152e-05
-2.622041526942851729e-05,-4.365042409308177569e-05,-1.603549094194092750e-05
1.340106947517415487e-05,-1.964438136446434099e-05,-1.015630268177577413e-05
0.000000000000000000e+00,0.000000000000000000e+00,0.000000000000000000e+00
1.821171544915541708e-05,-2.335122124042898927e-05,-8.859833253263496380e-06
2.454840263248350558e-05,-3.411211078463086680e-05,-8.541149200293663798e-06
1.509399752564066274e-05,-1.751529597919648852e-05,-5.450017309379012006e-06
2.753669439110537155e-05,-4.342154956639633401e-05,-1.384120375302875178e-05
2.273795418662971930e-05,-3.626848331086414802e-05,-1.514883475200629555e-05
0.000000000000000000e+00,0.000000000000000000e+00,0.000000000000000000e+00
0.000000000000000000e+00,0.000000000000000000e+00,0.000000000000000000e+00
0.000000000000000000e+00,-2.000000000000000638e-04,0.000000000000000000e+00
0.000000000000000000e+00,-2.000000000000000638e-04,0.000000000000000000e+00
0.000000000000000000e+00,-2.000000000000000367e-04,0.000000000000000000e+00
0.000000000000000000e+00,-2.000000000000000638e-04,0.000000000000000000e+00
0.000000000000000000e+00,-2.000000000000000367e-04,0.000000000000000000e+00
0.000000000000000000e+00,-2.000000000000000367e-04,0.000000000000000000e+00
0.000000000000000000e+00,-2.000000000000000096e-04,0.000000000000000000e+00
0.000000000000000000e+00,-2.000000000000000367e-04,0.000000000000000000e+00
0.000000000000000000e+00,-2.000000000000000638e-04,0.000000000000000000e+00
0.000000000000000000e+00,-2.000000000000000367e-04,0.000000000000000000e+00
-1.491023345678307964e-05,-1.286358936115841885e-04,3.500624278654986026e-05
-1.534875670715501813e-05,-1.093199457644871808e-04,3.668108822744964824e-05
-1.026800373385467030e-05,-1.189273695148421542e-04,3.772541231890387531e-05
-2.004902498377221994e-05,-1.191080294809154831e-04,3.402328107307078597e-05
-1.811432365210420133e-05,-1.377437111350987640e-04,3.117788042043660463e-05
-9.543970233671092697e-06,-1.376374528208659516e-04,3.471725058379867207e-05
-1.292046504874315670e-05,-1.472666568947934255e-04,3.110535252734283554e-05
-2.000641939058661164e-05,-1.000918359339066777e-04,3.432500123780377852e-05
-2.477213613582971691e-05,-1.095901832594840304e-04,3.156983916861837841e-05
-2.344286250281555061e-05,-1.284032365529814100e-04,2.992454328620974829e-05
2.954258426681151617e-05,-9.101758276531218925e-05,2.670558455810628892e-05
3.204795254334717757e-05,-8.169777179095563549e-05,2.189922266427530811e-05
3.321332702759768510e-05,-1.010687655683689413e-04,2.254859268180582947e-05
2.558949717221351908e-05,-8.174579580493979288e-05,3.001461432499142118e-05
2.829249376140905114e-05,-7.241197885953138975e-05,2.538543930186829795e-05
2.972066851427063362e-05,-1.101650958588279281e-04,2.641951893721414902e-05
2.613826494690253119e-05,-1.001622889145825461e-04,3.050792959378685279e-05
2.186430558285898390e-05,-9.118322153267807728e-05,3.351942897745725721e-05
2.054566867127476397e-05,-7.203268654032485209e-05,3.186757032573031887e-05
2.374478581765388633e-05,-6.232299896568408988e-05,2.769427121096190806e-05
-3.059951856729557974e-05,-1.092785896484658840e-04,-2.525873536995269011e-05
-2.733934682966906673e-05,-1.000849998798553032e-04,-2.930211456209321543e-05
-3.060470934194148149e-05,-9.077078425932391876e-05,-2.532091847807636554e-05
-3.388954238215108729e-05,-1.003683987645944905e-04,-2.102907923575386454e-05
-3.342577972842800951e-05,-1.194568260007060280e-04,-2.076260541966632305e-05
-2.937360516264487769e-05,-1.284362081549431805e-04,-2.400124727041438250e-05
-2.667217424609161355e-05,-1.187488066329607522e-04,-2.861079671784947875e-05
-3.051013241627066787e-05,-1.375697847740243670e-04,-1.893078329553567565e-05
-2.580037978546430468e-05,-1.469730391883295329e-04,-2.096987921130807588e-05
-2.445776986066348959e-05,-1.375271255227374946e-04,-2.590894768554958917e-05
-5.702268245450889534e-06,-2.037425920224269943e-05,-1.692571042933498716e-05
0.000000000000000000e+00,0.000000000000000000e+00,0.000000000000000000e+00
-6.552290963399521165e-06,-1.572218764945830876e-05,-1.258315379407170892e-05
-2.447626478619128770e-06,-1.904259643051905965e-05,-1.664373308484491678e-05
-9.814413537079115293e-06,-3.638638492307450748e-05,-2.558084545379169498e-05
-2.737735605629521181e-05,-4.705570562511380937e-05,1.504863297407862560e-05
-2.094231216157563827e-05,-3.003730079819292710e-05,1.070913193466325782e-05
-2.220410708293332676e-05,-3.735890445123486449e-05,1.663225863691147804e-05
-2.433914990743030917e-05,-3.392260454598389582e-05,9.465012193150841834e-06
-3.160840754246091222e-05,-6.293142112999675802e-05,1.765776845729302849e-05
-3.131049892446575739e-05,-5.362661636387723238e-05,1.233514090370618291e-05
-2.720151427653003177e-05,-5.419561768828371937e-05,2.020971303772850719e-05
-1.454590659504414760e-05,-1.790112207430264894e-05,6.540289024485121050e-06
-1.280720569995721625e-05,-1.630527989789667649e-05,8.215289103279840947e-06
-1.465583667086738182e-05,-2.259382458162061057e-05,1.333208314328132776e-05
-2.198379418311723876e-05,-4.504164091139330439e-05,2.182634577821166376e-05
-1.450492893009466095e-06,-1.652056719456522854e-05,1.563210856370803023e-05
5.562885783849011584e-08,-2.167252495221142229e-05,1.899331957682081281e-05
-3.489166843025447925e-06,-3.384256881195545552e-05,2.589044976458545647e-05
-4.785959483868195311e-06,-2.163123943981174821e-05,1.875903614995869903e-05
0.000000000000000000e+00,0.000000000000000000e+00,0.000000000000000000e+00
0.000000000000000000e+00,0.000000000000000000e+00,0.000000000000000000e+00
3.535762535198401197e-06,-3.354010996632144314e-05,2.560569882126620061e-05
-3.778689455589498348e-08,-4.270504193146480932e-05,2.981901293702666724e-05
1.520879325834464445e-06,-1.660703470063231991e-05,1.537905718979035150e-05
-4.506950288502172258e-06,-5.261924134420835672e-05,3.313201441204356707e-05
-8.033827870400297332e-06,-4.317022934816403787e-05,2.919950115986846986e-05
-1.694757297262467405e-05,-1.377205722568237175e-04,-3.196226057678205185e-05
-1.290787299472762818e-05,-1.284322168115509103e-04,-3.535625949450038261e-05
-1.803415573345507300e-05,-1.188908191686985941e-04,-3.432513964448037402e-05
-1.165115821464366772e-05,-1.478880585003924822e-04,-3.143697831207418228e-05
-1.426391353875598168e-05,-1.571311837421860140e-04,-2.683191368609985376e-05
-2.196307834821651143e-05,-1.285262994056731421e-04,-3.084512741485552891e-05
-1.944194976150014133e-05,-1.476391872531417310e-04,-2.713745106043742870e-05
-8.001185920201223163e-06,-1.349289182920874780e-04,-3.583331120789808884e-05
-8.457594264187818202e-06,-1.190775716350715382e-04,-3.817329479370889557e-05
-1.382197555388501445e-05,-1.097037364560219557e-04,-3.718011865578531772e-05
-2.301724070005338116e-05,-1.097285430438472390e-04,-3.254115542746025528e-05
-1.866330244084778771e-05,-1.006745922502417335e-04,-3.532023187072437666e-05
0.000000000000000000e+00,0.000000000000000000e+00,0.000000000000000000e+00
0.000000000000000000e+00,0.000000000000000000e+00,0.000000000000000000e+00
0.000000000000000000e+00,0.000000000000000000e+00,0.000000000000000000e+00
0.000000000000000000e+00,0.000000000000000000e+00,0.000000000000000000e+00
0.000000000000000000e+00,0.000000000000000000e+00,0.000000000000000000e+00
0.000000000000000000e+00,0.000000000000000000e+00,0.000000000000000000e+00
0.000000000000000000e+00,0.000000000000000000e+00,0.000000000000000000e+00
0.000000000000000000e+00,0.000000000000000000e+00,0.000000000000000000e+00
0.000000000000000000e+00,0.000000000000000000e+00,0.000000000000000000e+00
0.000000000000000000e+00,0.000000000000000000e+00,0.000000000000000000e+00
0.000000000000000000e+00,0.000000000000000000e+00,0.000000000000000000e+00
0.000000000000000000e+00,0.000000000000000000e+00,0.000000000000000000e+00
0.000000000000000000e+00,0.000000000000000000e+00,0.000000000000000000e+00
0.000000000000000000e+00,-2.000000000000000638e-04,0.000000000000000000e+00
0.000000000000000000e+00,-2.000000000000000367e-04,0.000000000000000000e+00
0.000000000000000000e+00,-2.000000000000000367e-04,0.000000000000000000e+00
0.000000000000000000e+00,-2.000000000000000638e-04,0.000000000000000000e+00
0.000000000000000000e+00,-2.000000000000000367e-04,0.000000000000000000e+00
0.000000000000000000e+00,-2.000000000000000367e-04,0.000000000000000000e+00
0.000000000000000000e+00,0.000000000000000000e+00,0.000000000000000000e+00
0.000000000000000000e+00,0.000000000000000000e+00,0.000000000000000000e+00
0.000000000000000000e+00,0.000000000000000000e+00,0.000000000000000000e+00
0.000000000000000000e+00,0.000000000000000000e+00,0.000000000000000000e+00
0.000000000000000000e+00,0.000000000000000000e+00,0.000000000000000000e+00
0.000000000000000000e+00,0.000000000000000000e+00,0.000000000000000000e+00
0.000000000000000000e+00,0.000000000000000000e+00,0.000000000000000000e+00
0.000000000000000000e+00,0.000000000000000000e+00,0.000000000000000000e+00
2.595053298695763934e-05,-1.651133478979157059e-04,5.135200432079296111e-06
1.725401379644599838e-05,-1.791037502523189120e-04,4.493386201125993888e-06
2.836876309628803963e-05,-1.575037628650959899e-04,9.888188291363020135e-06
2.995069443655032658e-05,-1.570787633957705643e-04,1.992463651915343558e-06
2.088063304580759419e-05,-1.753601301756296360e-04,2.241048827409655203e-06
3.265912631524834102e-05,-1.475211048629995357e-04,6.695391761997590046e-06
1.645849778838918376e-05,-1.793198727641873050e-04,7.170495458152100476e-06
0.000000000000000000e+00,-2.000000000000000096e-04,0.000000000000000000e+00
0.000000000000000000e+00,-2.000000000000000096e-04,0.000000000000000000e+00
2.466486137246044966e-05,-1.621910992859350298e-04,1.285703991586254376e-05
3.424930138413732943e-05,-1.382712784105051313e-04,1.190350661852242844e-05
2.980922240964435348e-05,-1.476356421950376452e-04,1.504276767933469021e-05
0.000000000000000000e+00,-2.000000000000000367e-04,0.000000000000000000e+00
0.000000000000000000e+00,-2.000000000000000638e-04,0.000000000000000000e+00
0.000000000000000000e+00,-2.000000000000000638e-04,0.000000000000000000e+00
0.000000000000000000e+00,-2.000000000000000638e-04,0.000000000000000000e+00
0.000000000000000000e+00,-2.000000000000000367e-04,0.000000000000000000e+00
0.000000000000000000e+00,-2.000000000000000638e-04,0.000000000000000000e+00
0.000000000000000000e+00,-2.000000000000000367e-04,0.000000000000000000e+00
0.000000000000000000e+00,-2.000000000000000638e-04,0.000000000000000000e+00
0.000000000000000000e+00,-2.000000000000000638e-04,0.000000000000000000e+00
0.000000000000000000e+00,-2.000000000000000638e-04,0.000000000000000000e+00
0.000000000000000000e+00,-2.000000000000000367e-04,0.000000000000000000e+00
0.000000000000000000e+00,-2.000000000000000367e-04,0.000000000000000000e+00
-1.068901295660308116e-05,-1.001622110263596023e-04,3.857832965421867914e-05
-1.538834893074036603e-05,-9.084664353461634689e-05,3.680102328170190630e-05
-2.065748076357618547e-05,-5.167331124415702563e-05,2.633611933235407710e-05
-2.584444804715795360e-05,-6.070351050237571516e-05,2.500995643703492877e-05
-1.667813948816402933e-05,-3.589673834480329630e-05,2.100125476328214700e-05
-2.365310199193490571e-05,-7.027481236594388097e-05,2.969907113524251736e-05
-1.472882728143062952e-05,-4.037169104573634404e-05,2.493643028286945747e-05
-1.827125370801851369e-05,-6.040603820694725361e-05,3.075921532045918405e-05
-3.080406370876807046e-05,-7.212507464361890032e-05,2.286989053063473212e-05
-2.816811970964428201e-05,-8.124381832877577633e-05,2.742158133878487770e-05
-4.923238602698288657e-06,-1.769863059219183206e-04,1.937743595565829649e-05
-1.655814614330978717e-06,-1.806441096756337690e-04,1.673740659444027844e-05
0.000000000000000000e+00,-2.000000000000000096e-04,0.000000000000000000e+00
0.000000000000000000e+00,-2.000000000000000096e-04,0.000000000000000000e+00
-5.305475494321900159e-06,-1.845724514363037110e-04,1.375078052888694451e-05
-9.952862004005761363e-06,-1.665696412069853321e-04,2.389300446564026308e-05
-7.919755399480802647e-06,-1.566112988406792486e-04,2.922785179456662647e-05
-3.243735860075661666e-06,-1.669489917063436061e-04,2.549426345356270717e-05
7.914891032591550811e-08,-1.778159891471632972e-04,1.887490229234207824e-05
0.000000000000000000e+00,-2.000000000000000096e-04,0.000000000000000000e+00
0.000000000000000000e+00,-2.000000000000000638e-04,0.000000000000000000e+00
0.000000000000000000e+00,-2.000000000000000638e-04,0.000000000000000000e+00
0.000000000000000000e+00,-2.000000000000000638e-04,0.000000000000000000e+00
0.000000000000000000e+00,-2.000000000000000367e-04,0.000000000000000000e+00
0.000000000000000000e+00,-2.000000000000000367e-04,0.000000000000000000e+00
0.000000000000000000e+00,0.000000000000000000e+00,0.000000000000000000e+00
0.000000000000000000e+00,0.000000000000000000e+00,0.000000000000000000e+00
0.000000000000000000e+00,0.000000000000000000e+00,0.000000000000000000e+00
0.000000000000000000e+00,0.000000000000000000e+00,0.000000000000000000e+00
0.000000000000000000e+00,0.000000000000000000e+00,0.000000000000000000e+00
0.000000000000000000e+00,0.000000000000000000e+00,0.000000000000000000e+00
0.000000000000000000e+00,0.000000000000000000e+00,0.000000000000000000e+00
0.000000000000000000e+00,0.000000000000000000e+00,0.000000000000000000e+00
1.985635137217342021e-05,-1.377792278608621333e-04,-3.015535021465249338e-05
2.481222126652011641e-05,-1.286182911573177320e-04,-2.871880009937011427e-05
1.492820218990455735e-05,-1.439653767850880962e-04,-3.129948180463892329e-05
1.652923564165974981e-05,-1.569634708881075945e-04,-2.572641088689433695e-05
1.655183971357491009e-05,-1.267412690058268760e-04,-3.430475565346854532e-05
2.197058995650208530e-05,-1.473838582215730535e-04,-2.543606912641478219e-05
2.927849398632143219e-05,-1.192973440335889500e-04,-2.608061528709695550e-05
2.672336844781089113e-05,-1.390183095491933827e-04,-2.383348987463110484e-05
3.571076022889925049e-05,-9.181811916112323706e-05,1.768255586150689309e-05
3.551631321149106195e-05,-1.102747932336676969e-04,1.796966157470433482e-05
3.244080078059102844e-05,-1.193848039914521299e-04,2.214227787814094392e-05
0.000000000000000000e+00,-2.000000000000000638e-04,0.000000000000000000e+00
0.000000000000000000e+00,-2.000000000000000367e-04,0.000000000000000000e+00
0.000000000000000000e+00,-2.000000000000000638e-04,0.000000000000000000e+00
0.000000000000000000e+00,-2.000000000000000638e-04,0.000000000000000000e+00
0.000000000000000000e+00,-2.000000000000000638e-04,0.000000000000000000e+00
0.000000000000000000e+00,-2.000000000000000638e-04,0.000000000000000000e+00
0.000000000000000000e+00,-2.000000000000000096e-04,0.000000000000000000e+00
0.000000000000000000e+00,-2.000000000000000367e-04,0.000000000000000000e+00
0.000000000000000000e+00,0.000000000000000000e+00,0.000000000000000000e+00
0.000000000000000000e+00,0.000000000000000000e+00,0.000000000000000000e+00
0.000000000000000000e+00,0.000000000000000000e+00,0.000000000000000000e+00
0.000000000000000000e+00,0.000000000000000000e+00,0.000000000000000000e+00
0.000000000000000000e+00,0.000000000000000000e+00,0.000000000000000000e+00
-1.354837325008750264e-05,-1.434544655370412378e-05,3.809515167316715969e-06
0.000000000000000000e+00,0.000000000000000000e+00,0.000000000000000000e+00
0.000000000000000000e+00,0.000000000000000000e+00,0.000000000000000000e+00
2.356077242569791453e-06,-1.507728449351362131e-05,-1.391861067130357860e-05
4.349741350681624682e-06,-3.368405151823952189e-05,-2.525373077558147337e-05
5.822920706921098479e-06,-1.974204511353307563e-05,-1.665940117150972263e-05
0.000000000000000000e+00,0.000000000000000000e+00,0.000000000000000000e+00
-1.896151641766599247e-07,-2.420228252209856356e-05,-2.046080457110892209e-05
-5.681153994868262666e-06,-1.717467046308705908e-05,1.462096821091757719e-05
0.000000000000000000e+00,0.000000000000000000e+00,0.000000000000000000e+00
0.000000000000000000e+00,0.000000000000000000e+00,0.000000000000000000e+00
-8.482148296183090758e-06,-1.957737310864180049e-05,1.556228363329747658e-05
-1.068852449397204743e-05,-3.727439940262626338e-05,2.596444873150463578e-05
0.000000000000000000e+00,0.000000000000000000e+00,0.000000000000000000e+00
0.000000000000000000e+00,0.000000000000000000e+00,0.000000000000000000e+00
0.000000000000000000e+00,0.000000000000000000e+00,0.000000000000000000e+00
0.000000000000000000e+00,0.000000000000000000e+00,0.000000000000000000e+00
1.512596452269069645e-05,-1.714863315880250000e-05,4.280182093037423886e-06
2.648458300677529524e-05,-3.597084842191677656e-05,5.166691519740175779e-06
2.249616016823932429e-05,-3.019301263682773849e-05,8.512848080503539880e-06
1.464297829991478158e-05,-1.823321842344576273e-05,6.530345984088308179e-06
2.071007972287414907e-05,-2.444494915385499447e-05,2.377526302500691777e-06
0.000000000000000000e+00,0.000000000000000000e+00,0.000000000000000000e+00
-2.068469354584985708e-05,-1.472681129793379485e-04,2.646972487413196460e-05
-2.590638235520344661e-05,-1.374965298419706175e-04,2.529467110774818902e-05
-2.788502254365870023e-05,-1.189899620289899129e-04,2.718846040096624368e-05
-3.196750752201673663e-05,-1.094399878846364466e-04,2.373581192000826859e-05
-2.879342799033902451e-05,-1.000621968973163141e-04,2.797063101368089428e-05
-3.047587333123486002e-05,-1.285134599174911298e-04,2.279583531644314236e-05
0.000000000000000000e+00,0.000000000000000000e+00,0.000000000000000000e+00
-9.868061473138126422e-06,-1.750645084685616376e-05,1.224945536600860868e-05
0.000000000000000000e+00,-2.000000000000000367e-04,0.000000000000000000e+00
0.000000000000000000e+00,-2.000000000000000367e-04,0.000000000000000000e+00
0.000000000000000000e+00,-2.000000000000000367e-04,0.000000000000000000e+00
0.000000000000000000e+00,-2.000000000000000638e-04,0.000000000000000000e+00
-1.284107193597327401e-05,-3.164016496296445338e-05,-2.171544435578047112e-05
0.000000000000000000e+00,0.000000000000000000e+00,0.000000000000000000e+00
-1.502573317279131897e-05,-4.792911554867051381e-05,-2.818541402044370719e-05
-5.360711801359467349e-06,-1.095246056837945452e-04,3.945320760118907748e-05
-5.089203733278585118e-06,-1.281836961013318251e-04,3.746483694968984321e-05
3.330927299870680688e-05,-1.098688840090536342e-04,-2.245440342615460981e-05
2.994116698310993972e-05,-1.001814444136656394e-04,-2.667474716679157427e-05
3.101625299602286988e-05,-1.284571271012152746e-04,-2.116540555364631744e-05
-2.454724710619551870e-05,-3.541448371744922353e-05,-1.107975513075348140e-05
-3.066934012330450112e-05,-6.255513584575138222e-05,-1.888966315887879175e-05
1.219668523902388037e-05,-3.820576926806940851e-05,-2.582628523758556159e-05
8.732631311723526877e-06,-2.107496538387392045e-05,-1.661467794728386285e-05
9.931402493341900557e-06,-4.922680995329619069e-05,-3.117321596996988891e-05
0.000000000000000000e+00,0.000000000000000000e+00,0.000000000000000000e+00
1.259549642805519193e-05,-3.181447447763964342e-05,-2.143104010647066052e-05
8.281870564684247414e-06,-1.584796538855775928e-05,-1.163569631316993250e-05
0.000000000000000000e+00,0.000000000000000000e+00,0.000000000000000000e+00
0.000000000000000000e+00,-2.000000000000000638e-04,0.000000000000000000e+00
0.000000000000000000e+00,-2.000000000000000096e-04,0.000000000000000000e+00
1.183197463057059109e-05,-1.806161487025715305e-04,-1.228764002850375827e-05
2.113778986852734277e-05,-1.621667770228859401e-04,-1.863912440961699310e-05
1.736907362766171273e-05,-1.646938495026265177e-04,-2.044098734873280959e-05
0.000000000000000000e+00,-2.000000000000000096e-04,0.000000000000000000e+00
1.384506155858755659e-05,-1.808012438473273324e-04,-1.070662619852507961e-05
1.080311289475956190e-05,-1.778095448385411906e-04,-1.530364087159547605e-05
0.000000000000000000e+00,-2.000000000000000096e-04,0.000000000000000000e+00
0.000000000000000000e+00,-2.000000000000000096e-04,0.000000000000000000e+00
7.507664957430936446e-06,-1.813046350053138726e-04,-1.514425584676296590e-05
0.000000000000000000e+00,0.000000000000000000e+00,0.000000000000000000e+00
0.000000000000000000e+00,0.000000000000000000e+00,0.000000000000000000e+00
0.000000000000000000e+00,0.000000000000000000e+00,0.000000000000000000e+00
0.000000000000000000e+00,0.000000000000000000e+00,0.000000000000000000e+00
0.000000000000000000e+00,0.000000000000000000e+00,0.000000000000000000e+00
0.000000000000000000e+00,0.000000000000000000e+00,0.000000000000000000e+00
0.000000000000000000e+00,0.000000000000000000e+00,0.000000000000000000e+00
0.000000000000000000e+00,0.000000000000000000e+00,0.000000000000000000e+00
0.000000000000000000e+00,0.000000000000000000e+00,0.000000000000000000e+00
0.000000000000000000e+00,0.000000000000000000e+00,0.000000000000000000e+00
0.000000000000000000e+00,0.000000000000000000e+00,0.000000000000000000e+00
0.000000000000000000e+00,0.000000000000000000e+00,0.000000000000000000e+00
0.000000000000000000e+00,0.000000000000000000e+00,0.000000000000000000e+00
0.000000000000000000e+00,0.000000000000000000e+00,0.000000000000000000e+00
8.797890873510014954e-06,-8.151416198759283316e-05,3.818467183618801970e-05
1.223507207008284456e-05,-9.124338869419638400e-05,3.807892492534729396e-05
1.686039703221826408e-05,-8.174281712810013256e-05,3.548191625672122610e-05
0.000000000000000000e+00,0.000000000000000000e+00,0.000000000000000000e+00
-2.702631014268045678e-05,-1.469409766690687254e-04,2.008744613136625778e-05
-1.508349988980149858e-05,-1.572260375206948051e-04,2.590157447191850616e-05
3.394808184831078367e-05,-5.365805571924552226e-05,-2.175494230490556378e-06
3.816044372034397663e-05,-7.201556173463335780e-05,-2.383983254797296008e-06
3.655039223820462444e-05,-6.282346022150645751e-05,2.451400293493097317e-06
3.135507311878930339e-05,-4.635051168324774235e-05,-6.127164663602976288e-06
3.560160837946994383e-05,-6.314239906770994799e-05,-7.152419276080308417e-06
3.022622459408344506e-05,-4.439776496374925444e-05,2.046066112086094634e-06
2.606174562616457086e-05,-3.443776999851879225e-05,-1.376887408434184599e-06
3.977327735057012962e-05,-9.130872270885800987e-05,-2.770629795381480318e-06
3.898227656335498821e-05,-8.138354979476685889e-05,2.788111547670745588e-06
3.851847144854536338e-05,-8.173957002908972412e-05,-7.759908424010363535e-06
3.307522443852634167e-05,-5.393081150525474526e-05,6.610867762296655758e-06
3.741101191133395745e-05,-7.243232659883044584e-05,7.580124885440504589e-06
-2.928120634938286923e-05,-1.568143807058692749e-04,-8.329953178224374854e-06
-3.468136876763756974e-05,-1.382684107279637503e-04,-1.025964153268468160e-05
-3.337396498877597342e-05,-1.474737694292320683e-04,-5.225214844541754250e-06
-1.643635776266740836e-05,-1.800000915629634401e-04,-5.819078662559919909e-06
-2.467941070745588368e-05,-1.648976526178546720e-04,-1.095967552586996077e-05
-2.777895873497351523e-05,-1.613612129913731574e-04,-4.017344888468207463e-06
-1.780845442822748945e-05,-1.789120871344643954e-04,-3.508393717815926637e-06
-3.096445387766463630e-05,-1.462384933457534688e-04,-1.384817453189991562e-05
-3.447856111902918177e-05,-1.286756864787688194e-04,-1.566725705795486224e-05
-3.729449203857648071e-05,-1.188128549914244071e-04,-1.112898329376434468e-05
-3.705447168360237486e-05,-1.289994683518174822e-04,-5.703713899037454778e-06
-3.615217488733015155e-05,-1.382092305933623887e-04,-9.537566768821262083e-07
-3.044540893480293846e-05,-1.569078137638581585e-04,-9.532453441425267276e-07
-4.011368287892559366e-05,-9.977503236109286290e-05,-8.356856357781625866e-07
-3.926313131423638750e-05,-8.091843286561891876e-05,-8.323527605022476749e-07
-3.975125057265889412e-05,-9.065119583782163678e-05,4.447368411474038441e-06
-3.958036521692566190e-05,-1.099502646527952734e-04,-6.398316419953203189e-06
-3.905132338018983668e-05,-1.191776087314320428e-04,-1.092247270994483860e-06
-3.983467354621152650e-05,-1.091108782990962705e-04,4.329372767383664844e-06
-3.773872198145697686e-05,-7.193189236141146194e-05,4.097043682570960102e-06
-3.629479882409593003e-05,-6.255625271462307449e-05,-9.149539735160973168e-07
-3.788713626582917147e-05,-8.163828750867720520e-05,9.483544572893935946e-06
-3.911466998178826784e-05,-9.970056031108649329e-05,9.577739854662769135e-06
1.715890627776886192e-05,-1.981568974914445368e-05,-3.232145132627479219e-06
3.186835768341253852e-05,-5.355074923954187578e-05,-1.082536955111481438e-05
2.806385655665478643e-05,-5.356247105058269500e-05,-1.908003276268314087e-05
3.238940181290105128e-05,-6.290130158785439392e-05,-1.612710781268580795e-05
1.544676711912865404e-05,-3.831998046130452194e-05,2.345738933866328455e-05
1.838302308244544329e-05,-5.313376294852945498e-05,2.843238233744241512e-05
8.588570032924283147e-06,-1.925529303414171204e-05,1.487853404485261847e-05
1.335505339657444946e-05,-2.437537319388610241e-05,1.576908073067825370e-05
1.986439771499606659e-05,-4.413059400235144904e-05,2.351827668825555993e-05
7.587762577436345312e-06,-2.342056527727524759e-05,1.901396865868873435e-05
0.000000000000000000e+00,-2.000000000000000367e-04,0.000000000000000000e+00
0.000000000000000000e+00,-2.000000000000000638e-04,0.000000000000000000e+00
-2.558508927167829275e-05,-1.571047295905253157e-04,-1.563752585757107626e-05
-2.162132428169710841e-05,-1.620337779282352963e-04,-1.754148482599023743e-05
-1.989765682123093512e-05,-1.703595003972716330e-04,-1.249394344071387340e-05
0.000000000000000000e+00,-2.000000000000000638e-04,0.000000000000000000e+00
1.647060799379910866e-05,-7.213363221954424925e-05,-3.426658026519291742e-05
1.981510317506753860e-05,-6.303604639051088284e-05,-3.028366151526529294e-05
1.112358383112554130e-05,-6.280968366503154323e-05,-3.435324869771616969e-05
1.213000019013709478e-05,-8.176475453111780082e-05,-3.739116753356766141e-05
1.449513808151420056e-05,-5.365268026018136968e-05,-3.024294699022065901e-05
6.730263794177273323e-06,-7.178988766384146545e-05,-3.766954304548497136e-05
7.013744937232626725e-06,-9.106259969818916863e-05,-3.908229486823813970e-05
1.236075916711748950e-05,-1.008703767619303579e-04,-3.810031456009314014e-05
-3.438306556161645135e-05,-1.189827616659465073e-04,1.918789817314151778e-05
-3.525402062039902936e-05,-9.985755657728613403e-05,1.950105936959867255e-05
-3.190243076256122127e-05,-9.076831329365301953e-05,2.365173400716065957e-05
-2.462072281031951350e-05,-9.046916467185623311e-05,3.123013520888398309e-05
0.000000000000000000e+00,0.000000000000000000e+00,0.000000000000000000e+00
0.000000000000000000e+00,0.000000000000000000e+00,0.000000000000000000e+00
1.389586086129635441e-05,-1.609845805481864103e-05,-8.070289766106356193e-07
0.000000000000000000e+00,0.000000000000000000e+00,0.000000000000000000e+00
0.000000000000000000e+00,0.000000000000000000e+00,0.000000000000000000e+00
0.000000000000000000e+00,0.000000000000000000e+00,0.000000000000000000e+00
0.000000000000000000e+00,0.000000000000000000e+00,0.000000000000000000e+00
0.000000000000000000e+00,0.000000000000000000e+00,0.000000000000000000e+00
0.000000000000000000e+00,0.000000000000000000e+00,0.000000000000000000e+00
0.000000000000000000e+00,0.000000000000000000e+00,0.000000000000000000e+00
0.000000000000000000e+00,0.000000000000000000e+00,0.000000000000000000e+00
0.000000000000000000e+00,-2.000000000000000638e-04,0.000000000000000000e+00
0.000000000000000000e+00,-2.000000000000000096e-04,0.000000000000000000e+00
0.000000000000000000e+00,-2.000000000000000367e-04,0.000000000000000000e+00
0.000000000000000000e+00,-2.000000000000000638e-04,0.000000000000000000e+00
0.000000000000000000e+00,-2.000000000000000096e-04,0.000000000000000000e+00
-9.112291668179314162e-06,-1.773072113020251952e-04,-1.755385539248391558e-05
-5.158174114458468361e-06,-1.807280753415494139e-04,-1.696569066966313868e-05
-1.564460319890027750e-05,-1.642576351573741883e-04,-2.227978420775175668e-05
-7.966937273290206097e-06,-1.844162514364239996e-04,-1.229305862461707867e-05
-9.659235574147027417e-06,-1.645022623941521875e-04,-2.515774960724293644e-05
0.000000000000000000e+00,-2.000000000000000638e-04,0.000000000000000000e+00
0.000000000000000000e+00,-2.000000000000000096e-04,0.000000000000000000e+00
1.667788305522995511e-05,-2.430699209654351190e-05,1.135732759556758738e-05
1.036394516197560558e-05,-1.514176115842727512e-05,8.862642710926858807e-06
0.000000000000000000e+00,0.000000000000000000e+00,0.000000000000000000e+00
2.038579798013068575e-05,-3.586249840816538260e-05,1.843332966551745382e-05
2.444006492580290648e-05,-3.716846087974021536e-05,1.243492557247293339e-05
2.512913964748986374e-05,-4.409825188059615707e-05,1.719053824486709939e-05
0.000000000000000000e+00,0.000000000000000000e+00,0.000000000000000000e+00
-2.696330695841473007e-05,-1.563461666925744541e-04,1.474119387252478117e-05
0.000000000000000000e+00,-2.000000000000000638e-04,0.000000000000000000e+00
0.000000000000000000e+00,-2.000000000000000367e-04,0.000000000000000000e+00
0.000000000000000000e+00,-2.000000000000000367e-04,0.000000000000000000e+00
0.000000000000000000e+00,-2.000000000000000367e-04,0.000000000000000000e+00
0.000000000000000000e+00,-2.000000000000000367e-04,0.000000000000000000e+00
0.000000000000000000e+00,-2.000000000000000367e-04,0.000000000000000000e+00
0.000000000000000000e+00,-2.000000000000000638e-04,0.000000000000000000e+00
0.000000000000000000e+00,-2.000000000000000367e-04,0.000000000000000000e+00
0.000000000000000000e+00,-2.000000000000000638e-04,0.000000000000000000e+00
0.000000000000000000e+00,-2.000000000000000367e-04,0.000000000000000000e+00
0.000000000000000000e+00,-2.000000000000000367e-04,0.000000000000000000e+00
0.000000000000000000e+00,-2.000000000000000367e-04,0.000000000000000000e+00
1.780937745263552803e-05,-4.838435117683215773e-05,-2.683459350968011724e-05
2.979486953532565970e-05,-5.350635149904199610e-05,1.503977454423341218e-05
2.981571258417985956e-05,-6.325836018523783302e-05,2.048244684794104934e-05
2.532302241558652897e-05,-5.404188626079913047e-05,2.277840736578591087e-05
0.000000000000000000e+00,0.000000000000000000e+00,0.000000000000000000e+00
0.000000000000000000e+00,0.000000000000000000e+00,0.000000000000000000e+00
0.000000000000000000e+00,0.000000000000000000e+00,0.000000000000000000e+00
0.000000000000000000e+00,0.000000000000000000e+00,0.000000000000000000e+00
0.000000000000000000e+00,0.000000000000000000e+00,0.000000000000000000e+00
0.000000000000000000e+00,0.000000000000000000e+00,0.000000000000000000e+00
0.000000000000000000e+00,0.000000000000000000e+00,0.000000000000000000e+00
0.000000000000000000e+00,0.000000000000000000e+00,0.000000000000000000e+00
0.000000000000000000e+00,0.000000000000000000e+00,0.000000000000000000e+00
0.000000000000000000e+00,0.000000000000000000e+00,0.000000000000000000e+00
2.497439591480200586e-05,-7.232520037386312782e-05,-2.894011519982751549e-05
2.929133665050443099e-05,-8.177258460797519086e-05,-2.619701478376419229e-05
2.717993185908258578e-05,-6.333017897516864786e-05,-2.427464573815496231e-05
2.213566712731499330e-05,-5.369545605977368608e-05,-2.562364901514352657e-05
-2.750208245368731584e-05,-3.729028316583811204e-05,-4.344873990006836816e-06
-2.427862103741536539e-05,-3.157544279265824742e-05,-6.684431236097074342e-06
-1.524120431069794799e-05,-1.753845029977740610e-05,-3.088995209599390872e-06
-2.171864737934493290e-05,-2.521841401616203640e-05,-1.075158618177055419e-06
-3.279084416790691920e-05,-4.925366850695278819e-05,-7.629234331121204981e-07
-3.547847880811824353e-05,-6.271133541973644969e-05,8.734313244931336164e-06
-3.473477129690056452e-05,-5.697114102184163179e-05,3.747620109234751279e-06
0.000000000000000000e+00,-2.000000000000000367e-04,0.000000000000000000e+00
0.000000000000000000e+00,-2.000000000000000638e-04,0.000000000000000000e+00
0.000000000000000000e+00,-2.000000000000000367e-04,0.000000000000000000e+00
0.000000000000000000e+00,-2.000000000000000638e-04,0.000000000000000000e+00
0.000000000000000000e+00,-2.000000000000000638e-04,0.000000000000000000e+00
0.000000000000000000e+00,-2.000000000000000367e-04,0.000000000000000000e+00
0.000000000000000000e+00,-2.000000000000000367e-04,0.000000000000000000e+00
0.000000000000000000e+00,-2.000000000000000367e-04,0.000000000000000000e+00
0.000000000000000000e+00,-2.000000000000000638e-04,0.000000000000000000e+00
-3.126530608738673243e-05,-1.376247158922299459e-04,1.745247862215378978e-05
-2.159659170189386318e-05,-7.148035581978178768e-05,-3.064811700579478485e-05
-2.325782559977028553e-05,-9.062747667668576525e-05,-3.238438251466875051e-05
-2.656414436296565494e-05,-8.189481429985737365e-05,-2.842207829670316291e-05
-1.141582865376408947e-05,-1.846932686987432296e-04,-8.476123778836054242e-06
0.000000000000000000e+00,-2.000000000000000096e-04,0.000000000000000000e+00
-1.403310405982953405e-05,-1.767956532399760181e-04,-1.471983686591191851e-05
0.000000000000000000e+00,-2.000000000000000096e-04,0.000000000000000000e+00
-1.299318597369075643e-05,-1.833779853556722760e-04,-6.643980562675984643e-06
0.000000000000000000e+00,-2.000000000000000367e-04,0.000000000000000000e+00
0.000000000000000000e+00,-2.000000000000000367e-04,0.000000000000000000e+00
0.000000000000000000e+00,-2.000000000000000638e-04,0.000000000000000000e+00
-2.065090271509780576e-05,-1.565760763882215808e-04,-2.214527057561416586e-05
-1.297578155633153795e-05,-5.281532439754136937e-05,3.100052310410625675e-05
-9.599999666220303789e-06,-6.219015322126134786e-05,3.492794272812969067e-05
-1.497088273540750993e-05,-7.105170037284849695e-05,3.488214747667235611e-05
3.629085747834462914e-05,-1.381156100605394541e-04,2.567778588242503039e-06
3.333567173687013320e-05,-1.475558081124525307e-04,-2.056790618420249046e-06
3.777942780290790431e-05,-1.285783035026536066e-04,-2.496639024856848842e-06
3.747794789995004754e-05,-1.286387721024124793e-04,7.638385497724435740e-06
3.922326406599970530e-05,-1.193569084046730306e-04,2.684111906402330959e-06
3.118426583197422933e-05,-1.521034920989122144e-04,-6.399486109502196305e-06
2.524597772796637182e-05,-1.674232660335876418e-04,-1.413591575746376571e-06
3.494760595345614977e-05,-1.378368688634120851e-04,-7.043738702588877631e-06
1.695573474734228948e-05,-3.455371231671308001e-05,-1.963855130129824682e-05
-2.175241009661199367e-06,-3.554523460557157513e-05,-2.665381078901597054e-05
9.319911312633725350e-06,-1.537931143193277904e-04,-2.986009901022102414e-05
6.292684326180013996e-06,-1.741341101272747278e-04,-2.080487977028187621e-05
1.152549285737591729e-05,-1.611319960640573653e-04,-2.574931941567488273e-05
6.022313204194647286e-06,-1.474717446651137363e-04,-3.298888424627266925e-05
5.442472827340459587e-06,-1.632182878296626054e-04,-2.684307880581227897e-05
1.112290748986583561e-05,-1.383059428014021591e-04,-3.412777594513446722e-05
6.598843119018403126e-06,-1.283494885885211908e-04,-3.707696006177099051e-05
2.082923694303253226e-06,-1.607103893680101084e-04,-2.862771134917095912e-05
1.544472151004709377e-06,-1.379832885382704759e-04,-3.574943188960043056e-05
0.000000000000000000e+00,-2.000000000000000096e-04,0.000000000000000000e+00
0.000000000000000000e+00,-2.000000000000000096e-04,0.000000000000000000e+00
-1.984868154004214557e-05,-1.771686587110562767e-04,-3.695843525812496411e-07
0.000000000000000000e+00,-2.000000000000000367e-04,0.000000000000000000e+00
0.000000000000000000e+00,-2.000000000000000638e-04,0.000000000000000000e+00
0.000000000000000000e+00,-2.000000000000000096e-04,0.000000000000000000e+00
0.000000000000000000e+00,-2.000000000000000367e-04,0.000000000000000000e+00
0.000000000000000000e+00,-2.000000000000000367e-04,0.000000000000000000e+00
0.000000000000000000e+00,0.000000000000000000e+00,0.000000000000000000e+00
3.426061469052872979e-05,-7.274381057650025335e-05,1.716412286682508236e-05
2.332263988713105075e-08,-1.190612107092159350e-04,3.922268072389966439e-05
-1.171942637045095142e-07,-9.996379374190480908e-05,3.995192684521833561e-05
5.396358216430787996e-06,-1.099588690025778842e-04,3.970826395531998321e-05
-1.144807999607045338e-07,-1.376943379090738503e-04,3.585819622627842531e-05
4.915300535963760979e-06,-1.282307259546199691e-04,3.756018761961806983e-05
0.000000000000000000e+00,-2.000000000000000638e-04,0.000000000000000000e+00
0.000000000000000000e+00,-2.000000000000000638e-04,0.000000000000000000e+00
0.000000000000000000e+00,-2.000000000000000638e-04,0.000000000000000000e+00
0.000000000000000000e+00,-2.000000000000000367e-04,0.000000000000000000e+00
3.379400254419741738e-06,-1.827713462871797330e-04,1.510553197862676055e-05
3.425770325892176539e-06,-1.671154469679143016e-04,2.560570055016702642e-05
7.715058061163815596e-06,-1.670017037330169107e-04,2.478458418047908824e-05
6.821344480613561669e-06,-1.783168016618809262e-04,1.669169811210607026e-05
1.672101179244963609e-06,-1.832264989775152415e-04,1.469689538585695460e-05
0.000000000000000000e+00,-2.000000000000000096e-04,0.000000000000000000e+00
0.000000000000000000e+00,-2.000000000000000096e-04,0.000000000000000000e+00
-1.357614491568914739e-07,-1.572963910053588887e-04,3.013983431736216981e-05
4.436491870436156056e-06,-1.474233505333016729e-04,3.323421662214595538e-05
6.669391129851253236e-06,-1.574048659421590287e-04,2.942225402413465072e-05
1.304122864004511328e-05,-1.571922577101629245e-04,2.773582390827345566e-05
1.014522596630239864e-05,-1.478519013555827058e-04,3.182834334581046977e-05
-1.992073047174386583e-05,-8.101294609072364308e-05,3.376070242689213944e-05
-3.646903754966585671e-05,-1.096634929868662244e-04,-1.626075141818441599e-05
3.957811567141738347e-05,-1.003642965813395009e-04,-8.008666423927976197e-06
3.763452951148537809e-05,-9.113116841203695287e-05,-1.291953040194977062e-05
3.790555596171799160e-05,-1.098729650378890720e-04,-1.312859248213686402e-05
3.821031313351399314e-05,-1.193953176158182942e-04,-7.693118984437392061e-06
3.988595918679149868e-05,-1.099262078102312805e-04,-2.612844084001165128e-06
3.613803235196339875e-05,-1.267129312022914265e-04,-1.226015834256075426e-05
2.770415307854503611e-05,-1.472747320539261582e-04,-1.883490104622158261e-05
2.243569511670869112e-05,-1.644777807597753311e-04,-1.442930948567670019e-05
0.000000000000000000e+00,-2.000000000000000367e-04,0.000000000000000000e+00
0.000000000000000000e+00,-2.000000000000000367e-04,0.000000000000000000e+00
0.000000000000000000e+00,-2.000000000000000638e-04,0.000000000000000000e+00
0.000000000000000000e+00,-2.000000000000000367e-04,0.000000000000000000e+00
0.000000000000000000e+00,-2.000000000000000367e-04,0.000000000000000000e+00
0.000000000000000000e+00,-2.000000000000000367e-04,0.000000000000000000e+00
2.368804313009430823e-05,-4.799512662604712174e-05,-2.118751216226676527e-05
1.712010084100118392e-05,-3.024807076549903694e-05,-1.569391921096825417e-05
3.153384160593174598e-05,-7.241188400862028811e-05,-2.141963293059936273e-05
0.000000000000000000e+00,0.000000000000000000e+00,0.000000000000000000e+00
0.000000000000000000e+00,0.000000000000000000e+00,0.000000000000000000e+00
0.000000000000000000e+00,0.000000000000000000e+00,0.000000000000000000e+00
0.000000000000000000e+00,0.000000000000000000e+00,0.000000000000000000e+00
0.000000000000000000e+00,0.000000000000000000e+00,0.000000000000000000e+00
0.000000000000000000e+00,0.000000000000000000e+00,0.000000000000000000e+00
0.000000000000000000e+00,0.000000000000000000e+00,0.000000000000000000e+00
0.000000000000000000e+00,-2.000000000000000367e-04,0.000000000000000000e+00
0.000000000000000000e+00,-2.000000000000000638e-04,0.000000000000000000e+00
0.000000000000000000e+00,-2.000000000000000096e-04,0.000000000000000000e+00
-5.354004874572969088e-06,-9.028389305004408773e-05,3.958711903742590459e-05
-2.792415382241373305e-06,-1.479590129768331471e-04,-3.288401695632691221e-05
-1.884171283596437626e-06,-1.653514256557986090e-04,-2.644205967566021475e-05
-1.280733278619678386e-07,-1.815984877278668471e-04,-1.681175404145184566e-05
2.378547809356548639e-06,-1.804793366881191346e-04,-1.661361674648132057e-05
2.819090398629676774e-05,-1.288938813575777817e-04,2.530194335970839081e-05
2.522369376687288105e-05,-1.194623828751045482e-04,2.950700816973454276e-05
2.964347065800262336e-05,-1.379933849629450579e-04,2.018364548243934561e-05
2.489824694360892737e-05,-1.474177138883951774e-04,2.252796274358003734e-05
2.343675484650104086e-05,-1.382614292662273647e-04,2.753556425125517235e-05
2.165430721351653101e-05,-1.102785388739987174e-04,3.352928355458717637e-05
2.047407093857544583e-05,-1.290081022618741891e-04,3.183602825541670156e-05
-1.367857886997279458e-05,-1.606930836901817797e-05,-5.184075773835974240e-06
-1.765333999591120115e-05,-2.320501463335333873e-05,-9.644874958389106374e-06
1.301398228327249774e-06,-4.414694523085918777e-05,-3.050139898535809326e-05
-1.068248680110441578e-08,-8.066463662463010020e-05,3.949822788601410948e-05
-4.979895765963207911e-06,-7.170551665639661226e-05,3.751207541614989702e-05
-1.010891971806151625e-05,-8.120840327535156107e-05,3.745838338836193700e-05
0.000000000000000000e+00,0.000000000000000000e+00,0.000000000000000000e+00
0.000000000000000000e+00,0.000000000000000000e+00,0.000000000000000000e+00
0.000000000000000000e+00,0.000000000000000000e+00,0.000000000000000000e+00
0.000000000000000000e+00,0.000000000000000000e+00,0.000000000000000000e+00
0.000000000000000000e+00,0.000000000000000000e+00,0.000000000000000000e+00
0.000000000000000000e+00,0.000000000000000000e+00,0.000000000000000000e+00
4.761793886418147912e-06,-2.280705638004593998e-05,1.971420780961114096e-05
0.000000000000000000e+00,0.000000000000000000e+00,0.000000000000000000e+00
0.000000000000000000e+00,0.000000000000000000e+00,0.000000000000000000e+00
1.542816419665451176e-05,-1.622578187974831998e-04,2.343211464278917387e-05
1.371922964792091577e-05,-1.739755758998476267e-04,1.712708773055255268e-05
8.406312962613478538e-06,-1.802223781673201956e-04,1.466508959487966293e-05
1.810340070275563340e-05,-1.478550376750730085e-04,2.799519281766447930e-05
1.934526907055668691e-05,-1.570241000945007146e-04,2.269556462647346031e-05
0.000000000000000000e+00,-2.000000000000000096e-04,0.000000000000000000e+00
1.269755077429985955e-05,-1.804218729618981888e-04,1.158826557328302507e-05
0.000000000000000000e+00,-2.000000000000000096e-04,0.000000000000000000e+00
2.029581822789285476e-05,-1.627196113389788685e-04,1.808988509504434730e-05
0.000000000000000000e+00,-2.000000000000000096e-04,0.000000000000000000e+00
-3.523920894721029544e-05,-1.375412285256735669e-04,8.745340253732063632e-06
-3.768419145489779361e-05,-1.280663724995444511e-04,4.119950650653092755e-06
-3.823762550416970709e-05,-1.189281833807393965e-04,9.385853174098732668e-06
-3.324367267379227836e-05,-1.469462516464762659e-04,3.602428711257954230e-06
-2.946934064225026595e-05,-1.564403541107479533e-04,6.951468603741511267e-06
-3.137760510326801017e-05,-1.468684739041371280e-04,1.217393208442976202e-05
-3.504692893076271796e-05,-1.282666265945371425e-04,1.388571315356781918e-05
-2.647872965066597377e-05,-1.614721701562340616e-04,9.690238332101001604e-06
-1.971175182430560911e-05,-1.763938860133826736e-04,5.302836482893786902e-06
-2.708132976762356480e-05,-1.639855571680952806e-04,2.765937138037532346e-06
1.656791193852327420e-06,-6.293919577837966148e-05,-3.620259791175637774e-05
5.936444929649649136e-06,-5.358458195679295709e-05,-3.314388700394579526e-05
0.000000000000000000e+00,-2.000000000000000638e-04,0.000000000000000000e+00
0.000000000000000000e+00,-2.000000000000000096e-04,0.000000000000000000e+00
0.000000000000000000e+00,-2.000000000000000638e-04,0.000000000000000000e+00
0.000000000000000000e+00,0.000000000000000000e+00,0.000000000000000000e+00
0.000000000000000000e+00,0.000000000000000000e+00,0.000000000000000000e+00
0.000000000000000000e+00,0.000000000000000000e+00,0.000000000000000000e+00
0.000000000000000000e+00,0.000000000000000000e+00,0.000000000000000000e+00
0.000000000000000000e+00,0.000000000000000000e+00,0.000000000000000000e+00
-2.900135315180189864e-05,-4.066972052779960846e-05,2.533036196444610288e-06
-1.790699684461102481e-05,-2.051975776679358594e-05,1.873688879026969901e-06
0.000000000000000000e+00,0.000000000000000000e+00,0.000000000000000000e+00
0.000000000000000000e+00,0.000000000000000000e+00,0.000000000000000000e+00
3.896772280285446308e-05,-9.101516784163232482e-05,8.077181246297969550e-06
3.719261939531537793e-05,-8.224508343671143413e-05,1.272115664800902994e-05
3.441222850258251901e-05,-6.307743783937298581e-05,1.168991827891384702e-05
0.000000000000000000e+00,-2.000000000000000638e-04,0.000000000000000000e+00
0.000000000000000000e+00,-2.000000000000000638e-04,0.000000000000000000e+00
0.000000000000000000e+00,-2.000000000000000638e-04,0.000000000000000000e+00
0.000000000000000000e+00,-2.000000000000000638e-04,0.000000000000000000e+00
1.191316874001180873e-05,-1.187669143866842026e-04,-3.715782454261599169e-05
0.000000000000000000e+00,-2.000000000000000096e-04,0.000000000000000000e+00
7.312099634203430201e-06,-1.100354603336974838e-04,-3.890625667018425532e-05
1.909135911910333835e-06,-1.002015450511618225e-04,-3.993184769570886933e-05
1.948452110842765368e-06,-1.193645862356299366e-04,-3.871330491116225055e-05
-3.485981470147393126e-06,-1.098161943879869830e-04,-3.984670660188612408e-05
1.588739808185413093e-06,-8.159661964126284307e-05,-3.909265746098154894e-05
0.000000000000000000e+00,-2.000000000000000638e-04,0.000000000000000000e+00
0.000000000000000000e+00,-2.000000000000000638e-04,0.000000000000000000e+00
0.000000000000000000e+00,-2.000000000000000367e-04,0.000000000000000000e+00
0.000000000000000000e+00,-2.000000000000000096e-04,0.000000000000000000e+00
0.000000000000000000e+00,-2.000000000000000638e-04,0.000000000000000000e+00
0.000000000000000000e+00,0.000000000000000000e+00,0.000000000000000000e+00
0.000000000000000000e+00,0.000000000000000000e+00,0.000000000000000000e+00
0.000000000000000000e+00,0.000000000000000000e+00,0.000000000000000000e+00
0.000000000000000000e+00,-2.000000000000000096e-04,0.000000000000000000e+00
1.695977814416903913e-05,-1.806753553207666931e-04,-3.542814200270863389e-06
1.388355749983946093e-05,-1.851383652456349809e-04,-8.266616241911690697e-07
0.000000000000000000e+00,-2.000000000000000096e-04,0.000000000000000000e+00
1.576838919309313017e-05,-1.808314472863219440e-04,-5.708907049827791046e-06
0.000000000000000000e+00,-2.000000000000000096e-04,0.000000000000000000e+00
2.640045840556013833e-05,-1.622618504652886308e-04,-8.971730905784051590e-06
0.000000000000000000e+00,-2.000000000000000096e-04,0.000000000000000000e+00
1.764425712579584336e-05,-1.763472028140052928e-04,-9.525848487430116284e-06
2.713050648392140203e-05,-1.567949355573421577e-04,-1.358183630756549764e-05
0.000000000000000000e+00,-2.000000000000000638e-04,0.000000000000000000e+00
3.249476203650281239e-05,-1.440633512417716089e-04,-1.126876644676216961e-05
3.224760440072170264e-05,-1.381426497243547550e-04,-1.619355379938997827e-05
-3.733477956965119499e-05,-1.091669370159925389e-04,1.472877810979586497e-05
0.000000000000000000e+00,-2.000000000000000638e-04,0.000000000000000000e+00
0.000000000000000000e+00,-2.000000000000000096e-04,0.000000000000000000e+00
3.413882296623896290e-05,-1.288607574170634585e-04,1.715708942847839129e-05
3.707943763596091281e-05,-1.194071150053342527e-04,1.286461720848293858e-05
1.086598254818661282e-05,-1.826711366270640662e-05,-1.125579793957215902e-05
0.000000000000000000e+00,-2.000000000000000638e-04,0.000000000000000000e+00
0.000000000000000000e+00,-2.000000000000000367e-04,0.000000000000000000e+00
0.000000000000000000e+00,-2.000000000000000638e-04,0.000000000000000000e+00
0.000000000000000000e+00,0.000000000000000000e+00,0.000000000000000000e+00
-6.499545497901382353e-06,-1.630221287477761380e-04,-2.707727204471551896e-05
-2.351670880337230183e-06,-1.821353677978547708e-04,-1.605206329533039405e-05
-3.255226790746581367e-06,-1.287027480135743550e-04,-3.735733765680257810e-05
-3.445934841038121035e-05,-8.121672315814429106e-05,1.903740204152191135e-05
-3.551585677273871460e-05,-7.239613685045841770e-05,1.411059039446148445e-05
-3.700942158777243448e-05,-9.059561204491992233e-05,1.441537378780087724e-05
0.000000000000000000e+00,0.000000000000000000e+00,0.000000000000000000e+00
0.000000000000000000e+00,-2.000000000000000638e-04,0.000000000000000000e+00
0.000000000000000000e+00,-2.000000000000000638e-04,0.000000000000000000e+00
5.347750253416628961e-06,-9.094587977704267107e-05,3.957048874273676116e-05
1.916312366827019361e-05,-1.727067969658716972e-04,1.240808729034756822e-05
0.000000000000000000e+00,-2.000000000000000096e-04,0.000000000000000000e+00
2.500346560198669812e-05,-1.571697156194170491e-04,1.710863578638044483e-05
-3.330572591787097367e-05,-8.144558778363804980e-05,-2.081460634929553212e-05
-1.644419567126568639e-05,-1.801141742416834362e-04,7.266821580357885361e-06
0.000000000000000000e+00,-2.000000000000000096e-04,0.000000000000000000e+00
0.000000000000000000e+00,-2.000000000000000096e-04,0.000000000000000000e+00
-1.537600957228194533e-05,-1.837109024552420337e-04,1.542444474154921072e-06
-2.910272787989223747e-05,-7.240377280278398298e-05,-2.390838510547130114e-05
0.000000000000000000e+00,0.000000000000000000e+00,0.000000000000000000e+00
0.000000000000000000e+00,0.000000000000000000e+00,0.000000000000000000e+00
0.000000000000000000e+00,0.000000000000000000e+00,0.000000000000000000e+00
3.533745222317813194e-05,-8.199542159469034154e-05,-1.760490475514453536e-05
3.283827617483851146e-05,-9.123526661516709432e-05,-2.231679246788008272e-05
3.610884451452443377e-05,-1.005614596104838150e-04,-1.802413879144605744e-05
3.630408625537591243e-05,-7.237558869533611511e-05,-1.256858462850963259e-05
0.000000000000000000e+00,-2.000000000000000367e-04,0.000000000000000000e+00
0.000000000000000000e+00,-2.000000000000000638e-04,0.000000000000000000e+00
0.000000000000000000e+00,-2.000000000000000638e-04,0.000000000000000000e+00
0.000000000000000000e+00,-2.000000000000000367e-04,0.000000000000000000e+00
0.000000000000000000e+00,-2.000000000000000638e-04,0.000000000000000000e+00
0.000000000000000000e+00,-2.000000000000000367e-04,0.000000000000000000e+00
0.000000000000000000e+00,-2.000000000000000367e-04,0.000000000000000000e+00
0.000000000000000000e+00,-2.000000000000000096e-04,0.000000000000000000e+00
0.000000000000000000e+00,-2.000000000000000096e-04,0.000000000000000000e+00
0.000000000000000000e+00,-2.000000000000000367e-04,0.000000000000000000e+00
0.000000000000000000e+00,-2.000000000000000096e-04,0.000000000000000000e+00
0.000000000000000000e+00,-2.000000000000000367e-04,0.000000000000000000e+00
0.000000000000000000e+00,0.000000000000000000e+00,0.000000000000000000e+00
0.000000000000000000e+00,0.000000000000000000e+00,0.000000000000000000e+00
0.000000000000000000e+00,0.000000000000000000e+00,0.000000000000000000e+00
0.000000000000000000e+00,-2.000000000000000638e-04,0.000000000000000000e+00
0.000000000000000000e+00,-2.000000000000000638e-04,0.000000000000000000e+00
0.000000000000000000e+00,0.000000000000000000e+00,0.000000000000000000e+00
0.000000000000000000e+00,0.000000000000000000e+00,0.000000000000000000e+00
7.972898322686361794e-06,-1.383314639455165539e-04,3.517416386312943781e-05
-4.415897653448821794e-06,-1.473064064867156138e-04,3.347682872170070178e-05
0.000000000000000000e+00,0.000000000000000000e+00,0.000000000000000000e+00
0.000000000000000000e+00,-2.000000000000000367e-04,0.000000000000000000e+00
0.000000000000000000e+00,-2.000000000000000638e-04,0.000000000000000000e+00
0.000000000000000000e+00,-2.000000000000000638e-04,0.000000000000000000e+00
0.000000000000000000e+00,-2.000000000000000096e-04,0.000000000000000000e+00
0.000000000000000000e+00,0.000000000000000000e+00,0.000000000000000000e+00
0.000000000000000000e+00,0.000000000000000000e+00,0.000000000000000000e+00
0.000000000000000000e+00,-2.000000000000000638e-04,0.000000000000000000e+00
-2.445569101452337840e-05,-3.144645009175586834e-05,4.609114916361310324e-06
-3.129105229180816089e-05,-4.827141826467039543e-05,7.655299487506649943e-06
0.000000000000000000e+00,0.000000000000000000e+00,0.000000000000000000e+00
0.000000000000000000e+00,0.000000000000000000e+00,0.000000000000000000e+00
0.000000000000000000e+00,-2.000000000000000096e-04,0.000000000000000000e+00
2.946459319579572807e-05,-4.784362797286259621e-05,1.047259428041325627e-05
0.000000000000000000e+00,-2.000000000000000096e-04,0.000000000000000000e+00
0.000000000000000000e+00,-2.000000000000000367e-04,0.000000000000000000e+00
-7.301705514339261842e-08,-6.235668252878768961e-05,3.605700701947223342e-05
4.391296062668988425e-06,-5.251928054686080398e-05,3.315751478716946347e-05
1.205532011211226545e-05,-1.096704799824199921e-04,3.817883257295651307e-05
9.010013655685874138e-06,-1.007440809401681655e-04,3.923595997593064976e-05
1.689549583609090526e-05,-1.006427841456762645e-04,3.599864782659255123e-05
8.442572161589006791e-06,-1.192310328853982457e-04,3.815816511535711987e-05
0.000000000000000000e+00,0.000000000000000000e+00,0.000000000000000000e+00
0.000000000000000000e+00,0.000000000000000000e+00,0.000000000000000000e+00
0.000000000000000000e+00,0.000000000000000000e+00,0.000000000000000000e+00
0.000000000000000000e+00,0.000000000000000000e+00,0.000000000000000000e+00
1.535193921267645223e-05,-1.382876631699815346e-04,3.278264512639043790e-05
1.146696052858557720e-05,-1.290346959733533418e-04,3.604437089920706780e-05
0.000000000000000000e+00,-2.000000000000000367e-04,0.000000000000000000e+00
0.000000000000000000e+00,-2.000000000000000638e-04,0.000000000000000000e+00
0.000000000000000000e+00,-2.000000000000000367e-04,0.000000000000000000e+00
0.000000000000000000e+00,-2.000000000000000096e-04,0.000000000000000000e+00
3.790152229435123679e-05,-1.006089208170461984e-04,1.314085628394865717e-05
3.884900678741274091e-05,-1.098212322436740307e-04,7.858434868185715225e-06
1.669818284538612503e-05,-1.196812975830033185e-04,3.533530399619272031e-05
0.000000000000000000e+00,-2.000000000000000638e-04,0.000000000000000000e+00
0.000000000000000000e+00,0.000000000000000000e+00,0.000000000000000000e+00
0.000000000000000000e+00,0.000000000000000000e+00,0.000000000000000000e+00
0.000000000000000000e+00,-2.000000000000000638e-04,0.000000000000000000e+00
3.477357803634941103e-05,-1.191383191018039644e-04,-1.735837220481087234e-05
0.000000000000000000e+00,-2.000000000000000367e-04,0.000000000000000000e+00
0.000000000000000000e+00,-2.000000000000000096e-04,0.000000000000000000e+00
0.000000000000000000e+00,0.000000000000000000e+00,0.000000000000000000e+00
5.079741742255099910e-06,-7.176648758353035794e-05,3.737281573000908100e-05
3.997649802066627616e-05,-1.006730444707014708e-04,2.538829121546065854e-06
