0,1,2,3,4,5
6,7,8,9,10,11
12,13,14,15,16,17
2,18,0,19,20,5
8,21,6,22,23,11
24,25,26,27,28,29
30,31,24,32,33,34
35,25,24,36,27,37
24,31,38,33,39,40
41,24,26,42,29,43
30,24,41,34,42,44
12,45,13,46,47,15
48,49,50,51,52,53
54,55,56,57,58,59
31,49,48,60,51,61
56,55,25,58,62,63
64,65,66,67,68,69
70,71,72,73,74,75
66,76,64,77,78,69
72,79,70,80,81,75
0,82,1,83,84,3
7,85,8,86,87,10
13,88,14,89,90,16
91,92,93,94,95,96
97,98,99,100,101,102
103,56,104,105,106,107
108,48,109,110,111,112
113,114,115,116,117,118
119,35,38,120,121,122
123,108,109,124,112,125
103,104,126,107,127,128
6,129,130,131,132,133
134,135,2,136,137,138
130,129,139,132,140,141
13,135,134,142,136,143
66,65,7,68,144,145
1,71,70,146,73,147
21,129,6,148,131,23
48,149,109,150,151,111
103,152,56,153,154,105
2,135,18,137,155,19
156,114,157,158,159,160
38,108,161,162,163,164
165,104,35,166,167,168
18,169,0,170,171,20
8,172,21,173,174,22
35,24,38,37,40,121
93,92,103,95,175,176
109,98,97,177,100,178
119,38,161,122,164,179
165,35,119,168,120,180
181,156,157,182,160,183
65,85,7,184,86,144
1,82,71,84,185,146
115,186,187,188,189,190
191,192,193,194,195,196
191,193,197,196,198,199
113,115,187,118,190,200
38,31,108,39,201,162
104,25,35,202,36,167
93,103,126,176,128,203
123,109,97,125,178,204
205,192,191,206,194,207
187,186,208,189,209,210
157,114,113,159,116,211
161,108,123,163,124,212
126,104,165,127,166,213
0,169,214,171,215,216
217,172,8,218,173,219
220,72,221,222,223,224
225,64,226,227,228,229
217,8,230,219,231,232
233,0,214,234,216,235
56,236,54,237,238,59
50,239,48,240,241,53
220,242,72,243,244,222
214,169,245,215,246,247
248,172,217,249,218,250
114,251,115,252,253,117
103,92,152,175,254,153
149,98,109,255,177,151
98,256,99,257,258,101
64,259,226,260,261,228
91,262,92,263,264,94
265,242,220,266,243,267
268,269,181,270,271,272
226,259,273,261,274,275
276,277,278,279,280,281
282,283,284,285,286,287
288,66,7,289,145,290
1,70,291,147,292,293
30,49,31,294,60,32
25,55,26,62,295,28
282,296,283,297,298,285
277,299,278,300,301,280
296,134,302,303,304,305
306,130,299,307,308,309
288,6,130,310,133,311
134,2,291,138,312,313
296,302,283,305,314,298
277,306,299,315,309,300
269,316,181,317,318,271
306,288,130,319,311,307
134,291,302,313,320,304
2,1,291,4,293,312
288,7,6,290,9,310
18,192,169,321,322,170
172,186,21,323,324,174
130,139,299,141,325,308
296,13,134,326,143,303
72,71,221,74,327,223
225,65,64,328,67,227
284,30,41,329,44,330
41,26,276,43,331,332
333,334,335,336,337,338
277,54,306,339,340,315
302,50,283,341,342,314
288,343,66,344,345,289
70,346,291,347,348,292
197,349,268,350,351,352
8,85,230,87,353,231
233,82,0,354,83,234
306,343,288,355,344,319
291,346,302,348,356,320
334,14,335,357,358,337
333,359,334,360,361,336
108,31,48,201,61,110
56,25,104,63,202,106
362,12,14,363,17,364
349,269,268,365,270,351
129,251,139,366,367,140
193,368,45,369,370,371
129,372,251,373,374,366
45,349,193,375,376,371
54,343,306,377,355,340
302,346,50,356,378,341
251,372,115,374,379,253
380,262,91,381,263,382
334,362,14,383,364,357
208,384,385,386,387,388
389,390,205,391,392,393
99,256,394,258,395,396
276,55,277,397,398,279
283,49,284,399,400,286
139,401,402,403,404,405
139,402,299,405,406,325
296,88,13,407,89,326
273,262,380,408,381,409
385,384,248,387,410,411
245,390,389,412,391,413
394,256,265,395,414,415
152,236,56,416,237,154
48,239,149,241,417,150
92,262,259,264,418,419
284,49,30,400,294,329
26,55,276,295,397,331
242,256,98,420,257,421
45,368,135,370,422,423
205,390,192,392,424,206
186,384,208,425,386,209
343,76,66,426,77,345
70,79,346,81,427,347
221,71,428,327,429,430
431,65,225,432,328,433
76,434,64,435,436,78
72,437,79,438,439,80
402,401,359,404,440,441
335,88,282,442,443,444
278,402,333,445,446,447
156,448,114,449,450,158
181,316,156,318,451,182
13,45,135,47,423,142
193,349,197,376,350,198
71,82,428,185,452,429
431,85,65,453,184,432
299,402,278,406,445,301
282,88,296,443,407,297
277,55,54,398,57,339
50,49,283,52,399,342
192,390,169,424,454,322
172,384,186,455,425,323
114,448,251,450,456,252
242,437,72,457,438,244
92,434,152,458,459,254
149,437,98,460,461,255
115,372,186,379,462,188
192,368,193,463,369,195
64,434,259,436,464,260
12,349,45,465,375,46
333,402,359,446,441,360
14,88,335,90,442,358
448,401,251,466,467,456
259,434,92,464,458,419
12,269,349,468,365,465
98,437,242,461,457,421
428,82,233,452,354,469
230,85,431,353,453,470
186,372,21,462,471,324
18,368,192,472,463,321
169,390,245,454,412,246
248,384,172,410,455,249
362,269,12,473,468,363
343,236,76,474,475,426
79,239,346,476,477,427
259,262,273,418,408,274
334,478,362,479,480,383
265,256,242,414,420,266
359,478,334,481,479,361
21,372,129,471,373,148
135,368,18,422,472,155
76,236,152,475,416,482
149,239,79,417,476,483
54,236,343,238,474,377
346,239,50,477,240,378
79,437,149,439,460,483
152,434,76,459,435,482
251,401,139,467,403,367
478,316,362,484,485,480
448,478,359,486,481,487
156,316,478,451,484,488
156,478,448,488,486,449
359,401,448,440,466,487
362,316,269,485,317,473
