2.00000000e+01,2.00000010e+01,2.00000074e+01,2.00000342e+01,2.00001205e+01
2.00000000e+01,2.00000005e+01,2.00000046e+01,2.00000240e+01,2.00000912e+01
2.00000000e+01,2.00000029e+01,2.00000249e+01,2.00001208e+01,2.00004267e+01
2.00000000e+01,2.00000076e+01,2.00000500e+01,2.00002068e+01,2.00006547e+01
2.00000000e+01,2.00000004e+01,2.00000046e+01,2.00000250e+01,2.00000966e+01
2.00000000e+01,2.00000007e+01,2.00000072e+01,2.00000388e+01,2.00001489e+01
2.00000000e+01,2.00000026e+01,2.00000249e+01,2.00001247e+01,2.00004471e+01
2.00000000e+01,2.00000014e+01,2.00000115e+01,2.00000554e+01,2.00001975e+01
2.00000000e+01,2.00000011e+01,2.00000096e+01,2.00000482e+01,2.00001772e+01
2.00000000e+01,2.00000003e+01,2.00000033e+01,2.00000185e+01,2.00000732e+01
2.00000000e+01,2.00000018e+01,2.00000168e+01,2.00000865e+01,2.00003195e+01
2.00000000e+01,2.00000003e+01,2.00000033e+01,2.00000189e+01,2.00000757e+01
2.00000000e+01,2.00000005e+01,2.00000056e+01,2.00000312e+01,2.00001225e+01
2.00000000e+01,2.00000019e+01,2.00000182e+01,2.00000940e+01,2.00003458e+01
2.00000000e+01,2.00000006e+01,2.00000063e+01,2.00000342e+01,2.00001325e+01
2.00000000e+01,2.00000005e+01,2.00000046e+01,2.00000240e+01,2.00000912e+01
2.00000000e+01,2.00000029e+01,2.00000249e+01,2.00001208e+01,2.00004267e+01
2.00000000e+01,2.00000003e+01,2.00000033e+01,2.00000189e+01,2.00000757e+01
2.00000000e+01,2.00000007e+01,2.00000072e+01,2.00000388e+01,2.00001489e+01
2.00000000e+01,2.00000019e+01,2.00000182e+01,2.00000940e+01,2.00003459e+01
2.00000000e+01,2.00000006e+01,2.00000063e+01,2.00000342e+01,2.00001325e+01
2.00000000e+01,2.00000010e+01,2.00000074e+01,2.00000342e+01,2.00001205e+01
2.00000000e+01,2.00000076e+01,2.00000500e+01,2.00002068e+01,2.00006547e+01
2.00000000e+01,2.00000004e+01,2.00000046e+01,2.00000250e+01,2.00000966e+01
2.00000000e+01,2.00000014e+01,2.00000115e+01,2.00000554e+01,2.00001975e+01
2.00000000e+01,2.00000026e+01,2.00000249e+01,2.00001247e+01,2.00004471e+01
2.00000000e+01,2.00000011e+01,2.00000096e+01,2.00000482e+01,2.00001772e+01
2.00000000e+01,2.00013773e+01,2.00089963e+01,2.00328336e+01,2.00883462e+01
2.00000000e+01,2.00012596e+01,2.00082607e+01,2.00303024e+01,2.00819739e+01
2.00000000e+01,2.00003575e+01,2.00025348e+01,2.00099611e+01,2.00286496e+01
2.00000000e+01,2.00005812e+01,2.00039910e+01,2.00152218e+01,2.00425967e+01
2.00000000e+01,2.00013189e+01,2.00086448e+01,2.00316574e+01,2.00854487e+01
2.00000000e+01,2.00006820e+01,2.00046484e+01,2.00176406e+01,2.00491809e+01
2.00000000e+01,2.00004735e+01,2.00032991e+01,2.00127487e+01,2.00360992e+01
2.00000000e+01,2.00009042e+01,2.00060530e+01,2.00225746e+01,2.00619213e+01
2.00000000e+01,2.00007988e+01,2.00053974e+01,2.00202976e+01,2.00560936e+01
2.00000000e+01,2.00012466e+01,2.00080316e+01,2.00291836e+01,2.00785736e+01
2.00000000e+01,2.00002048e+01,2.00014738e+01,2.00059213e+01,2.00174548e+01
2.00000000e+01,2.00012391e+01,2.00080680e+01,2.00294996e+01,2.00797074e+01
2.00000000e+01,2.00005175e+01,2.00035124e+01,2.00134059e+01,2.00377463e+01
2.00000000e+01,2.00002699e+01,2.00019318e+01,2.00076864e+01,2.00224023e+01
2.00000000e+01,2.00005863e+01,2.00040081e+01,2.00152959e+01,2.00429276e+01
2.00000000e+01,2.00014178e+01,2.00085895e+01,2.00301957e+01,2.00797349e+01
2.00000000e+01,2.00001132e+01,2.00008532e+01,2.00035175e+01,2.00106086e+01
2.00000000e+01,2.00013157e+01,2.00082369e+01,2.00294823e+01,2.00786994e+01
2.00000000e+01,2.00004383e+01,2.00028311e+01,2.00106357e+01,2.00298703e+01
2.00000000e+01,2.00001580e+01,2.00011339e+01,2.00045811e+01,2.00136261e+01
2.00000000e+01,2.00004693e+01,2.00031310e+01,2.00118896e+01,2.00334799e+01
2.00000000e+01,2.00017875e+01,2.00097241e+01,2.00326564e+01,2.00839847e+01
2.00000000e+01,2.00001163e+01,2.00007088e+01,2.00026792e+01,2.00077269e+01
2.00000000e+01,2.00017143e+01,2.00094634e+01,2.00319365e+01,2.00825049e+01
2.00000000e+01,2.00003142e+01,2.00020870e+01,2.00079844e+01,2.00228034e+01
2.00000000e+01,2.00001081e+01,2.00007258e+01,2.00028813e+01,2.00085867e+01
2.00000000e+01,2.00003795e+01,2.00024723e+01,2.00093399e+01,2.00263703e+01
2.00000000e+01,2.00001010e+01,2.00007712e+01,2.00032376e+01,2.00098851e+01
2.00000000e+01,2.00002342e+01,2.00016936e+01,2.00067641e+01,2.00197309e+01
2.00000000e+01,2.00001925e+01,2.00014143e+01,2.00057386e+01,2.00169895e+01
2.00000000e+01,2.00001723e+01,2.00012723e+01,2.00051796e+01,2.00153724e+01
2.00000000e+01,2.00003698e+01,2.00026045e+01,2.00101604e+01,2.00290160e+01
2.00000000e+01,2.00002842e+01,2.00020387e+01,2.00080862e+01,2.00234398e+01
2.00000000e+01,2.00000334e+01,2.00002678e+01,2.00011812e+01,2.00037850e+01
2.00000000e+01,2.00000837e+01,2.00006338e+01,2.00026673e+01,2.00081999e+01
2.00000000e+01,2.00000586e+01,2.00004581e+01,2.00019738e+01,2.00061809e+01
2.00000000e+01,2.00001267e+01,2.00009485e+01,2.00039264e+01,2.00118580e+01
2.00000000e+01,2.00000118e+01,2.00000961e+01,2.00004329e+01,2.00014267e+01
2.00000000e+01,2.00000398e+01,2.00002949e+01,2.00012545e+01,2.00039453e+01
2.00000000e+01,2.00000205e+01,2.00001604e+01,2.00007108e+01,2.00023105e+01
2.00000000e+01,2.00000551e+01,2.00004242e+01,2.00018127e+01,2.00056636e+01
2.00000000e+01,2.00000142e+01,2.00001153e+01,2.00005204e+01,2.00017198e+01
2.00000000e+01,2.00000050e+01,2.00000463e+01,2.00002248e+01,2.00007833e+01
2.00000000e+01,2.00000294e+01,2.00002103e+01,2.00008870e+01,2.00027911e+01
2.00000000e+01,2.00000556e+01,2.00004405e+01,2.00019106e+01,2.00060035e+01
2.00000000e+01,2.00000978e+01,2.00007480e+01,2.00031422e+01,2.00095929e+01
2.00000000e+01,2.00000779e+01,2.00006040e+01,2.00025693e+01,2.00079342e+01
2.00000000e+01,2.00000816e+01,2.00006323e+01,2.00026849e+01,2.00082760e+01
2.00000000e+01,2.00001481e+01,2.00011015e+01,2.00045114e+01,2.00134637e+01
2.00000000e+01,2.00001199e+01,2.00009051e+01,2.00037562e+01,2.00113424e+01
2.00000000e+01,2.00000208e+01,2.00001739e+01,2.00007935e+01,2.00026127e+01
2.00000000e+01,2.00000270e+01,2.00002210e+01,2.00009913e+01,2.00032183e+01
2.00000000e+01,2.00000347e+01,2.00002828e+01,2.00012568e+01,2.00040391e+01
2.00000000e+01,2.00000464e+01,2.00003699e+01,2.00016166e+01,2.00051200e+01
2.00000000e+01,2.00000072e+01,2.00000636e+01,2.00003047e+01,2.00010502e+01
2.00000000e+01,2.00000094e+01,2.00000788e+01,2.00003662e+01,2.00012373e+01
2.00000000e+01,2.00000124e+01,2.00001059e+01,2.00004950e+01,2.00016672e+01
2.00000000e+01,2.00000159e+01,2.00001321e+01,2.00006048e+01,2.00020058e+01
2.00000000e+01,2.00000042e+01,2.00000380e+01,2.00001859e+01,2.00006554e+01
2.00000000e+01,2.00000052e+01,2.00000456e+01,2.00002180e+01,2.00007543e+01
2.00000000e+01,2.00000358e+01,2.00002947e+01,2.00013196e+01,2.00042629e+01
2.00000000e+01,2.00000632e+01,2.00005015e+01,2.00021741e+01,2.00068232e+01
2.00000000e+01,2.00000419e+01,2.00003397e+01,2.00015028e+01,2.00048050e+01
2.00000000e+01,2.00000520e+01,2.00004180e+01,2.00018331e+01,2.00058123e+01
2.00000000e+01,2.00000712e+01,2.00005588e+01,2.00024007e+01,2.00074752e+01
2.00000000e+01,2.00000598e+01,2.00004744e+01,2.00020586e+01,2.00064675e+01
2.00000000e+01,2.00000140e+01,2.00001213e+01,2.00005706e+01,2.00019279e+01
2.00000000e+01,2.00000162e+01,2.00001387e+01,2.00006444e+01,2.00021550e+01
2.00000000e+01,2.00000229e+01,2.00001931e+01,2.00008852e+01,2.00029220e+01
2.00000000e+01,2.00000266e+01,2.00002216e+01,2.00010038e+01,2.00032797e+01
2.00000000e+01,2.00000049e+01,2.00000453e+01,2.00002245e+01,2.00007951e+01
2.00000000e+01,2.00000057e+01,2.00000513e+01,2.00002510e+01,2.00008797e+01
2.00000000e+01,2.00000084e+01,2.00000748e+01,2.00003609e+01,2.00012478e+01
2.00000000e+01,2.00000097e+01,2.00000850e+01,2.00004052e+01,2.00013874e+01
2.00000000e+01,2.00000029e+01,2.00000273e+01,2.00001384e+01,2.00005020e+01
2.00000000e+01,2.00000033e+01,2.00000308e+01,2.00001545e+01,2.00005543e+01
2.00000000e+01,2.00000556e+01,2.00004405e+01,2.00019106e+01,2.00060035e+01
2.00000000e+01,2.00000978e+01,2.00007480e+01,2.00031422e+01,2.00095930e+01
2.00000000e+01,2.00000419e+01,2.00003397e+01,2.00015028e+01,2.00048050e+01
2.00000000e+01,2.00000816e+01,2.00006323e+01,2.00026849e+01,2.00082760e+01
2.00000000e+01,2.00000712e+01,2.00005588e+01,2.00024007e+01,2.00074752e+01
2.00000000e+01,2.00000598e+01,2.00004744e+01,2.00020586e+01,2.00064675e+01
2.00000000e+01,2.00000208e+01,2.00001739e+01,2.00007935e+01,2.00026127e+01
2.00000000e+01,2.00000162e+01,2.00001387e+01,2.00006444e+01,2.00021550e+01
2.00000000e+01,2.00000347e+01,2.00002828e+01,2.00012568e+01,2.00040391e+01
2.00000000e+01,2.00000266e+01,2.00002216e+01,2.00010038e+01,2.00032797e+01
2.00000000e+01,2.00000072e+01,2.00000636e+01,2.00003047e+01,2.00010502e+01
2.00000000e+01,2.00000057e+01,2.00000513e+01,2.00002510e+01,2.00008797e+01
2.00000000e+01,2.00000124e+01,2.00001059e+01,2.00004950e+01,2.00016672e+01
2.00000000e+01,2.00000097e+01,2.00000850e+01,2.00004052e+01,2.00013874e+01
2.00000000e+01,2.00000042e+01,2.00000380e+01,2.00001859e+01,2.00006554e+01
2.00000000e+01,2.00000033e+01,2.00000308e+01,2.00001545e+01,2.00005543e+01
2.00000000e+01,2.00001010e+01,2.00007712e+01,2.00032377e+01,2.00098851e+01
2.00000000e+01,2.00002342e+01,2.00016936e+01,2.00067641e+01,2.00197309e+01
2.00000000e+01,2.00000779e+01,2.00006040e+01,2.00025693e+01,2.00079342e+01
2.00000000e+01,2.00001722e+01,2.00012723e+01,2.00051796e+01,2.00153724e+01
2.00000000e+01,2.00001481e+01,2.00011015e+01,2.00045115e+01,2.00134637e+01
2.00000000e+01,2.00001199e+01,2.00009051e+01,2.00037562e+01,2.00113424e+01
2.00000000e+01,2.00000334e+01,2.00002678e+01,2.00011812e+01,2.00037850e+01
2.00000000e+01,2.00000270e+01,2.00002210e+01,2.00009913e+01,2.00032184e+01
2.00000000e+01,2.00000586e+01,2.00004581e+01,2.00019738e+01,2.00061810e+01
2.00000000e+01,2.00000464e+01,2.00003699e+01,2.00016167e+01,2.00051201e+01
2.00000000e+01,2.00000118e+01,2.00000961e+01,2.00004329e+01,2.00014267e+01
2.00000000e+01,2.00000094e+01,2.00000788e+01,2.00003662e+01,2.00012373e+01
2.00000000e+01,2.00000205e+01,2.00001604e+01,2.00007108e+01,2.00023105e+01
2.00000000e+01,2.00000159e+01,2.00001321e+01,2.00006048e+01,2.00020058e+01
2.00000000e+01,2.00000050e+01,2.00000463e+01,2.00002248e+01,2.00007833e+01
2.00000000e+01,2.00000052e+01,2.00000456e+01,2.00002180e+01,2.00007543e+01
2.00000000e+01,2.00003575e+01,2.00025348e+01,2.00099611e+01,2.00286497e+01
2.00000000e+01,2.00005812e+01,2.00039911e+01,2.00152219e+01,2.00425968e+01
2.00000000e+01,2.00001925e+01,2.00014143e+01,2.00057386e+01,2.00169896e+01
2.00000000e+01,2.00004735e+01,2.00032991e+01,2.00127488e+01,2.00360993e+01
2.00000000e+01,2.00003698e+01,2.00026046e+01,2.00101605e+01,2.00290161e+01
2.00000000e+01,2.00002842e+01,2.00020387e+01,2.00080863e+01,2.00234399e+01
2.00000000e+01,2.00002048e+01,2.00014738e+01,2.00059213e+01,2.00174549e+01
2.00000000e+01,2.00000837e+01,2.00006338e+01,2.00026673e+01,2.00082000e+01
2.00000000e+01,2.00002699e+01,2.00019318e+01,2.00076864e+01,2.00224023e+01
2.00000000e+01,2.00001267e+01,2.00009485e+01,2.00039264e+01,2.00118581e+01
2.00000000e+01,2.00001132e+01,2.00008532e+01,2.00035175e+01,2.00106087e+01
2.00000000e+01,2.00000398e+01,2.00002949e+01,2.00012545e+01,2.00039453e+01
2.00000000e+01,2.00001580e+01,2.00011339e+01,2.00045811e+01,2.00136262e+01
2.00000000e+01,2.00000551e+01,2.00004242e+01,2.00018128e+01,2.00056636e+01
2.00000000e+01,2.00001163e+01,2.00007088e+01,2.00026793e+01,2.00077270e+01
2.00000000e+01,2.00000142e+01,2.00001153e+01,2.00005204e+01,2.00017198e+01
2.00000000e+01,2.00001081e+01,2.00007258e+01,2.00028813e+01,2.00085867e+01
2.00000000e+01,2.00000294e+01,2.00002103e+01,2.00008870e+01,2.00027912e+01
2.00000000e+01,2.00012596e+01,2.00082607e+01,2.00303025e+01,2.00819741e+01
2.00000000e+01,2.00013774e+01,2.00089963e+01,2.00328337e+01,2.00883464e+01
2.00000000e+01,2.00006820e+01,2.00046485e+01,2.00176406e+01,2.00491810e+01
2.00000000e+01,2.00013189e+01,2.00086449e+01,2.00316575e+01,2.00854489e+01
2.00000000e+01,2.00009042e+01,2.00060531e+01,2.00225747e+01,2.00619214e+01
2.00000000e+01,2.00007989e+01,2.00053974e+01,2.00202977e+01,2.00560937e+01
2.00000000e+01,2.00012467e+01,2.00080317e+01,2.00291837e+01,2.00785737e+01
2.00000000e+01,2.00005175e+01,2.00035125e+01,2.00134060e+01,2.00377464e+01
2.00000000e+01,2.00012391e+01,2.00080680e+01,2.00294997e+01,2.00797076e+01
2.00000000e+01,2.00005863e+01,2.00040081e+01,2.00152959e+01,2.00429277e+01
2.00000000e+01,2.00014178e+01,2.00085895e+01,2.00301958e+01,2.00797350e+01
2.00000000e+01,2.00004383e+01,2.00028311e+01,2.00106357e+01,2.00298704e+01
2.00000000e+01,2.00013157e+01,2.00082370e+01,2.00294824e+01,2.00786996e+01
2.00000000e+01,2.00004693e+01,2.00031310e+01,2.00118896e+01,2.00334800e+01
2.00000000e+01,2.00017875e+01,2.00097241e+01,2.00326565e+01,2.00839848e+01
2.00000000e+01,2.00003142e+01,2.00020870e+01,2.00079844e+01,2.00228035e+01
2.00000000e+01,2.00017143e+01,2.00094634e+01,2.00319365e+01,2.00825050e+01
2.00000000e+01,2.00003795e+01,2.00024723e+01,2.00093399e+01,2.00263703e+01
2.00000000e+01,2.00029330e+01,2.00182718e+01,2.00640096e+01,2.01661390e+01
2.00000000e+01,2.00040968e+01,2.00246136e+01,2.00837670e+01,2.02123133e+01
2.00000000e+01,2.00020439e+01,2.00130307e+01,2.00465688e+01,2.01230032e+01
2.00000000e+01,2.00032875e+01,2.00202493e+01,2.00703003e+01,2.01811242e+01
2.00000000e+01,2.00022871e+01,2.00143851e+01,2.00509066e+01,2.01334549e+01
2.00000000e+01,2.00021199e+01,2.00134752e+01,2.00480512e+01,2.01267012e+01
2.00000000e+01,2.00075825e+01,2.00423208e+01,2.01362205e+01,2.03300885e+01
2.00000000e+01,2.00054803e+01,2.00318131e+01,2.01054360e+01,2.02615406e+01
2.00000000e+01,2.00030400e+01,2.00183092e+01,2.00628580e+01,2.01610644e+01
2.00000000e+01,2.00025890e+01,2.00159952e+01,2.00558755e+01,2.01450305e+01
2.00000000e+01,2.00159674e+01,2.00792784e+01,2.02366694e+01,2.05427409e+01
2.00000000e+01,2.00110290e+01,2.00580248e+01,2.01797325e+01,2.04234223e+01
2.00000000e+01,2.00044015e+01,2.00249543e+01,2.00823282e+01,2.02049781e+01
2.00000000e+01,2.00036286e+01,2.00212574e+01,2.00716216e+01,2.01810016e+01
2.00000000e+01,2.00307645e+01,2.01379229e+01,2.03886991e+01,2.08552168e+01
2.00000000e+01,2.00237332e+01,2.01090735e+01,2.03118888e+01,2.06946846e+01
2.00000000e+01,2.00065639e+01,2.00349299e+01,2.01104993e+01,2.02669190e+01
2.00000000e+01,2.00052776e+01,2.00292140e+01,2.00946877e+01,2.02326278e+01
2.00000000e+01,2.00053460e+01,2.00318887e+01,2.01077410e+01,2.02711164e+01
2.00000000e+01,2.00123842e+01,2.00673641e+01,2.02111075e+01,2.04988575e+01
2.00000000e+01,2.00040507e+01,2.00246821e+01,2.00848570e+01,2.02166971e+01
2.00000000e+01,2.00070795e+01,2.00408835e+01,2.01345585e+01,2.03313369e+01
2.00000000e+01,2.00070378e+01,2.00404242e+01,2.01324246e+01,2.03247908e+01
2.00000000e+01,2.00048686e+01,2.00290905e+01,2.00984439e+01,2.02481244e+01
2.00000000e+01,2.00433498e+01,2.02078436e+01,2.05880613e+01,2.12753398e+01
2.00000000e+01,2.00230790e+01,2.01179172e+01,2.03510684e+01,2.07944628e+01
2.00000000e+01,2.00170210e+01,2.00903311e+01,2.02765548e+01,2.06396401e+01
2.00000000e+01,2.00107669e+01,2.00595826e+01,2.01889627e+01,2.04504965e+01
2.00000000e+01,2.01564442e+01,2.06500548e+01,2.16478917e+01,2.32683606e+01
2.00000000e+01,2.00827646e+01,2.03697707e+01,2.09903389e+01,2.20534690e+01
2.00000000e+01,2.00419456e+01,2.02064238e+01,2.05913866e+01,2.12909155e+01
2.00000000e+01,2.00261823e+01,2.01348595e+01,2.04011522e+01,2.09037485e+01
2.00000000e+01,2.05388087e+01,2.19169443e+01,2.43509666e+01,2.79076608e+01
2.00000000e+01,2.02978883e+01,2.11410392e+01,2.27278745e+01,2.51656394e+01
2.00000000e+01,2.01162618e+01,2.05056590e+01,2.13197349e+01,2.26748812e+01
2.00000000e+01,2.00665627e+01,2.03147165e+01,2.08692760e+01,2.18389038e+01
2.00000000e+01,2.00078391e+01,2.00454870e+01,2.01501642e+01,2.03704094e+01
2.00000000e+01,2.00162700e+01,2.00865156e+01,2.02662907e+01,2.06199813e+01
2.00000000e+01,2.00066638e+01,2.00391195e+01,2.01304230e+01,2.03244645e+01
2.00000000e+01,2.00098586e+01,2.00555987e+01,2.01794031e+01,2.04343239e+01
2.00000000e+01,2.00142684e+01,2.00766280e+01,2.02377849e+01,2.05574328e+01
2.00000000e+01,2.00084713e+01,2.00483062e+01,2.01573105e+01,2.03838427e+01
2.00000000e+01,2.00517393e+01,2.02433696e+01,2.06788068e+01,2.14555848e+01
2.00000000e+01,2.00286108e+01,2.01434461e+01,2.04207670e+01,2.09406786e+01
2.00000000e+01,2.00476029e+01,2.02256719e+01,2.06333013e+01,2.13647583e+01
2.00000000e+01,2.00256791e+01,2.01299859e+01,2.03841671e+01,2.08641592e+01
2.00000000e+01,2.01693197e+01,2.06966040e+01,2.17543194e+01,2.34620768e+01
2.00000000e+01,2.00931656e+01,2.04113753e+01,2.10919919e+01,2.22480442e+01
2.00000000e+01,2.01626934e+01,2.06723998e+01,2.16989604e+01,2.33614777e+01
2.00000000e+01,2.00874418e+01,2.03888006e+01,2.10374288e+01,2.21444750e+01
2.00000000e+01,2.05532050e+01,2.19535177e+01,2.44141000e+01,2.79972647e+01
2.00000000e+01,2.03051907e+01,2.11685370e+01,2.27916677e+01,2.52823330e+01
2.00000000e+01,2.05565762e+01,2.19620649e+01,2.44288275e+01,2.80180918e+01
2.00000000e+01,2.02997459e+01,2.11501261e+01,2.27515882e+01,2.52121701e+01
2.00000000e+01,2.00089525e+01,2.00514408e+01,2.01684274e+01,2.04125334e+01
2.00000000e+01,2.00179484e+01,2.00948191e+01,2.02903027e+01,2.06728685e+01
2.00000000e+01,2.00086573e+01,2.00498690e+01,2.01636256e+01,2.04014985e+01
2.00000000e+01,2.00111675e+01,2.00624527e+01,2.02000980e+01,2.04814739e+01
2.00000000e+01,2.00171802e+01,2.00910606e+01,2.02795727e+01,2.06495510e+01
2.00000000e+01,2.00107308e+01,2.00602003e+01,2.01933830e+01,2.04663405e+01
2.00000000e+01,2.00549224e+01,2.02570032e+01,2.07139922e+01,2.15262045e+01
2.00000000e+01,2.00309163e+01,2.01540795e+01,2.04498601e+01,2.10019410e+01
2.00000000e+01,2.00533623e+01,2.02503402e+01,2.06968930e+01,2.14921412e+01
2.00000000e+01,2.00297659e+01,2.01488606e+01,2.04358044e+01,2.09727967e+01
2.00000000e+01,2.01742787e+01,2.07148425e+01,2.17962632e+01,2.35387385e+01
2.00000000e+01,2.00973631e+01,2.04280468e+01,2.11325916e+01,2.23257541e+01
2.00000000e+01,2.01717980e+01,2.07057290e+01,2.17753777e+01,2.35007553e+01
2.00000000e+01,2.00952112e+01,2.04195845e+01,2.11121748e+01,2.22870455e+01
2.00000000e+01,2.05545343e+01,2.19569567e+01,2.44204188e+01,2.80071147e+01
2.00000000e+01,2.03098241e+01,2.11839970e+01,2.28250060e+01,2.53403726e+01
2.00000000e+01,2.05548941e+01,2.19577171e+01,2.44214397e+01,2.80080500e+01
2.00000000e+01,2.03074613e+01,2.11761270e+01,2.28081065e+01,2.53111249e+01
2.00000000e+01,2.00040969e+01,2.00246138e+01,2.00837673e+01,2.02123137e+01
2.00000000e+01,2.00029331e+01,2.00182719e+01,2.00640098e+01,2.01661393e+01
2.00000000e+01,2.00022871e+01,2.00143852e+01,2.00509068e+01,2.01334552e+01
2.00000000e+01,2.00032876e+01,2.00202494e+01,2.00703006e+01,2.01811245e+01
2.00000000e+01,2.00020440e+01,2.00130308e+01,2.00465690e+01,2.01230034e+01
2.00000000e+01,2.00021200e+01,2.00134753e+01,2.00480514e+01,2.01267014e+01
2.00000000e+01,2.00075826e+01,2.00423210e+01,2.01362208e+01,2.03300888e+01
2.00000000e+01,2.00030401e+01,2.00183093e+01,2.00628582e+01,2.01610647e+01
2.00000000e+01,2.00054804e+01,2.00318133e+01,2.01054362e+01,2.02615410e+01
2.00000000e+01,2.00025890e+01,2.00159953e+01,2.00558756e+01,2.01450307e+01
2.00000000e+01,2.00159674e+01,2.00792784e+01,2.02366695e+01,2.05427411e+01
2.00000000e+01,2.00044015e+01,2.00249544e+01,2.00823284e+01,2.02049783e+01
2.00000000e+01,2.00110290e+01,2.00580250e+01,2.01797327e+01,2.04234226e+01
2.00000000e+01,2.00036287e+01,2.00212575e+01,2.00716217e+01,2.01810018e+01
2.00000000e+01,2.00307644e+01,2.01379226e+01,2.03886989e+01,2.08552165e+01
2.00000000e+01,2.00065639e+01,2.00349300e+01,2.01104994e+01,2.02669192e+01
2.00000000e+01,2.00237331e+01,2.01090735e+01,2.03118887e+01,2.06946845e+01
2.00000000e+01,2.00052776e+01,2.00292141e+01,2.00946878e+01,2.02326279e+01
2.00000000e+01,2.00123843e+01,2.00673643e+01,2.02111077e+01,2.04988578e+01
2.00000000e+01,2.00053461e+01,2.00318888e+01,2.01077412e+01,2.02711166e+01
2.00000000e+01,2.00070380e+01,2.00404245e+01,2.01324249e+01,2.03247912e+01
2.00000000e+01,2.00070796e+01,2.00408837e+01,2.01345587e+01,2.03313372e+01
2.00000000e+01,2.00040508e+01,2.00246823e+01,2.00848572e+01,2.02166973e+01
2.00000000e+01,2.00048687e+01,2.00290907e+01,2.00984441e+01,2.02481247e+01
2.00000000e+01,2.00433499e+01,2.02078437e+01,2.05880615e+01,2.12753400e+01
2.00000000e+01,2.00170211e+01,2.00903313e+01,2.02765551e+01,2.06396405e+01
2.00000000e+01,2.00230791e+01,2.01179174e+01,2.03510686e+01,2.07944631e+01
2.00000000e+01,2.00107670e+01,2.00595827e+01,2.01889630e+01,2.04504969e+01
2.00000000e+01,2.01564442e+01,2.06500548e+01,2.16478917e+01,2.32683606e+01
2.00000000e+01,2.00419455e+01,2.02064237e+01,2.05913865e+01,2.12909154e+01
2.00000000e+01,2.00827645e+01,2.03697706e+01,2.09903388e+01,2.20534690e+01
2.00000000e+01,2.00261823e+01,2.01348596e+01,2.04011523e+01,2.09037487e+01
2.00000000e+01,2.05388088e+01,2.19169443e+01,2.43509667e+01,2.79076611e+01
2.00000000e+01,2.01162618e+01,2.05056589e+01,2.13197348e+01,2.26748812e+01
2.00000000e+01,2.02978883e+01,2.11410391e+01,2.27278745e+01,2.51656394e+01
2.00000000e+01,2.00665626e+01,2.03147164e+01,2.08692759e+01,2.18389037e+01
2.00000000e+01,2.00162701e+01,2.00865157e+01,2.02662908e+01,2.06199815e+01
2.00000000e+01,2.00078392e+01,2.00454870e+01,2.01501642e+01,2.03704094e+01
2.00000000e+01,2.00142685e+01,2.00766282e+01,2.02377851e+01,2.05574331e+01
2.00000000e+01,2.00098586e+01,2.00555987e+01,2.01794032e+01,2.04343240e+01
2.00000000e+01,2.00066638e+01,2.00391195e+01,2.01304231e+01,2.03244646e+01
2.00000000e+01,2.00084714e+01,2.00483063e+01,2.01573106e+01,2.03838429e+01
2.00000000e+01,2.00517394e+01,2.02433698e+01,2.06788070e+01,2.14555850e+01
2.00000000e+01,2.00476030e+01,2.02256721e+01,2.06333016e+01,2.13647587e+01
2.00000000e+01,2.00286108e+01,2.01434462e+01,2.04207671e+01,2.09406788e+01
2.00000000e+01,2.00256792e+01,2.01299860e+01,2.03841673e+01,2.08641595e+01
2.00000000e+01,2.01693199e+01,2.06966043e+01,2.17543198e+01,2.34620772e+01
2.00000000e+01,2.01626933e+01,2.06723998e+01,2.16989605e+01,2.33614778e+01
2.00000000e+01,2.00931657e+01,2.04113754e+01,2.10919921e+01,2.22480445e+01
2.00000000e+01,2.00874419e+01,2.03888007e+01,2.10374290e+01,2.21444753e+01
2.00000000e+01,2.05532051e+01,2.19535178e+01,2.44141001e+01,2.79972649e+01
2.00000000e+01,2.05565763e+01,2.19620652e+01,2.44288278e+01,2.80180923e+01
2.00000000e+01,2.03051907e+01,2.11685371e+01,2.27916679e+01,2.52823332e+01
2.00000000e+01,2.02997460e+01,2.11501262e+01,2.27515884e+01,2.52121703e+01
2.00000000e+01,2.00171803e+01,2.00910607e+01,2.02795728e+01,2.06495511e+01
2.00000000e+01,2.00086573e+01,2.00498689e+01,2.01636256e+01,2.04014984e+01
2.00000000e+01,2.00107308e+01,2.00602004e+01,2.01933831e+01,2.04663405e+01
2.00000000e+01,2.00533624e+01,2.02503403e+01,2.06968931e+01,2.14921414e+01
2.00000000e+01,2.00297659e+01,2.01488606e+01,2.04358045e+01,2.09727968e+01
2.00000000e+01,2.01717981e+01,2.07057292e+01,2.17753779e+01,2.35007556e+01
2.00000000e+01,2.00952112e+01,2.04195846e+01,2.11121749e+01,2.22870457e+01
2.00000000e+01,2.05548939e+01,2.19577168e+01,2.44214394e+01,2.80080497e+01
2.00000000e+01,2.03074614e+01,2.11761271e+01,2.28081067e+01,2.53111251e+01
2.00000000e+01,2.60883397e+01,3.53842967e+01,4.70163521e+01,6.05824669e+01
2.00000000e+01,2.60868456e+01,3.53857480e+01,4.70284256e+01,6.06149989e+01
2.00000000e+01,2.17223666e+01,2.54753339e+01,3.10821770e+01,3.83557527e+01
2.00000000e+01,2.60888746e+01,3.53859675e+01,4.70204813e+01,6.05909623e+01
2.00000000e+01,2.17205492e+01,2.54707893e+01,3.10758317e+01,3.83502774e+01
2.00000000e+01,2.17215364e+01,2.54730607e+01,3.10785483e+01,3.83516567e+01
2.00000000e+01,2.60886241e+01,3.53846683e+01,4.70162879e+01,6.05810612e+01
2.00000000e+01,2.17222223e+01,2.54752034e+01,3.10822391e+01,3.83561015e+01
2.00000000e+01,2.60888228e+01,3.53852293e+01,4.70173813e+01,6.05828455e+01
2.00000000e+01,2.17220811e+01,2.54747743e+01,3.10814089e+01,3.83548195e+01
2.00000000e+01,2.60883398e+01,3.53842970e+01,4.70163525e+01,6.05824675e+01
2.00000000e+01,2.17223667e+01,2.54753341e+01,3.10821774e+01,3.83557532e+01
2.00000000e+01,2.60888227e+01,3.53852292e+01,4.70173813e+01,6.05828455e+01
2.00000000e+01,2.17220812e+01,2.54747746e+01,3.10814093e+01,3.83548200e+01
2.00000000e+01,2.60868458e+01,3.53857484e+01,4.70284263e+01,6.06149998e+01
2.00000000e+01,2.17205494e+01,2.54707897e+01,3.10758324e+01,3.83502783e+01
2.00000000e+01,2.60888751e+01,3.53859685e+01,4.70204825e+01,6.05909639e+01
2.00000000e+01,2.17215366e+01,2.54730613e+01,3.10785491e+01,3.83516578e+01
