0,2.5000000000000001e-05,5.0000000000000002e-05,7.4999999999999993e-05,0.0001
0,1.8400687300000001e-05,3.6801382099999999e-05,5.5202084199999997e-05,7.3602778999999995e-05
0,1.8424309900000002e-05,3.6848605200000002e-05,5.5272885800000003e-05,7.3697181099999996e-05
0,1.6127381799999998e-05,3.22547337e-05,4.8382055599999999e-05,6.45094075e-05
0,1.7317206000000001e-05,3.4634400700000003e-05,5.1951584199999999e-05,6.9268778900000001e-05
0,9.3996486399999992e-06,1.8799281500000001e-05,2.8198898700000001e-05,3.7598531599999997e-05
0,1.39529921e-05,2.7905976299999999e-05,4.1858952400000002e-05,5.5811936600000002e-05
0,2.5000000000000001e-05,5.0000000000000002e-05,7.4999999999999993e-05,0.0001
0,2.5000000000000001e-05,5.0000000000000002e-05,7.4999999999999993e-05,0.0001
0,9.41307923e-06,1.8826176499999998e-05,2.8239291600000001e-05,3.7652388799999999e-05
0,1.3956706700000001e-05,2.7913408699999999e-05,4.1870106199999997e-05,5.5826808300000002e-05
0,1.6125248299999999e-05,3.2250497299999999e-05,4.8375747199999997e-05,6.4500996300000002e-05
0,1.27937062e-05,2.55874142e-05,3.83811238e-05,5.1174831700000003e-05
0,1.7323102300000001e-05,3.4646189100000002e-05,5.1969260400000001e-05,6.9292347200000006e-05
0,2.5000000000000001e-05,5.0000000000000002e-05,7.4999999999999993e-05,0.0001
0,2.5000000000000001e-05,5.0000000000000002e-05,7.4999999999999993e-05,0.0001
0,2.5000000000000001e-05,5.0000000000000002e-05,7.4999999999999993e-05,0.0001
0,1.27798206e-05,2.5559619900000002e-05,3.8339397799999999e-05,5.1119197000000002e-05
0,1.83713713e-05,3.6742770599999998e-05,5.5114197600000003e-05,7.34855969e-05
0,1.8380545699999999e-05,3.6761096500000003e-05,5.51416522e-05,7.3522202900000002e-05
0,0,0,0,0
0,9.0168350800000008e-06,1.8033664299999999e-05,2.7050487399999999e-05,3.6067316599999999e-05
0,1.37457523e-05,2.7491504e-05,4.1237255000000003e-05,5.4983006700000003e-05
0,9.0392419700000002e-06,1.80784303e-05,2.7117565099999999e-05,3.6156753399999997e-05
0,1.3745667300000001e-05,2.7491327900000001e-05,4.1236982100000001e-05,5.4982642799999999e-05
0,2.5000000000000001e-05,5.0000000000000002e-05,7.4999999999999993e-05,0.0001
0,2.0815099099999999e-05,4.1630179100000001e-05,6.2445239900000001e-05,8.3260319900000003e-05
0,2.5000000000000001e-05,5.0000000000000002e-05,7.4999999999999993e-05,0.0001
0,2.1714895499999999e-05,4.3429793800000003e-05,6.5144694899999995e-05,8.6859593200000002e-05
0,2.5000000000000001e-05,5.0000000000000002e-05,7.4999999999999993e-05,0.0001
0,2.0823606800000001e-05,4.1647209599999998e-05,6.2470808499999998e-05,8.3294411300000005e-05
0,2.17188386e-05,4.34376656e-05,6.5156481100000005e-05,8.6875308100000005e-05
0,2.5000000000000001e-05,5.0000000000000002e-05,7.4999999999999993e-05,0.0001
0,7.0799885699999998e-06,1.41599891e-05,2.1240001599999999e-05,2.83200021e-05
0,1.15651392e-05,2.3130289000000001e-05,3.46954494e-05,4.6260599200000003e-05
0,7.078765e-06,1.4157533599999999e-05,2.12363059e-05,2.83150745e-05
0,1.1563347e-05,2.3126677e-05,3.4689989799999998e-05,4.62533197e-05
0,0,0,0,0
0,0,0,0,0
0,1.5495513900000001e-05,3.0991024499999999e-05,4.6486531800000001e-05,6.1982042400000005e-05
0,1.6957946000000002e-05,3.3915900500000003e-05,5.0873863300000001e-05,6.7831817799999996e-05
0,1.2486681699999999e-05,2.4973355499999999e-05,3.7460021599999998e-05,4.9946695499999998e-05
0,1.52234505e-05,3.0446885299999999e-05,4.5670304499999998e-05,6.0893739299999998e-05
0,1.1027638999999999e-05,2.20552648e-05,3.3082877399999998e-05,4.4110503099999997e-05
0,1.5245975800000001e-05,3.0491964299999998e-05,4.5737965200000002e-05,6.0983953599999999e-05
0,2.5000000000000001e-05,5.0000000000000002e-05,7.4999999999999993e-05,0.0001
0,2.5000000000000001e-05,5.0000000000000002e-05,7.4999999999999993e-05,0.0001
0,0,0,0,0
0,0,0,0,0
0,1.5528151200000001e-05,3.10563245e-05,4.6584519700000001e-05,6.2112692899999995e-05
0,1.6968543199999999e-05,3.3937093699999999e-05,5.09056515e-05,6.7874202e-05
0,8.2108111799999997e-06,1.64216115e-05,2.4632400800000001e-05,3.2843201099999999e-05
0,8.2209585899999996e-06,1.6441928199999999e-05,2.46629087e-05,3.28838783e-05
0,2.5000000000000001e-05,5.0000000000000002e-05,7.4999999999999993e-05,0.0001
0,0,0,0,0
0,0,0,0,0
0,7.1704369600000002e-06,1.43408578e-05,2.1511262600000001e-05,2.8681683499999998e-05
0,0,0,0,0
0,3.59320998e-06,7.1864048199999996e-06,1.07795845e-05,1.43727794e-05
0,0,0,0,0
0,7.1522340100000002e-06,1.4304470699999999e-05,2.1456710000000001e-05,2.8608946599999999e-05
0,0,0,0,0
0,3.3910959799999998e-06,6.7821909700000001e-06,1.01732849e-05,1.3564379800000001e-05
0,0,0,0,0
0,0,0,0,0
0,1.2479316399999999e-05,2.49586418e-05,3.7437976299999999e-05,4.99173018e-05
0,9.9598520199999993e-06,1.9919710199999999e-05,2.98795744e-05,3.9839432500000002e-05
0,1.0007978199999999e-05,2.0015955500000001e-05,3.0023932100000001e-05,4.0031909400000003e-05
0,1.39413382e-05,2.7882696199999999e-05,4.1824073799999997e-05,5.5765431699999999e-05
0,1.1305125599999999e-05,2.2610264299999999e-05,3.3915416199999998e-05,4.5220554899999997e-05
0,2.5000000000000001e-05,5.0000000000000002e-05,7.4999999999999993e-05,0.0001
0,2.5000000000000001e-05,5.0000000000000002e-05,7.4999999999999993e-05,0.0001
0,4.4313534599999998e-06,8.86268479e-06,1.3293994e-05,1.7725325300000001e-05
0,7.9913465400000007e-06,1.5982677199999999e-05,2.3973991999999999e-05,3.19653226e-05
0,0,0,0,0
0,0,0,0,0
0,1.0981810700000001e-05,2.1963636300000001e-05,3.2945476499999997e-05,4.3927302000000001e-05
0,0,0,0,0
0,1.2289852800000001e-05,2.45797024e-05,3.6869548800000001e-05,4.9159398400000003e-05
0,1.22472648e-05,2.4494519100000001e-05,3.6741762799999997e-05,4.8989017000000001e-05
0,4.34631097e-06,8.6926135599999996e-06,1.30389077e-05,1.73852103e-05
0,8.0916904399999992e-06,1.61833713e-05,2.42750425e-05,3.2366723300000001e-05
0,1.2487803000000001e-05,2.49755868e-05,3.7463351399999997e-05,4.9951135200000003e-05
0,1.4242397299999999e-05,2.84848009e-05,4.2727210899999998e-05,5.6969614500000001e-05
0,1.5279854700000001e-05,3.0559705099999997e-05,4.58395514e-05,6.1119401800000005e-05
0,1.0819741599999999e-05,2.1639479699999999e-05,3.2459214099999999e-05,4.3278952099999997e-05
0,1.24798598e-05,2.4959732400000002e-05,3.7439618100000001e-05,4.9919490800000001e-05
0,1.5267705999999999e-05,3.0535435999999998e-05,4.5803189799999998e-05,6.1070919799999996e-05
0,1.4236215e-05,2.84724198e-05,4.2708614399999998e-05,5.6944819199999999e-05
0,1.08209139e-05,2.1641809499999999e-05,3.2462687000000001e-05,4.32835826e-05
0,2.5000000000000001e-05,5.0000000000000002e-05,7.4999999999999993e-05,0.0001
0,2.5000000000000001e-05,5.0000000000000002e-05,7.4999999999999993e-05,0.0001
0,2.02869006e-05,4.0573796999999999e-05,6.08606891e-05,8.1147585500000006e-05
0,2.0301862599999999e-05,4.0603741699999999e-05,6.0905637500000001e-05,8.1207516599999998e-05
0,9.9134099600000004e-06,1.9826817899999999e-05,2.9740223799999999e-05,3.9653631700000002e-05
0,9.9132339600000006e-06,1.9826476899999999e-05,2.9739728799999999e-05,3.9652971700000003e-05
0,0,0,0,0
0,4.7092054800000001e-06,9.4184383199999996e-06,1.4127698499999999e-05,1.8836931299999999e-05
0,0,0,0,0
0,4.7027765099999998e-06,9.4055414800000005e-06,1.4108295e-05,1.8811060000000001e-05
0,1.3990059599999999e-05,2.7980120000000001e-05,4.19701811e-05,5.5960241499999997e-05
0,1.1288002699999999e-05,2.2575998900000001e-05,3.38639888e-05,4.5151985100000001e-05
0,2.5000000000000001e-05,5.0000000000000002e-05,7.4999999999999993e-05,0.0001
0,2.0519265500000001e-05,4.1038527699999999e-05,6.1557786499999995e-05,8.20770487e-05
0,2.5000000000000001e-05,5.0000000000000002e-05,7.4999999999999993e-05,0.0001
0,2.5000000000000001e-05,5.0000000000000002e-05,7.4999999999999993e-05,0.0001
0,0,0,0,0
0,0,0,0,0
0,4.43864543e-06,8.8772616700000006e-06,1.33158487e-05,1.7754464999999998e-05
0,3.5233300500000002e-06,7.0466746800000003e-06,1.05700339e-05,1.4093378600000001e-05
0,2.17850148e-05,4.3570036900000001e-05,6.5355066200000004e-05,8.7140088299999998e-05
0,0,0,0,0
0,4.4554040800000001e-06,8.9107972099999993e-06,1.33661794e-05,1.7821572599999999e-05
0,0,0,0,0
0,0,0,0,0
0,0,0,0,0
0,4.4179313199999998e-06,8.8358638099999993e-06,1.32537974e-05,1.7671729899999999e-05
0,0,0,0,0
0,3.5087325200000002e-06,7.01746796e-06,1.0526206300000001e-05,1.40349418e-05
0,2.5000000000000001e-05,5.0000000000000002e-05,7.4999999999999993e-05,0.0001
0,2.5000000000000001e-05,5.0000000000000002e-05,7.4999999999999993e-05,0.0001
0,2.0615719600000001e-05,4.12314212e-05,6.1847105000000007e-05,8.2462806699999997e-05
0,2.1699542100000001e-05,4.3399110100000002e-05,6.5098704199999995e-05,8.6798272199999999e-05
0,2.5000000000000001e-05,5.0000000000000002e-05,7.4999999999999993e-05,0.0001
0,2.5000000000000001e-05,5.0000000000000002e-05,7.4999999999999993e-05,0.0001
0,2.1714616200000001e-05,4.3429236099999998e-05,6.5143859800000006e-05,8.6858479799999997e-05
0,2.06384256e-05,4.1276848699999997e-05,6.1915269199999998e-05,8.2553692200000003e-05
0,0,0,0,0
0,4.4519448799999998e-06,8.9039048600000007e-06,1.3355879900000001e-05,1.78078399e-05
0,0,0,0,0
0,0,0,0,0
0,2.5000000000000001e-05,5.0000000000000002e-05,7.4999999999999993e-05,0.0001
0,2.05289355e-05,4.1057880699999999e-05,6.1586835699999995e-05,8.2115780900000001e-05
0,2.1799027799999999e-05,4.3598057899999999e-05,6.53970902e-05,8.7196120300000007e-05
0,2.5000000000000001e-05,5.0000000000000002e-05,7.4999999999999993e-05,0.0001
0,3.44293628e-06,6.8858741300000004e-06,1.03288135e-05,1.37717514e-05
0,3.4238334800000001e-06,6.8476722899999997e-06,1.02715164e-05,1.3695355199999999e-05
0,2.5000000000000001e-05,5.0000000000000002e-05,7.4999999999999993e-05,0.0001
0,6.9419030900000004e-06,1.38837982e-05,2.08256853e-05,2.7767580299999998e-05
0,1.8041053899999998e-05,3.6082111800000001e-05,5.4123173800000003e-05,7.2164231799999994e-05
0,0,0,0,0
0,0,0,0,0
0,2.5000000000000001e-05,5.0000000000000002e-05,7.4999999999999993e-05,0.0001
0,2.5000000000000001e-05,5.0000000000000002e-05,7.4999999999999993e-05,0.0001
0,0,0,0,0
0,3.62001702e-06,7.2400416799999997e-06,1.0860074e-05,1.44800987e-05
0,0,0,0,0
0,3.6458469300000001e-06,7.2916842100000001e-06,1.0937511799999999e-05,1.45833491e-05
0,0,0,0,0
0,2.5000000000000001e-05,5.0000000000000002e-05,7.4999999999999993e-05,0.0001
0,2.5000000000000001e-05,5.0000000000000002e-05,7.4999999999999993e-05,0.0001
0,2.5000000000000001e-05,5.0000000000000002e-05,7.4999999999999993e-05,0.0001
0,1.80143267e-05,3.6028656800000002e-05,5.4042990299999998e-05,7.2057320400000007e-05
0,2.5000000000000001e-05,5.0000000000000002e-05,7.4999999999999993e-05,0.0001
0,0,0,0,0
0,0,0,0,0
0,6.9589158299999996e-06,1.3917838599999999e-05,2.08767683e-05,2.7835691099999999e-05
0,0,0,0,0
0,0,0,0,0
0,7.0503570400000003e-06,1.41007201e-05,2.11510893e-05,2.8201452399999999e-05
0,0,0,0,0
0,1.8023729200000001e-05,3.6047454200000001e-05,5.4071175000000003e-05,7.20949e-05
0,6.94943137e-06,1.3898884499999999e-05,2.0848359500000001e-05,2.7797812700000001e-05
0,2.5000000000000001e-05,5.0000000000000002e-05,7.4999999999999993e-05,0.0001
0,2.16213938e-05,4.3242772000000002e-05,6.4864134600000004e-05,8.6485512700000005e-05
0,2.5000000000000001e-05,5.0000000000000002e-05,7.4999999999999993e-05,0.0001
0,2.5000000000000001e-05,5.0000000000000002e-05,7.4999999999999993e-05,0.0001
0,1.79478835e-05,3.5895764799999997e-05,5.3843643900000003e-05,7.1791525099999999e-05
0,2.1610377100000001e-05,4.3220769e-05,6.4831175400000002e-05,8.6441567099999997e-05
0,2.5000000000000001e-05,5.0000000000000002e-05,7.4999999999999993e-05,0.0001
