20,20.029000799999999,20.155137199999999,20.471947499999999,21.0786029
20,20.039853000000001,20.2054978,20.6069335,21.3546941
20,20.028696499999999,20.1540918,20.469848899999999,21.0753618
20,20.028808699999999,20.154481700000002,20.4706379,21.0765861
20,26.1316393,35.413629100000001,47.043441199999997,60.637098999999999
20,22.873184500000001,28.280076000000001,35.808712800000002,45.176599899999999
20,20.028773399999999,20.1543338,20.470280599999999,21.0759185
20,20.029103299999999,20.155490499999999,20.4727082,21.0799512
20,20.0382383,20.198187099999998,20.587836899999999,21.3166236
20,20.0288954,20.1547625,20.471188399999999,21.077451
20,26.137402699999999,35.4204668,47.0499577,60.642423399999998
20,23.058503200000001,28.724210599999999,36.544242599999997,46.222377899999998
20,23.131908800000001,28.901945699999999,36.839247399999998,46.6417906
20,26.160217200000002,35.453554099999998,47.093579599999998,60.699272399999998
20,26.150633800000001,35.4396123,47.074757400000003,60.674036399999999
20,26.144593700000001,35.433018599999997,47.068950700000002,60.670011600000002
20,26.174211100000001,35.469828200000002,47.101610999999998,60.690381700000003
20,26.1318077,35.414482100000001,47.045151699999998,60.639871200000002
20,26.175350600000002,35.4719324,47.107297299999999,60.702269999999999
20,26.158772500000001,35.449723800000001,47.081377500000002,60.672811000000003
20,26.1423369,35.429109400000002,47.062506599999999,60.659834099999998
20,20.043047600000001,20.218877899999999,20.640111900000001,21.418499700000002
20,21.251442399999998,24.123245300000001,28.611226500000001,34.622863299999999
20,21.895752999999999,25.855298399999999,31.699008800000001,39.239396900000003
20,26.223195199999999,35.531558699999998,47.170509799999998,60.7649458
20,26.156727,35.448510599999999,47.085563999999998,60.686729
20,26.197818999999999,35.499176900000002,47.136342900000002,60.731739599999997
20,26.201681000000001,35.504605599999998,47.143484399999998,60.741187600000003
20,26.151744300000001,35.441080499999998,47.075552799999997,60.673336399999997
20,21.355858000000001,24.413910999999999,29.140188500000001,35.424762200000004
20,22.034893199999999,26.2162887,32.326856100000001,40.161823699999999
20,20.040409,20.207674300000001,20.612085100000002,21.364293400000001
20,22.997676800000001,28.583224600000001,36.3136498,45.896453800000003
20,20.028799200000002,20.154444699999999,20.470558100000002,21.0764608
20,20.037513100000002,20.195007499999999,20.5796831,21.300542799999999
20,20.028891000000002,20.154760700000001,20.4712122,21.077538300000001
20,22.655495800000001,27.757691900000001,34.941754500000002,43.941788199999998
20,21.2252227,24.049082599999998,28.4745332,34.4138053
20,22.6041311,27.635553000000002,34.738862699999999,43.652045000000001
20,26.139054000000002,35.423124600000001,47.053416499999997,60.646733900000001
20,26.1470576,35.4349025,47.068459300000001,60.665474600000003
20,21.981075499999999,26.078230300000001,32.087124199999998,39.809614099999997
20,20.316814300000001,21.257696599999999,23.0150538,25.6883056
20,20.507768800000001,21.9024739,24.358887299999999,27.934507700000001
20,20.4009128,21.547382500000001,23.627297800000001,26.7220716
20,20.833041300000001,22.903276900000002,26.318610700000001,31.0685027
20,20.5087887,21.9033962,24.358913699999999,27.933130500000001
20,20.0771987,20.3642167,21.002181700000001,22.113566800000001
20,20.0561416,20.276380700000001,20.786732700000002,21.705011299999999
20,21.8041245,25.615373099999999,31.279332400000001,38.620443399999999
20,26.168287800000002,35.461720399999997,47.094080200000001,60.685343000000003
20,20.194212700000001,20.8211236,22.065998799999999,24.0491399
20,20.121183899999998,20.542281599999999,21.428073000000001,22.904417500000001
20,20.1533601,20.667104899999998,21.717026400000002,23.427574199999999
20,20.5111773,21.907255599999999,24.362903500000002,27.935995800000001
20,20.028560599999999,20.1536212,20.468884299999999,21.073824399999999
20,20.028521600000001,20.153490300000001,20.468622199999999,21.073410200000001
20,20.028674299999999,20.154015999999999,20.469681099999999,21.075052299999999
20,20.649813099999999,22.3508891,25.251449000000001,29.378065899999999
20,20.028745499999999,20.1542694,20.470254600000001,21.0761289
20,20.028860600000002,20.1546561,20.470980699999998,21.077101200000001
20,20.028766900000001,20.1543384,20.470367799999998,21.0762307
20,20.509184600000001,21.905291099999999,24.362463900000002,27.938161099999999
20,20.649131300000001,22.349403599999999,25.2490709,29.3746984
20,20.400855,21.546871800000002,23.626043899999999,26.719906099999999
20,20.052760200000002,20.261750899999999,20.749835699999998,21.633528500000001
20,20.037316499999999,20.194081000000001,20.5771862,21.295444
20,20.028866799999999,20.1546986,20.471101300000001,21.077338099999999
20,20.0407209,20.209351999999999,20.616857199999998,21.374264799999999
20,20.028880699999998,20.154718899999999,20.471153600000001,21.077563999999999
20,20.028938199999999,20.154916400000001,20.471544300000001,21.078145200000002
20,26.1490127,35.432409300000003,47.055871500000002,60.636382300000001
20,26.1639433,35.454294699999998,47.081915700000003,60.665950299999999
20,26.202719600000002,35.503753500000002,47.1371447,60.725523299999999
20,26.208877399999999,35.513243600000003,47.149494799999999,60.741249000000003
20,20.028710499999999,20.154154999999999,20.4700363,21.075813199999999
20,20.028744199999998,20.154275699999999,20.470269500000001,21.0761222
20,20.083263599999999,20.390266,21.066974800000001,22.237212400000001
20,20.127223000000001,20.565591099999999,21.481839399999998,23.001519099999999
20,20.100262499999999,20.459304800000002,21.232553800000002,22.5453866
20,26.1297785,35.4119764,47.043729599999999,60.640884100000001
20,26.179277200000001,35.4748716,47.1071898,60.6970083
20,26.158078400000001,35.4478577,47.079824500000001,60.6726466
20,21.215684299999999,24.023551099999999,28.427953299999999,34.342578799999998
20,20.782051599999999,22.763192100000001,26.062086900000001,30.675395000000002
20,21.1851479,23.936530900000001,28.2674205,34.097307600000001
20,20.657385999999999,22.370472299999999,25.286241400000002,29.430470799999998
20,21.467690300000001,24.721886600000001,29.696710199999998,36.264138199999998
20,20.8777781,23.048490900000001,26.606725300000001,31.529948600000001
20,20.973614999999999,23.335577099999998,27.1549251,32.388800500000002
20,21.319130099999999,24.312761200000001,28.956484400000001,35.146419399999999
20,20.039980100000001,20.205835700000002,20.6074427,21.355241100000001
20,21.354659600000002,24.412331500000001,29.1386258,35.423363999999999
20,22.0541488,26.2633057,32.405317599999997,40.273882399999998
20,20.067977800000001,20.326793899999998,20.912052500000001,21.944836200000001
20,20.049051899999998,20.2460454,20.710716099999999,21.558288699999999
20,20.039414300000001,20.203513000000001,20.6017416,21.344329099999999
20,20.028727199999999,20.154216099999999,20.4701357,21.075870699999999
20,20.028760200000001,20.154328799999998,20.470355699999999,21.076189299999999
20,20.095976799999999,20.441910400000001,21.190940600000001,22.4681657
20,23.332331400000001,29.367032099999999,37.596637899999998,47.707425600000001
20,22.278075099999999,26.8234602,33.362469400000002,41.665083699999997
20,22.7506442,27.993514600000001,35.337985099999997,44.509714899999999
20,26.155787700000001,35.443184700000003,47.071004899999998,60.657428099999997
20,26.153495899999999,35.440600400000001,47.069809100000001,60.659119400000002
20,20.028683099999999,20.1540544,20.469786899999999,21.0752855
20,20.028736599999998,20.154235400000001,20.470141999999999,21.075812899999999
20,20.195079499999999,20.823908899999999,22.071437599999999,24.0576714
20,20.153356599999999,20.667245099999999,21.7175285,23.428664099999999
20,20.120134,20.539388200000001,21.423178,22.897769199999999
20,26.182821700000002,35.480583600000003,47.116001500000003,60.710660900000001
20,26.1769158,35.4738896,47.111739499999999,60.711308099999997
20,26.184055600000001,35.482050899999997,47.118075300000001,60.713607600000003
20,20.0286233,20.1538486,20.469386400000001,21.074712300000002
20,20.038321700000001,20.198625,20.589065000000002,21.319169800000001
20,26.157167900000001,35.448680799999998,47.085864999999998,60.6876119
20,26.1546375,35.443930399999999,47.077780500000003,60.674589900000001
20,26.181449400000002,35.477555500000001,47.112706000000003,60.707675299999998
20,20.028604699999999,20.153776400000002,20.469220199999999,21.074411699999999
20,20.042458700000001,20.217056299999999,20.636680399999999,21.413336099999999
20,20.028874699999999,20.1547217,20.471151500000001,21.077444199999999
20,20.028644700000001,20.1538994,20.469444800000002,21.0747325
20,20.028532299999998,20.153523400000001,20.468670899999999,21.0734347
20,20.040346599999999,20.2077563,20.6128654,21.3665573
20,20.028638000000001,20.153889199999998,20.4694191,21.0746264
20,20.028566900000001,20.153643200000001,20.468936299999999,21.0739287
20,21.336583000000001,24.361754300000001,29.046737400000001,35.284499099999998
20,21.050796299999998,23.553185500000001,27.557231099999999,33.006824299999998
20,20.028696100000001,20.154083400000001,20.469809000000001,21.075248599999998
20,20.0286328,20.153879400000001,20.4694468,21.074808099999998
20,20.0287334,20.1542341,20.470173299999999,21.075945900000001
20,22.639492600000001,27.730623900000001,34.906970100000002,43.900755199999999
20,22.844463300000001,28.219473799999999,35.7140682,45.046405399999998
20,21.899607199999998,25.864289800000002,31.712440099999998,39.256703399999999
20,20.711917799999998,22.5440276,25.631003499999998,29.985793399999999
20,20.9807141,23.351896100000001,27.181108200000001,32.425235100000002
20,20.275922699999999,21.114827399999999,22.708911799999999,25.165369800000001
20,20.231266300000001,20.956341399999999,22.3651488,24.572533400000001
20,20.0801424,20.376722699999998,21.033063599999998,22.172208399999999
20,20.055237999999999,20.272418999999999,20.776586099999999,21.685086200000001
20,20.0285288,20.153520100000001,20.468685700000002,21.073502099999999
20,20.028635300000001,20.153893499999999,20.469452700000001,21.074719999999999
20,20.028558,20.153621600000001,20.468914600000002,21.073939599999999
20,22.184260099999999,26.572906499999998,32.9259822,41.025341400000002
20,22.400692599999999,27.1336841,33.892080100000001,42.432878299999999
20,20.314893300000001,21.253739700000001,23.009547999999999,25.681783200000002
20,20.5076772,21.900191800000002,24.3517096,27.920011299999999
20,20.3146661,21.250470700000001,22.999901600000001,25.662743500000001
20,20.397949000000001,21.538438899999999,23.6097641,26.693823800000001
20,20.7777198,22.745246699999999,26.021956500000002,30.606756000000001
20,20.576879900000002,22.122716400000002,24.799935300000001,28.650800100000001
20,20.194174499999999,20.8216641,22.067977500000001,24.053363999999998
20,20.317098699999999,21.258878299999999,23.017753599999999,25.6930221
20,20.316571400000001,21.2580901,23.016704900000001,25.691476300000001
20,20.247968799999999,21.0170052,22.498428100000002,24.804199100000002
20,20.4012022,21.548397900000001,23.629392200000002,26.7254918
20,20.990546299999998,23.3765061,27.224156700000002,32.489533899999998
20,20.3154945,21.253960500000002,23.008241099999999,25.677899199999999
20,20.373480700000002,21.454504400000001,23.433793300000001,26.3987807
20,26.164337199999999,35.456532500000002,47.090677499999998,60.686266199999999
20,20.028765700000001,20.154337900000002,20.4703914,21.076339600000001
20,20.028579799999999,20.1536975,20.4690628,21.074149200000001
20,20.02863,20.153871299999999,20.469438100000001,21.0748158
20,20.063496700000002,20.3077586,20.864848299999998,21.854699499999999
20,20.050178299999999,20.250868400000002,20.722815799999999,21.5816743
20,20.028548000000001,20.153570500000001,20.4688035,21.073792399999999
20,20.028624799999999,20.153835099999998,20.469331,21.074591900000001
20,20.028563999999999,20.153627,20.4689008,21.073883599999998
20,20.049194700000001,20.2465701,20.711903100000001,21.560429800000001
20,20.043142400000001,20.219977499999999,20.644023600000001,21.427592000000001
20,21.688007500000001,25.317757799999999,30.761335599999999,37.857118200000002
20,21.4531478,24.6842732,29.6309267,36.166651999999999
20,22.3061133,26.900027900000001,33.495781600000001,41.859925500000003
20,20.509269799999998,21.9063467,24.365239500000001,27.943144100000001
20,20.601512799999998,22.2016168,24.957975900000001,28.907220599999999
20,26.172963800000002,35.467813100000001,47.103203800000003,60.6993923
20,26.157711599999999,35.448090299999997,47.082182199999998,60.6786636
20,26.187462799999999,35.485548899999998,47.120529900000001,60.713898999999998
20,20.028635699999999,20.153873999999998,20.4694292,21.074810599999999
20,20.048067,20.241601800000002,20.699196600000001,21.535538200000001
20,20.042194599999998,20.215858600000001,20.633548600000001,21.407095699999999
20,21.141833399999999,23.822141599999998,28.064936500000002,33.795262700000002
20,21.182722399999999,23.9345155,28.268492899999998,34.103121299999998
20,22.1933595,26.590407800000001,32.950927700000001,41.057250600000003
20,21.334574,24.356715600000001,29.040376899999998,35.277943899999997
20,20.764638900000001,22.7070835,25.9493969,30.4926976
20,20.0794806,20.374569300000001,21.028706,22.165088600000001
20,20.072350100000001,20.344867799999999,20.956080700000001,22.0278761
20,20.054584299999998,20.269830899999999,20.770509300000001,21.673955299999999
20,20.028703,20.154122900000001,20.469967199999999,21.075719700000001
20,20.0286942,20.154091600000001,20.469897100000001,21.0755847
20,20.0286452,20.153923899999999,20.4695526,21.075026699999999
20,20.832526300000001,22.9106959,26.340233099999999,31.1084806
20,20.0505697,20.252643299999999,20.727435100000001,21.590824399999999
20,20.040509799999999,20.208477200000001,20.614715799999999,21.370197300000001
20,20.315835499999999,21.255246400000001,23.010752700000001,25.681809300000001
20,20.247326399999999,21.014662600000001,22.493408599999999,24.795703700000001
20,20.400810499999999,21.545852100000001,23.623242900000001,26.7146674
20,20.044855099999999,20.227727300000002,20.664211399999999,21.467680699999999
20,20.042204699999999,20.2160175,20.634165899999999,21.408604
20,20.059048099999998,20.289007699999999,20.818491699999999,21.766254700000001
20,26.162385,35.451939799999998,47.080033299999997,60.665587199999997
20,26.153635000000001,35.441302999999998,47.070622499999999,60.659760800000001
20,20.0287194,20.154184600000001,20.4700937,21.075897099999999
20,23.094295299999999,28.8054013,36.675564700000002,46.406378599999996
20,22.2895152,26.857433100000002,33.423139499999998,41.754810800000001
20,23.112153200000002,28.8527576,36.7562809,46.5225808
20,26.1951058,35.494654799999999,47.127702900000003,60.716464899999998
20,26.178444599999999,35.472636799999997,47.103068399999998,60.690187999999999
20,26.190765299999999,35.488850499999998,47.1229376,60.714671600000003
20,21.632979899999999,25.160851000000001,30.4761609,37.4271946
20,20.028750200000001,20.154275999999999,20.470220000000001,21.0759434
20,20.0286863,20.154065500000002,20.469847099999999,21.075512400000001
20,20.0286823,20.154043999999999,20.4697736,21.0753214
20,20.028990400000001,20.155113799999999,20.4719944,21.078969399999998
20,20.0287884,20.154412700000002,20.4705446,21.076606999999999
20,20.0287848,20.154404899999999,20.470543899999999,21.076639100000001
20,20.028622899999998,20.153842300000001,20.469374800000001,21.074717
20,20.0743151,20.3527433,20.9748646,22.062781099999999
20,20.070962900000001,20.339170500000002,20.942261899999998,22.0018879
20,20.050940700000002,20.254202500000002,20.731282,21.598156899999999
20,20.080614199999999,20.379088599999999,21.039455100000001,22.1850281
20,20.028691599999998,20.1540833,20.469858299999999,21.075444300000001
20,20.121535000000002,20.543698599999999,21.431338,22.910209300000002
20,20.068632900000001,20.330504099999999,20.922800500000001,21.967395
20,20.096143399999999,20.442603699999999,21.192545299999999,22.471000799999999
20,20.314017,21.250034200000002,23.0009716,25.666564300000001
20,20.398746899999999,21.540741300000001,23.614128399999998,26.700694500000001
20,21.4234568,24.607982,29.498739100000002,35.972761400000003
20,20.848557899999999,22.952544199999998,26.415997099999998,31.2243605
20,21.098574200000002,23.692023500000001,27.816414600000002,33.406388700000001
20,20.0436896,20.222398699999999,20.6502236,21.439745299999998
20,21.380263500000002,24.483965999999999,29.271174299999998,35.6268186
20,20.0286127,20.153813,20.469275700000001,21.074400300000001
20,20.028690399999999,20.154084000000001,20.4698414,21.075334099999999
20,20.194424699999999,20.8216173,22.066487800000001,24.049145899999999
20,20.120232699999999,20.538532199999999,21.419270000000001,22.8882911
20,20.122604899999999,20.549072200000001,21.4457676,22.938910700000001
20,20.152415000000001,20.663744600000001,21.709676099999999,23.414771200000001
20,20.097647599999998,20.4486463,21.206980399999999,22.497832800000001
20,22.209694500000001,26.641936999999999,33.047085099999997,41.203458900000001
20,22.395319900000001,27.119573200000001,33.867372199999998,42.3963465
20,26.1940104,35.4943247,47.1295766,60.7221884
20,23.0575367,28.722041900000001,36.540253300000003,46.215854100000001
20,26.172147500000001,35.467432199999998,47.104746400000003,60.704309700000003
20,26.171714900000001,35.466931799999998,47.104663000000002,60.705089200000003
20,20.028578400000001,20.1536857,20.469042000000002,21.074153500000001
20,20.194959699999998,20.822770599999998,22.068108599999999,24.051036
20,20.246804999999998,21.012846400000001,22.489428799999999,24.788754300000001
20,23.2089654,29.079358200000001,37.127183199999997,47.046157999999998
20,20.0529042,20.262518499999999,20.7519445,21.637777100000001
20,20.0477633,20.240438600000001,20.6965431,21.530791399999998
20,20.043255200000001,20.2205887,20.645771700000001,21.431258100000001
20,21.639120299999998,25.1764777,30.502740200000002,37.465592100000002
20,21.1796544,23.925435100000001,28.2505685,34.074195799999998
20,20.247528200000001,21.015403500000001,22.4947968,24.7977223
20,20.028572400000002,20.153669600000001,20.4690315,21.074200300000001
20,20.072592700000001,20.346024700000001,20.959169200000002,22.034064900000001
20,20.194277499999998,20.821460999999999,22.066879,24.050822400000001
20,20.1553833,20.675033200000001,21.735437000000001,23.460914200000001
20,20.173731499999999,20.7444551,21.8931614,23.742447299999998
20,20.221555899999998,20.920560500000001,22.285389899999998,24.4322622
20,20.028619599999999,20.153818699999999,20.469296700000001,21.074534199999999
20,20.044604100000001,20.226543100000001,20.661024999999999,21.461194599999999
20,20.507633800000001,21.900665400000001,24.3536155,27.924137099999999
20,20.7924647,22.7872883,26.1001653,30.727373799999999
20,20.153420100000002,20.667569700000001,21.7184226,23.4304679
20,20.109856099999998,20.497836700000001,21.324089799999999,22.714407600000001
20,21.705693,25.357132700000001,30.824982200000001,37.946883399999997
20,26.1712864,35.466536599999998,47.104066199999998,60.704068900000003
20,26.159575100000001,35.450455499999997,47.084855300000001,60.6816648
20,20.247398700000002,21.0153459,22.495384399999999,24.7996169
20,20.823895400000001,22.886261600000001,26.294810200000001,31.038285500000001
20,21.004497099999998,23.4198083,27.307649900000001,32.620542800000003
20,20.647630800000002,22.3453351,25.241378600000001,29.362429599999999
20,22.255895500000001,26.7607015,33.2527975,41.504872400000004
20,21.747276899999999,25.466773400000001,31.017949999999999,38.232854500000002
20,22.618677300000002,27.6733726,34.804074300000003,43.747051999999996
20,20.119585900000001,20.536861399999999,21.416653799999999,22.8850813
20,20.072019399999999,20.343412399999998,20.9523361,22.020503099999999
20,20.097481299999998,20.448314199999999,21.206626799999999,22.497648699999999
20,20.0287191,20.154174000000001,20.470066299999999,21.075869000000001
20,20.139350700000001,20.613262200000001,21.5932371,23.204591099999998
20,20.1646027,20.7098646,21.8145773,23.602245400000001
20,20.107565000000001,20.4884056,21.301387099999999,22.672163300000001
20,21.3365543,24.361534200000001,29.045978699999999,35.2828698
20,21.887824599999998,25.8330634,31.6572168,39.174636399999997
20,22.661332900000001,27.766019799999999,34.951180100000002,43.951298600000001
20,22.761171600000001,28.014248599999998,35.369011899999997,44.5510783
20,20.041383199999999,20.212355500000001,20.624707999999998,21.3899173
20,20.0418807,20.2145701,20.630421299999998,21.401196200000001
20,20.042366699999999,20.2167599,20.636108199999999,21.412469900000001
20,20.053080900000001,20.263461100000001,20.754594099999998,21.643251200000002
20,20.0396319,20.204581699999999,20.6046668,21.350331499999999
20,20.057155999999999,20.280829499999999,20.797913399999999,21.726489600000001
20,20.0575261,20.282371699999999,20.8017048,21.733704299999999
20,26.1791184,35.473848199999999,47.103995400000002,60.690163900000002
20,26.183139100000002,35.4798787,47.111212500000001,60.6983496
20,20.538547999999999,22.0009376,24.556448799999998,28.255754100000001
20,20.411212899999999,21.583342999999999,23.703532299999999,26.850745
20,20.081499000000001,20.382871399999999,21.048841199999998,22.202918400000001
20,20.0809496,20.3806808,21.043628600000002,22.193240200000002
20,26.172903000000002,35.465246,47.093168900000002,60.676622500000001
20,26.200734199999999,35.501776399999997,47.135809199999997,60.725510900000003
20,26.187268400000001,35.4839561,47.114402900000002,60.699934900000002
20,26.176651499999998,35.470711100000003,47.100504000000001,60.686472700000003
20,20.0568645,20.279720000000001,20.7953905,21.721985400000001
20,21.801227300000001,25.614006199999999,31.2803997,38.624093199999997
20,20.315365,21.254691999999999,23.010680499999999,25.682711900000001
20,20.248014900000001,21.0167386,22.4973916,24.801987700000002
20,20.0609313,20.2969425,20.8381267,21.803764900000001
20,20.1955609,20.824905600000001,22.072768799999999,24.059140599999999
20,20.247198399999998,21.0147941,22.494361000000001,24.798042200000001
20,20.028625300000002,20.1538416,20.469350299999999,21.0746273
20,20.028656999999999,20.153967099999999,20.469592599999999,21.074908199999999
20,20.0286902,20.154083499999999,20.469839400000001,21.0753275
20,22.1861891,26.599139399999999,32.983142000000001,41.117095599999999
20,20.5127734,21.916926499999999,24.3862095,27.977308099999998
20,20.314525100000001,21.251836600000001,23.0046444,25.672484699999998
20,20.401404100000001,21.549473200000001,23.632013000000001,26.7302386
20,21.383649900000002,24.4907851,29.279827000000001,35.636209100000002
20,21.080348999999998,23.638573099999999,27.716546900000001,33.252548500000003
20,20.8393303,22.935121899999999,26.391096900000001,31.1922371
20,21.0677038,23.603581299999998,27.6519315,33.153143
20,21.388492100000001,24.489902000000001,29.265783800000001,35.604285900000001
20,20.884263700000002,23.0613651,26.623811199999999,31.5493378
20,20.6746865,22.429756600000001,25.4078698,29.629779599999999
20,22.1027311,26.389419199999999,32.624880400000002,40.596632300000003
20,20.826551200000001,22.8900653,26.298914499999999,31.0422975
20,20.998518600000001,23.404641300000002,27.281310900000001,32.581653600000003
20,21.3508666,24.393218000000001,29.0980098,35.357354600000001
20,20.080049200000001,20.376840399999999,21.034113900000001,22.1751243
20,20.117757900000001,20.529266799999998,21.398294700000001,22.850857399999999
20,20.074081499999998,20.351931,20.9730867,22.059646099999998
20,20.7675777,22.7130042,25.957297000000001,30.501662899999999
20,20.093390899999999,20.431426900000002,21.165740499999998,22.421111400000001
20,20.0499732,20.249968299999999,20.720518999999999,21.577185100000001
20,20.398658099999999,21.540680600000002,23.614476400000001,26.701840099999998
20,20.505739699999999,21.8965329,24.347324199999999,27.915815500000001
20,20.092978599999999,20.430067399999999,21.1630404,22.416853
20,20.055922599999999,20.275516400000001,20.784615599999999,21.700936299999999
20,20.066342599999999,20.319914499999999,20.895118499999999,21.9126829
20,20.191582499999999,20.811711200000001,22.045239899999999,24.012718799999998
20,20.3151346,21.2530383,23.006014499999999,25.673485899999999
20,20.2449124,21.006786399999999,22.477084099999999,24.768312099999999
20,20.152576100000001,20.664505999999999,21.7116048,23.418421599999999
20,20.1937471,20.819446599999999,22.0623197,24.042716599999999
20,20.059090999999999,20.2891054,20.818596800000002,21.7662768
20,26.1681153,35.462643900000003,47.099904600000002,60.699793499999998
20,20.111042399999999,20.5027154,21.3359126,22.736577799999999
20,26.198809099999998,35.5002712,47.134994300000002,60.725889000000002
20,20.322429,21.281329400000001,23.070126900000002,25.786666100000001
20,20.1510167,20.6581774,21.696608999999999,23.390933499999999
20,20.193165499999999,20.816847500000002,22.0556871,24.029959699999999
20,20.2173689,20.9063588,22.255479999999999,24.381692300000001
20,20.1706641,20.732891200000001,21.866910499999999,23.6956156
20,20.245673700000001,21.009411199999999,22.4825926,24.777556000000001
20,20.1943777,20.821333299999999,22.065702300000002,24.047591100000002
20,20.152167800000001,20.663216200000001,21.709029600000001,23.414242900000001
20,20.0286273,20.153858899999999,20.4693641,21.074542099999999
20,20.028662799999999,20.153985899999999,20.469643699999999,21.075039700000001
20,20.832921899999999,22.914391299999998,26.349725200000002,31.125554900000001
20,20.6709219,22.418486399999999,25.385738799999999,29.594134499999999
20,21.092753699999999,23.6753596,27.785057800000001,33.357620099999998
20,20.3126271,21.247113500000001,22.997130299999998,25.662526400000001
20,26.156527799999999,35.446472800000002,47.079493200000002,60.674244100000003
20,26.171175600000002,35.465662600000002,47.101489200000003,60.698755800000001
20,21.551116499999999,24.952765200000002,30.114499899999998,36.894197499999997
20,20.471306599999998,21.781722500000001,24.1109504,27.5248007
20,20.0718067,20.3427173,20.9510191,22.018580100000001
20,20.104918300000001,20.478107600000001,21.277408300000001,22.628472500000001
20,20.247487499999998,21.015441500000001,22.495186400000001,24.798751599999999
20,20.192696699999999,20.816511899999998,22.056809300000001,24.0340025
20,20.314295999999999,21.250702499999999,23.001655,25.666666500000002
20,20.245212500000001,21.0082083,22.480673800000002,24.7750612
20,21.190110900000001,23.950329499999999,28.291768099999999,34.133090299999999
20,20.0287571,20.154295399999999,20.470291799999998,21.076185299999999
20,20.653966499999999,22.367259499999999,25.2866666,29.436995100000001
20,20.075975799999998,20.359918700000001,20.9928405,22.097315800000001
20,21.345842900000001,24.375514599999999,29.061968199999999,35.299323000000001
20,20.172168500000002,20.7384761,21.879480300000001,23.717930599999999
20,20.3135735,21.249310999999999,23.000476200000001,25.666854499999999
20,20.401264300000001,21.5488559,23.630819299999999,26.728497099999998
20,20.4204179,21.611671399999999,23.759334299999999,26.940724500000002
20,20.3644964,21.4232494,23.366851,26.284642900000001
20,21.745468200000001,25.464905300000002,31.017529100000001,38.2349301
20,20.100627899999999,20.460703599999999,21.235751799999999,22.551126199999999
20,20.091010900000001,20.4221042,21.143964,22.381360399999998
20,20.028452900000001,20.153248699999999,20.468140300000002,21.072696400000002
20,20.028548700000002,20.1535783,20.468814900000002,21.073784
20,20.0613314,20.298618000000001,20.842230199999999,21.811522400000001
20,26.206447099999998,35.510411099999999,47.149024099999998,60.745614199999999
20,20.400335399999999,21.545681900000002,23.6239928,26.716787
20,20.3995383,21.5439042,23.621227699999999,26.713010499999999
20,20.111916300000001,20.506027499999998,21.343464900000001,22.750121499999999
20,20.028527,20.153465700000002,20.468398799999999,21.072600600000001
20,20.032657,20.173007699999999,20.521916000000001,21.184502699999999
20,20.028569000000001,20.153636800000001,20.4688412,21.073539499999999
20,20.028552000000001,20.1535805,20.468726400000001,21.073347999999999
20,21.9753522,26.0613299,32.056267400000003,39.762971700000001
20,20.093119399999999,20.430452800000001,21.163645800000001,22.417554299999999
20,26.167408600000002,35.462274700000002,47.101219499999999,60.704150599999998
20,26.157855000000001,35.448252099999998,47.082651900000002,60.679817300000003
20,20.9702281,23.325727700000002,27.135876799999998,32.358438499999998
20,21.3820123,24.478300399999998,29.249041399999999,35.582195499999997
20,20.058436799999999,20.286454800000001,20.8121972,21.754243299999999
20,20.245467699999999,21.009235400000001,22.483003,24.779157999999999
20,20.3131761,21.248071199999998,22.997734600000001,25.661888000000001
20,20.063359899999998,20.307399100000001,20.864312399999999,21.854130600000001
20,26.1907441,35.489616900000001,47.125260099999998,60.719429099999999
20,20.153511099999999,20.667835799999999,21.718908299999999,23.431179799999999
20,20.219169699999998,20.912384299999999,22.268303,24.4036817
20,20.2454103,21.008195400000002,22.479672999999998,24.772258900000001
20,20.826520299999999,22.892255299999999,26.304842499999999,31.0530118
20,26.198136600000002,35.511293600000002,47.1736948,60.808570799999998
20,23.982625299999999,30.852409600000001,39.988420499999997,51.046747699999997
20,26.197114899999999,35.503988399999997,47.154497399999997,60.771410899999999
20,26.178902799999999,35.479087999999997,47.123911700000001,60.734387499999997
20,21.606839399999998,25.091268400000001,30.352721500000001,37.243281199999998
20,20.659557299999999,22.380490900000002,25.3091747,29.470209100000002
20,20.563466099999999,22.077533500000001,24.706584700000001,28.496321699999999
20,20.903765799999999,23.124747599999999,26.750587500000002,31.7536132
20,20.6001479,22.197591899999999,24.950013800000001,28.894248399999999
20,20.247830400000002,21.016165000000001,22.496166599999999,24.799834000000001
20,21.048045299999998,23.547551200000001,27.5486088,32.9950677
20,20.363742599999998,21.421538099999999,23.364084299999998,26.2807435
20,20.074053299999999,20.351746200000001,20.972613800000001,22.058802499999999
20,20.0939634,20.433758300000001,21.171378799999999,22.4316979
20,20.5226902,21.949273300000002,24.4517062,28.084277
20,20.452888999999999,21.7208392,23.986696800000001,27.320540900000001
20,21.775898300000001,25.541360000000001,31.148498499999999,38.425648700000004
20,20.371259999999999,21.4499131,23.4270791,26.390183
20,20.399056000000002,21.542079300000001,23.6171632,26.705922000000001
20,20.028569099999999,20.153657200000001,20.468967800000001,21.073965900000001
20,22.5733101,27.5618005,34.615751500000002,43.4755678
20,26.1972281,35.4957329,47.126328700000002,60.710979399999999
20,26.1954365,35.493586100000002,47.124731099999998,60.710632099999998
20,22.406620799999999,27.143245499999999,33.904527799999997,42.447709400000001
20,22.844898799999999,28.2198989,35.713976000000002,45.045355499999999
20,21.728941599999999,25.4218674,30.942067300000001,38.123214400000002
20,21.778973199999999,25.5515957,31.168845999999998,38.457926299999997
20,20.028576099999999,20.153669900000001,20.4690133,21.074151400000002
20,20.0286607,20.1539389,20.4693872,21.074211500000001
20,20.028534499999999,20.1535312,20.468683500000001,21.0734417
20,20.028582400000001,20.153690300000001,20.468966399999999,21.0737694
20,20.028610799999999,20.153788899999999,20.469161499999998,21.074055900000001
20,20.2856755,21.150820800000002,22.7881787,25.302910900000001
20,20.058920499999999,20.2884973,20.817292999999999,21.764067600000001
20,20.0931639,20.4304816,21.1634742,22.416929400000001
20,26.1981134,35.499110799999997,47.134420200000001,60.726573100000003
20,20.056691300000001,20.278816500000001,20.792847200000001,21.716705099999999
20,20.246764599999999,21.013334199999999,22.4912508,24.7927018
20,20.0323502,20.1716455,20.5183836,21.177457700000001
20,20.510472700000001,21.911349900000001,24.376607700000001,27.962966900000001
20,20.0928106,20.429147700000001,21.160445299999999,22.411516299999999
20,20.230973200000001,20.955543299999999,22.363601899999999,24.569982400000001
20,26.173063899999999,35.469966399999997,47.110143999999998,60.713992400000002
20,23.090829599999999,28.803417499999998,36.675790200000002,46.408945000000003
20,26.169394499999999,35.463521499999999,47.100093999999999,60.698965899999997
20,22.625062799999998,27.690229299999999,34.832736500000003,43.788237299999999
20,20.028551199999999,20.153549099999999,20.468569200000001,21.072874500000001
20,20.028639600000002,20.153877600000001,20.469324799999999,21.074290999999999
20,20.032097100000001,20.170459600000001,20.5151842,21.170884600000001
20,20.0285428,20.153544199999999,20.4686494,21.073233900000002
20,26.1700011,35.464774800000001,47.101467,60.700105800000003
20,22.589695299999999,27.602767199999999,34.684609600000002,43.574188499999998
20,20.244889799999999,21.006699399999999,22.476931700000002,24.768108699999999
20,20.0745629,20.3541384,20.978869700000001,22.0711233
20,20.028536200000001,20.153487599999998,20.468426300000001,21.072622200000001
20,20.032163499999999,20.170770699999998,20.516032200000001,21.172647699999999
20,20.0285686,20.153621600000001,20.468779000000001,21.073382200000001
20,20.028589700000001,20.153707000000001,20.468991599999999,21.0738086
20,20.0924823,20.428027100000001,21.158082199999999,22.4075311
20,20.079192899999999,20.3735195,21.0263551,22.160906799999999
20,20.6466137,22.343242700000001,25.238686900000001,29.359608099999999
20,20.0323265,20.171561700000002,20.518209800000001,21.177180199999999
20,20.516415200000001,21.925506800000001,24.4003345,27.997329100000002
20,20.646648500000001,22.3431797,25.237817499999998,29.357238299999999
20,20.028535600000001,20.1534947,20.4684563,21.072691800000001
20,20.034032400000001,20.179273500000001,20.538459199999998,21.217914400000002
20,20.0285844,20.1536972,20.468986999999998,21.073824399999999
20,20.028559900000001,20.153606400000001,20.468779000000001,21.073437299999998
20,26.1734762,35.466134599999997,47.094618699999998,60.678961600000001
20,26.198277399999998,35.499354199999999,47.133301099999997,60.722960700000002
20,20.192449400000001,20.813913299999999,22.048800100000001,24.017483599999998
20,20.056895399999998,20.279873599999998,20.795815000000001,21.722861200000001
20,20.048447700000001,20.243350100000001,20.703776099999999,21.544637600000001
20,20.0285963,20.1536802,20.4687953,21.073180199999999
20,20.031358999999998,20.166968399999998,20.505716799999998,21.151371399999999
20,20.028605899999999,20.153742999999999,20.469019599999999,21.073769800000001
20,20.028725999999999,20.154160000000001,20.469890199999998,21.075212100000002
20,20.0614834,20.299216000000001,20.8435895,21.8139155
20,22.6070621,27.643085299999999,34.751069800000003,43.668753000000002
20,21.7160777,25.385729600000001,30.875593200000001,38.021802399999999
20,20.4108144,21.581662000000001,23.699703700000001,26.844038699999999
20,20.512285200000001,21.9169181,24.387616600000001,27.980772399999999
20,26.176646399999999,35.471074000000002,47.102924700000003,60.692680000000003
20,26.197316300000001,35.508991999999999,47.171371399999998,60.807174699999997
20,26.200218,35.506017100000001,47.154746000000003,60.769082099999999
20,24.315059600000001,31.584955300000001,41.1470834,52.646426499999997
20,26.186237599999998,35.488992400000001,47.137668400000003,60.753828300000002
20,20.844431799999999,22.945184999999999,26.4056198,31.210957100000002
20,26.194798800000001,35.506375900000002,47.167865900000002,60.802027699999996
20,26.199415399999999,35.505666099999999,47.154613900000001,60.769051500000003
20,24.018268899999999,30.932956099999998,40.117592500000001,51.226556000000002
20,26.182730400000001,35.483916499999999,47.128971499999999,60.739274199999997
20,20.032167900000001,20.170792299999999,20.516091200000002,21.1727715
20,21.021159099999998,23.468914600000002,27.400183200000001,32.764157599999997
20,20.119101300000001,20.534268699999998,21.4094835,22.8705666
20,20.071441700000001,20.341345100000002,20.947878200000002,22.012898400000001
20,20.028552099999999,20.1535346,20.468508499999999,21.072735699999999
20,20.028576900000001,20.153638000000001,20.468789699999999,21.0733675
20,20.028590999999999,20.153705800000001,20.468979300000001,21.073775999999999
20,20.031511299999998,20.167709800000001,20.507775299999999,21.155694700000002
20,26.196105599999999,35.508057600000001,47.170152799999997,60.805177
20,24.345755499999999,31.647415500000001,41.241971100000001,52.774176400000002
20,26.2007665,35.508078099999999,47.159052099999997,60.7765129
20,26.180959099999999,35.481228299999998,47.126097299999998,60.736607499999998
20,26.200377,35.502293399999999,47.139539999999997,60.734907
20,26.163444200000001,35.452111600000002,47.079071800000001,60.662955400000001
20,26.205167599999999,35.507382800000002,47.1425123,60.733533600000001
20,20.507644599999999,21.900924700000001,24.354608500000001,27.926354799999999
20,20.6469463,22.344782500000001,25.241946599999999,29.3649357
20,26.2033916,35.517598700000001,47.180338800000001,60.815267599999999
20,26.1942986,35.4986946,47.145901700000003,60.7582424
20,26.185281499999999,35.488691099999997,47.137402600000001,60.753116300000002
20,24.0167565,30.9313164,40.115794600000001,51.224682700000002
20,20.0285619,20.153632399999999,20.468918200000001,21.0738904
20,20.1176125,20.529028,21.398201100000001,22.8512068
20,20.170017900000001,20.730745800000001,21.862470600000002,23.688179099999999
20,26.1992297,35.511827799999999,47.174250399999998,60.8094964
20,26.192781,35.497350599999997,47.145626700000001,60.759854500000003
20,24.175643900000001,31.283372100000001,40.674228999999997,51.996991800000004
20,24.020463700000001,30.935326499999999,40.119585700000002,51.227718699999997
20,20.028546599999999,20.153538000000001,20.468553499999999,21.072855300000001
20,20.032648900000002,20.1729901,20.521896600000002,21.184494300000001
20,20.0285385,20.153537499999999,20.4686533,21.073272800000002
20,20.028640299999999,20.153889400000001,20.469362700000001,21.074366900000001
20,20.1062121,20.483118900000001,21.289037400000002,22.6496131
20,20.196194299999998,20.827161,22.077687900000001,24.067655800000001
20,20.0285741,20.1536294,20.4687348,21.0731395
20,20.032620300000001,20.1728767,20.521639400000002,21.184046200000001
20,20.028579100000002,20.153672400000001,20.468914699999999,21.073657600000001
20,20.028595899999999,20.1537328,20.469038900000001,21.073847799999999
20,26.200634699999998,35.500754700000002,47.132542399999998,60.7183925
20,22.617736499999999,27.659842099999999,34.773694300000002,43.6973992
20,22.4404097,27.228178,34.049419999999998,42.657856899999999
20,23.650303699999998,30.112712500000001,38.811552399999997,49.415267200000002
20,20.1957053,20.8255923,22.074493400000001,24.062355400000001
20,26.198073900000001,35.509641700000003,47.171714600000001,60.8070722
20,26.1948395,35.497793899999998,47.143573500000002,60.754221299999998
20,26.1876216,35.490627199999999,47.139376599999999,60.755536599999999
20,24.314500299999999,31.584703399999999,41.147545200000003,52.6479237
20,26.199697100000002,35.512135399999998,47.174920700000001,60.810961900000002
20,24.338127700000001,31.636740799999998,41.229409599999997,52.760384999999999
20,24.3777303,31.714906200000001,41.346740400000002,52.9170333
20,26.1890593,35.493336999999997,47.143924599999998,60.7625502
20,20.032067600000001,20.170356699999999,20.514974299999999,21.170555400000001
20,20.056185599999999,20.276633499999999,20.787353199999998,21.7060812
20,23.643147599999999,30.103218099999999,38.800895400000002,49.403912499999997
20,20.034366899999998,20.180765900000001,20.5423519,21.225717700000001
20,20.028487599999998,20.153315899999999,20.468067600000001,21.072037699999999
20,20.034096999999999,20.179527799999999,20.539059600000002,21.219029800000001
20,20.028582199999999,20.153673000000001,20.468899799999999,21.073614899999999
20,20.031261099999998,20.166637999999999,20.505052899999999,21.150325200000001
20,20.151277,20.659496099999998,21.700031599999999,23.3974896
20,23.624898600000002,30.0577319,38.725040200000002,49.296008899999997
20,26.1895588,35.4879392,47.122925299999999,60.716191500000001
20,20.122790599999998,20.5493612,21.445648599999998,22.937613899999999
20,20.123610599999999,20.552546700000001,21.453075699999999,22.951164500000001
20,26.173960999999998,35.469713300000002,47.106797299999997,60.705663600000001
20,20.040953500000001,20.210455499999998,20.619830700000001,21.380320300000001
20,20.0441383,20.2245448,20.656019100000002,21.451537900000002
20,20.117329600000001,20.5276119,21.394402100000001,22.843651399999999
20,20.028518099999999,20.153449800000001,20.4684448,21.072899100000001
20,20.171892199999998,20.7382493,21.879995600000001,23.719928500000002
20,26.2064749,35.521622100000002,47.184964399999998,60.820450200000003
20,26.199794799999999,35.5057604,47.152997200000001,60.764509500000003
20,23.612066800000001,30.0419853,38.708441499999999,49.279544100000003
20,26.194772,35.501134899999997,47.151479500000001,60.7684462
20,21.706533700000001,25.356718300000001,30.822456200000001,37.941775300000003
20,26.2017548,35.503660099999998,47.139598599999999,60.732468099999998
20,20.057001700000001,20.280168,20.796257300000001,21.723300399999999
20,20.031254499999999,20.166551800000001,20.504705600000001,21.149431400000001
20,20.040847599999999,20.210005599999999,20.618695899999999,21.3781021
20,20.034331000000002,20.1806515,20.542131900000001,21.225382100000001
20,24.354663299999999,31.6585313,41.253503199999997,52.785118300000001
20,26.198523900000001,35.510350199999998,47.172158099999997,60.806896100000003
20,26.195607899999999,35.499001700000001,47.1449493,60.755661199999999
20,24.3165929,31.587399300000001,41.150382999999998,52.650690900000001
20,26.1911314,35.495535500000003,47.144876600000003,60.761280200000002
20,23.989553999999998,30.860722200000001,39.996607500000003,51.053905999999998
20,20.0328093,20.173470500000001,20.522768500000002,21.185756999999999
20,20.031811399999999,20.169156300000001,20.5117346,21.163895199999999
20,20.028603400000001,20.153768100000001,20.469183699999999,21.074303100000002
20,20.0285531,20.153600600000001,20.468859500000001,21.073823999999998
20,20.656098199999999,22.373737299999998,25.29936,29.457379
20,21.079009800000001,23.6355264,27.711200999999999,33.244433399999998
20,26.197478499999999,35.502096600000002,47.149334600000003,60.761577899999999
20,22.0198109,26.178946799999999,32.262754399999999,40.067921900000002
20,26.202604300000001,35.508312500000002,47.1547816,60.765006999999997
20,21.7726978,25.535428599999999,31.140241499999998,38.415239200000002
20,20.0286042,20.153772400000001,20.469234100000001,21.0745249
20,26.2007747,35.513949599999997,47.176000299999998,60.810401200000001
20,23.708893100000001,30.248207600000001,39.031269600000002,49.723503999999998
20,26.1926317,35.4964996,47.142570800000001,60.753269299999999
20,26.183204199999999,35.484900099999997,47.131891500000002,60.745590399999998
20,20.1249748,20.5573947,21.4637241,22.969828100000001
20,20.1333813,20.5900353,21.539313799999999,23.106750600000002
20,26.178220700000001,35.4722121,47.101829799999997,60.687497100000002
20,20.1733194,20.743137600000001,21.890465500000001,23.737939099999998
20,26.1914534,35.489976800000001,47.124141299999998,60.7157658
20,20.028532800000001,20.1535245,20.468688700000001,21.073519900000001
20,20.035958699999998,20.187971600000001,20.5612292,21.263533800000001
20,20.0286738,20.153985599999999,20.469483400000001,21.074363300000002
20,20.028530400000001,20.153521999999999,20.468674700000001,21.073445899999999
20,20.028641499999999,20.153896400000001,20.469383100000002,21.074409599999999
20,20.0285844,20.153704000000001,20.469010300000001,21.073869899999998
20,26.191261000000001,35.501838200000002,47.162782800000002,60.796531999999999
20,26.192784799999998,35.4966601,47.143663400000001,60.755938999999998
20,24.018689299999998,30.9334208,40.117988500000003,51.226903299999996
20,26.180236900000001,35.4820335,47.129707199999999,60.744469100000003
20,22.424504899999999,27.191040300000001,33.988426699999998,42.571409600000003
20,20.150182399999998,20.6552823,21.690394099999999,23.380241600000002
20,21.048638199999999,23.549015700000002,27.550639100000001,32.997334899999998
20,20.164524100000001,20.709530600000001,21.813737400000001,23.600638799999999
20,21.9011976,25.8695065,31.723798599999999,39.275690900000001
20,20.028554700000001,20.153559900000001,20.468587400000001,21.072897600000001
20,20.028556099999999,20.153592499999998,20.468760700000001,21.073447600000002
20,20.0286863,20.154036999999999,20.469640200000001,21.0747678
20,20.033315000000002,20.176004500000001,20.529829100000001,21.200492199999999
20,20.0287045,20.154077699999998,20.469649799999999,21.074604000000001
20,20.028625600000002,20.1538343,20.469245999999998,21.074183600000001
20,20.028626800000001,20.153844200000002,20.469292599999999,21.0743303
20,20.028566300000001,20.153635699999999,20.4688962,21.073801100000001
20,20.590047899999998,22.166013599999999,24.8875241,28.7935397
20,20.152531100000001,20.664414699999998,21.711517400000002,23.418409199999999
20,20.7242517,22.582741899999998,25.707174899999998,30.107582699999998
20,20.032232100000002,20.1711001,20.5169362,21.174530600000001
20,23.628666299999999,30.0601904,38.725029399999997,49.292929200000003
20,20.035918899999999,20.187829199999999,20.560929900000001,21.263045000000002
20,23.686491700000001,30.1982678,38.9516566,49.612727700000001
20,20.118041099999999,20.530155600000001,21.399941399999999,22.853247499999998
20,24.017185999999999,30.929606100000001,40.112257399999997,51.219232099999999
20,22.031048999999999,26.208815600000001,32.315123399999997,40.145106300000002
20,20.028569900000001,20.1536507,20.4689798,21.074107900000001
20,20.032241599999999,20.171140000000001,20.517029999999998,21.1746965
20,24.017293599999999,30.929599899999999,40.112101500000001,51.218918500000001
20,20.028530100000001,20.153466699999999,20.468384400000001,21.0725579
20,20.028603199999999,20.153739300000002,20.4690124,21.073735500000002
20,20.0285969,20.153728300000001,20.469028999999999,21.0738582
20,20.0319298,20.169700299999999,20.513193399999999,21.166889300000001
20,20.028567599999999,20.153636500000001,20.4689099,21.073878000000001
20,20.042850600000001,20.218857799999999,20.641430100000001,21.422855500000001
20,20.0332568,20.175794100000001,20.529384100000001,21.1997635
20,20.118876100000001,20.533321399999998,21.4072955,22.866706700000002
20,26.203692100000001,35.506508199999999,47.143775300000001,60.738552900000002
20,20.032587299999999,20.1727691,20.521432300000001,21.1837385
20,26.210473799999999,35.526525800000002,47.189996000000001,60.825175999999999
20,20.0484075,20.243235599999998,20.703578700000001,21.5443684
20,23.988596699999999,30.8633691,40.004589699999997,51.068159600000001
20,20.153579499999999,20.668128899999999,21.7195927,23.432386399999999
20,20.028541799999999,20.1535139,20.468491199999999,21.072740100000001
20,20.028560200000001,20.153606700000001,20.4687862,21.073475699999999
20,20.0286218,20.1538188,20.469206100000001,21.074099
20,20.0318665,20.169347800000001,20.5121298,21.164532399999999
20,20.028558100000001,20.1535683,20.468599699999999,21.072911699999999
20,20.0340393,20.1793248,20.5386402,21.2183569
20,26.205370899999998,35.519852200000003,47.182934099999997,60.8182969
20,20.028481599999999,20.153289999999998,20.468006500000001,21.071929999999998
20,21.768571900000001,25.518741500000001,31.106571200000001,38.362015599999999
20,24.525307099999999,32.025850800000001,41.827653699999999,53.572162300000002
20,20.028624700000002,20.153770600000001,20.468968400000001,21.073442499999999
20,20.0287519,20.154245100000001,20.470058999999999,21.075479099999999
20,20.0286142,20.153722599999998,20.468849899999999,21.073225499999999
20,20.0328278,20.1735279,20.5228757,21.185915699999999
20,20.054214099999999,20.268078299999999,20.765786500000001,21.664360299999998
20,26.204102299999999,35.505073099999997,47.1371842,60.723193700000003
20,20.823543399999998,22.884892799999999,26.292156899999998,31.034275399999999
20,20.028537499999999,20.153503400000002,20.468478999999999,21.072736299999999
20,26.2073784,35.521408000000001,47.184377400000002,60.819834200000003
20,20.028536599999999,20.153500099999999,20.4684709,21.072717799999999
20,20.031938400000001,20.169740399999998,20.5132963,21.167091299999999
20,20.0285042,20.153381199999998,20.4682149,21.0722922
20,20.0284625,20.1532275,20.467884999999999,21.0717453
20,26.205673399999998,35.5203293,47.183590600000002,60.819250400000001
20,26.1973865,35.503913599999997,47.153924099999998,60.7702241
20,26.206185399999999,35.520791299999999,47.1837345,60.8188168
20,23.609749900000001,30.036171800000002,38.699189799999999,49.266863399999998
20,20.028552000000001,20.153554499999998,20.468583899999999,21.072900499999999
20,26.197204800000002,35.5088048,47.171163999999997,60.806860100000002
20,24.181386400000001,31.2902168,40.681293400000001,52.003755900000002
20,26.2093034,35.524328599999997,47.188072400000003,60.824220199999999
20,26.179248399999999,35.478479399999998,47.123114600000001,60.733827099999999
20,20.028536599999999,20.153504699999999,20.468487700000001,21.072756099999999
20,26.196027000000001,35.507342000000001,47.168742600000002,60.803024999999998
20,26.187608000000001,35.4912201,47.140158800000002,60.756292500000001
20,26.200764499999998,35.506271499999997,47.153181199999999,60.764410599999998
20,23.980491700000002,30.8531595,39.993760899999998,51.057499300000003
20,26.199068700000002,35.511084199999999,47.173549000000001,60.809241999999998
20,24.338381300000002,31.636648000000001,41.228931500000002,52.759394200000003
20,26.2072103,35.521713200000001,47.185451200000003,60.8219493
20,26.198333699999999,35.502523400000001,47.147823299999999,60.756838000000002
20,26.2080962,35.523001100000002,47.186140199999997,60.821401399999999
20,26.207186100000001,35.521912,47.185232599999999,60.820827299999998
20,26.211613400000001,35.528344500000003,47.192468099999999,60.828363799999998
20,26.203940899999999,35.517367399999998,47.179943399999999,60.815158699999998
20,23.690983599999999,30.2042374,38.9583905,49.619881100000001
20,20.028516400000001,20.153424999999999,20.4683095,21.072453400000001
20,20.0312667,20.166589699999999,20.504777900000001,21.149541899999999
20,26.208842600000001,35.5239239,47.187919200000003,60.824523900000003
20,24.325866300000001,31.598574299999999,41.1615076,52.660625600000003
20,26.1925022,35.496964599999998,47.144871899999998,60.758552700000003
20,26.205085499999999,35.518624099999997,47.182001900000003,60.818565499999998
20,20.0285522,20.153541400000002,20.468535800000002,21.0727999
20,26.210907899999999,35.526799699999998,47.1901127,60.825060700000002
20,20.028529800000001,20.153463299999999,20.468375099999999,21.072541399999999
20,20.0285291,20.153453899999999,20.468340699999999,21.072463299999999
20,20.0285458,20.153526899999999,20.468516099999999,21.072777800000001
20,26.203119000000001,35.516103899999997,47.179363799999997,60.815790700000001
20,24.3710466,31.706709799999999,41.338560999999999,52.909785999999997
20,26.1941524,35.499511900000002,47.1506927,60.769671799999998
20,26.196365199999999,35.501129400000003,47.1501047,60.765401699999998
20,26.205985099999999,35.520066999999997,47.183641999999999,60.820006200000002
20,24.504458700000001,31.999184499999998,41.798936099999999,53.543227299999998
20,20.028563500000001,20.153588299999999,20.4686418,21.072977300000002
20,20.028569300000001,20.1535844,20.4685965,21.072862199999999
20,20.028641400000001,20.153851400000001,20.4692124,21.074026700000001
20,20.0315783,20.167932499999999,20.5082187,21.1563911
20,26.209263199999999,35.524936400000001,47.1892037,60.8258571
