0,0,0
0.0025000000000000001,0,0
0.0025000000000000001,0.001,0
0,0.001,0
0,0,0.00050000000000000001
0.0025000000000000001,0,0.00050000000000000001
0.0025000000000000001,0.001,0.00050000000000000001
0,0.001,0.00050000000000000001
0.0050000000000000001,0,0
0.0050000000000000001,0.001,0
0.0050000000000000001,0,0.00050000000000000001
0.0050000000000000001,0.001,0.00050000000000000001
0.0074999999999999997,0,0
0.0074999999999999997,0.001,0
0.0074999999999999997,0,0.00050000000000000001
0.0074999999999999997,0.001,0.00050000000000000001
0.01,0,0
0.01,0.001,0
0.01,0,0.00050000000000000001
0.01,0.001,0.00050000000000000001
0.0044999999999999997,0.0060000000000000001,0
0.003375,0.0060000000000000001,0
0.00340355,0.0052314900000000001,0
0.00453806,0.0058086600000000002,0
0.0044999999999999997,0.0060000000000000001,0.00050000000000000001
0.003375,0.0060000000000000001,0.00050000000000000001
0.00340355,0.0052314900000000001,0.00050000000000000001
0.00453806,0.0058086600000000002,0.00050000000000000001
0.0022499999999999998,0.0060000000000000001,0
0.00226903,0.0046543299999999999,0
0.0022499999999999998,0.0060000000000000001,0.00050000000000000001
0.00226903,0.0046543299999999999,0.00050000000000000001
0.0011249999999999999,0.0060000000000000001,0
0.00113452,0.0040771599999999998,0
0.0011249999999999999,0.0060000000000000001,0.00050000000000000001
0.00113452,0.0040771599999999998,0.00050000000000000001
0,0.0060000000000000001,0
0,0.0035000000000000001,0
0,0.0060000000000000001,0.00050000000000000001
0,0.0035000000000000001,0.00050000000000000001
0.00348483,0.0044848300000000004,0
0.0046464499999999999,0.0056464499999999999,0
0.00348483,0.0044848300000000004,0.00050000000000000001
0.0046464499999999999,0.0056464499999999999,0.00050000000000000001
0.00232322,0.00332322,0
0.00232322,0.00332322,0.00050000000000000001
0.00116161,0.00216161,0
0.00116161,0.00216161,0.00050000000000000001
0.0042314900000000001,0.00440355,0
0.0048086600000000002,0.00553806,0
0.0042314900000000001,0.00440355,0.00050000000000000001
0.0048086600000000002,0.00553806,0.00050000000000000001
0.0036543299999999999,0.00326903,0
0.0036543299999999999,0.00326903,0.00050000000000000001
0.0030771599999999998,0.00213452,0
0.0030771599999999998,0.00213452,0.00050000000000000001
0.0050000000000000001,0.0043750000000000004,0
0.0050000000000000001,0.0054999999999999997,0
0.0050000000000000001,0.0043750000000000004,0.00050000000000000001
0.0050000000000000001,0.0054999999999999997,0.00050000000000000001
0.0050000000000000001,0.0032499999999999999,0
0.0050000000000000001,0.0032499999999999999,0.00050000000000000001
0.0050000000000000001,0.0021250000000000002,0
0.0050000000000000001,0.0021250000000000002,0.00050000000000000001
0.0057685100000000001,0.00440355,0
0.00519134,0.00553806,0
0.0057685100000000001,0.00440355,0.00050000000000000001
0.00519134,0.00553806,0.00050000000000000001
0.0063456700000000003,0.00326903,0
0.0063456700000000003,0.00326903,0.00050000000000000001
0.0069228400000000004,0.00213452,0
0.0069228400000000004,0.00213452,0.00050000000000000001
0.0065151699999999998,0.0044848300000000004,0
0.0053535500000000003,0.0056464499999999999,0
0.0065151699999999998,0.0044848300000000004,0.00050000000000000001
0.0053535500000000003,0.0056464499999999999,0.00050000000000000001
0.0076767800000000002,0.00332322,0
0.0076767800000000002,0.00332322,0.00050000000000000001
0.0088383899999999998,0.00216161,0
0.0088383899999999998,0.00216161,0.00050000000000000001
0.0065964500000000002,0.0052314900000000001,0
0.0054619400000000002,0.0058086600000000002,0
0.0065964500000000002,0.0052314900000000001,0.00050000000000000001
0.0054619400000000002,0.0058086600000000002,0.00050000000000000001
0.0077309700000000002,0.0046543299999999999,0
0.0077309700000000002,0.0046543299999999999,0.00050000000000000001
0.0088654800000000002,0.0040771599999999998,0
0.0088654800000000002,0.0040771599999999998,0.00050000000000000001
0.01,0.0035000000000000001,0
0.01,0.0035000000000000001,0.00050000000000000001
0.0066249999999999998,0.0060000000000000001,0
0.0054999999999999997,0.0060000000000000001,0
0.0066249999999999998,0.0060000000000000001,0.00050000000000000001
0.0054999999999999997,0.0060000000000000001,0.00050000000000000001
0.0077499999999999999,0.0060000000000000001,0
0.0077499999999999999,0.0060000000000000001,0.00050000000000000001
0.0088749999999999992,0.0060000000000000001,0
0.0088749999999999992,0.0060000000000000001,0.00050000000000000001
0.01,0.0060000000000000001,0
0.01,0.0060000000000000001,0.00050000000000000001
0.00453806,0.00619134,0
0.00340355,0.0067685100000000002,0
0.00453806,0.00619134,0.00050000000000000001
0.00340355,0.0067685100000000002,0.00050000000000000001
0.00226903,0.0073456700000000003,0
0.00226903,0.0073456700000000003,0.00050000000000000001
0.00113452,0.0079228400000000004,0
0.00113452,0.0079228400000000004,0.00050000000000000001
0,0.0085000000000000006,0
0,0.0085000000000000006,0.00050000000000000001
0.0046464499999999999,0.0063535500000000003,0
0.00348483,0.0075151699999999998,0
0.0046464499999999999,0.0063535500000000003,0.00050000000000000001
0.00348483,0.0075151699999999998,0.00050000000000000001
0.00232322,0.0086767800000000003,0
0.00232322,0.0086767800000000003,0.00050000000000000001
0.00116161,0.0098383900000000007,0
0.00116161,0.0098383900000000007,0.00050000000000000001
0,0.010999999999999999,0
0,0.010999999999999999,0.00050000000000000001
0.0048086600000000002,0.0064619400000000002,0
0.0042314900000000001,0.0075964500000000003,0
0.0048086600000000002,0.0064619400000000002,0.00050000000000000001
0.0042314900000000001,0.0075964500000000003,0.00050000000000000001
0.0036543299999999999,0.0087309699999999994,0
0.0036543299999999999,0.0087309699999999994,0.00050000000000000001
0.0030771599999999998,0.0098654799999999994,0
0.0030771599999999998,0.0098654799999999994,0.00050000000000000001
0.0025000000000000001,0.010999999999999999,0
0.0025000000000000001,0.010999999999999999,0.00050000000000000001
0.0050000000000000001,0.0064999999999999997,0
0.0050000000000000001,0.0076249999999999998,0
0.0050000000000000001,0.0064999999999999997,0.00050000000000000001
0.0050000000000000001,0.0076249999999999998,0.00050000000000000001
0.0050000000000000001,0.0087500000000000008,0
0.0050000000000000001,0.0087500000000000008,0.00050000000000000001
0.0050000000000000001,0.0098750000000000001,0
0.0050000000000000001,0.0098750000000000001,0.00050000000000000001
0.0050000000000000001,0.010999999999999999,0
0.0050000000000000001,0.010999999999999999,0.00050000000000000001
0.0065964500000000002,0.0067685100000000002,0
0.0054619400000000002,0.00619134,0
0.0065964500000000002,0.0067685100000000002,0.00050000000000000001
0.0054619400000000002,0.00619134,0.00050000000000000001
0.0077309700000000002,0.0073456700000000003,0
0.0077309700000000002,0.0073456700000000003,0.00050000000000000001
0.0088654800000000002,0.0079228400000000004,0
0.0088654800000000002,0.0079228400000000004,0.00050000000000000001
0.01,0.0085000000000000006,0
0.01,0.0085000000000000006,0.00050000000000000001
0.0065151699999999998,0.0075151699999999998,0
0.0053535500000000003,0.0063535500000000003,0
0.0065151699999999998,0.0075151699999999998,0.00050000000000000001
0.0053535500000000003,0.0063535500000000003,0.00050000000000000001
0.0076767800000000002,0.0086767800000000003,0
0.0076767800000000002,0.0086767800000000003,0.00050000000000000001
0.0088383899999999998,0.0098383900000000007,0
0.0088383899999999998,0.0098383900000000007,0.00050000000000000001
0.01,0.010999999999999999,0
0.01,0.010999999999999999,0.00050000000000000001
0.0057685100000000001,0.0075964500000000003,0
0.00519134,0.0064619400000000002,0
0.0057685100000000001,0.0075964500000000003,0.00050000000000000001
0.00519134,0.0064619400000000002,0.00050000000000000001
0.0063456700000000003,0.0087309699999999994,0
0.0063456700000000003,0.0087309699999999994,0.00050000000000000001
0.0069228400000000004,0.0098654799999999994,0
0.0069228400000000004,0.0098654799999999994,0.00050000000000000001
0.0074999999999999997,0.010999999999999999,0
0.0074999999999999997,0.010999999999999999,0.00050000000000000001
0.0025000000000000001,0.012,0
0,0.012,0
0.0025000000000000001,0.012,0.00050000000000000001
0,0.012,0.00050000000000000001
0.0050000000000000001,0.012,0
0.0050000000000000001,0.012,0.00050000000000000001
0.0074999999999999997,0.012,0
0.0074999999999999997,0.012,0.00050000000000000001
0.01,0.012,0
0.01,0.012,0.00050000000000000001
